-- phpMyAdmin SQL Dump
-- version 4.9.5
-- https://www.phpmyadmin.net/
--
-- Host: localhost:3306
-- Generation Time: May 24, 2021 at 06:12 PM
-- Server version: 10.3.29-MariaDB
-- PHP Version: 7.3.28

SET SQL_MODE = "NO_AUTO_VALUE_ON_ZERO";
SET AUTOCOMMIT = 0;
START TRANSACTION;
SET time_zone = "+00:00";


/*!40101 SET @OLD_CHARACTER_SET_CLIENT=@@CHARACTER_SET_CLIENT */;
/*!40101 SET @OLD_CHARACTER_SET_RESULTS=@@CHARACTER_SET_RESULTS */;
/*!40101 SET @OLD_COLLATION_CONNECTION=@@COLLATION_CONNECTION */;
/*!40101 SET NAMES utf8mb4 */;

--
-- Database: `ranaentp_khaadim`
--

-- --------------------------------------------------------

--
-- Table structure for table `brand_details`
--

CREATE TABLE `brand_details` (
  `brand_id` int(11) NOT NULL,
  `type` int(11) NOT NULL,
  `brand_name` text COLLATE utf8_unicode_ci NOT NULL,
  `item_code` text COLLATE utf8_unicode_ci NOT NULL,
  `img` text COLLATE utf8_unicode_ci NOT NULL,
  `itemname` text COLLATE utf8_unicode_ci NOT NULL,
  `price` text COLLATE utf8_unicode_ci NOT NULL,
  `date` date NOT NULL,
  `category` int(3) NOT NULL,
  `Model` int(11) DEFAULT 0,
  `itemstatus` text COLLATE utf8_unicode_ci NOT NULL,
  `is_general` enum('0','1') COLLATE utf8_unicode_ci NOT NULL DEFAULT '0' COMMENT '0=Not General,1=General'
) ENGINE=MyISAM DEFAULT CHARSET=utf8 COLLATE=utf8_unicode_ci;

--
-- Dumping data for table `brand_details`
--

INSERT INTO `brand_details` (`brand_id`, `type`, `brand_name`, `item_code`, `img`, `itemname`, `price`, `date`, `category`, `Model`, `itemstatus`, `is_general`) VALUES
(1, 1, 'TOTAL', '', 'uploads/chevron_left.jpg', 'TOTAL 5000 Kms', '', '0000-00-00', 1, 0, 'Active', '0'),
(3, 3, 'TOTAL', '', 'uploads/Total2.png', 'TOTAL 10000 Kms', '', '0000-00-00', 1, 0, 'Active', '0'),
(79, 2, 'Lubxpress-Cast', '', 'uploads/castrol10w40test.jpg', 'Lubxpress-Cast 7000 Kms', '', '0000-00-00', 1, 0, 'Active', '0'),
(80, 3, 'Lubxpress-Cast', '', 'uploads/Castrol5w301.jpg', 'Lubxpress-Cast 10000 Kms', '', '0000-00-00', 1, 0, 'Active', '0'),
(78, 1, 'Lubxpress-Cast', '', 'uploads/Castrol20w501.jpg', 'Lubxpress-Cast 5000 Kms', '', '0000-00-00', 1, 0, 'Active', '0'),
(77, 4, 'Lubxpress-Cast', '', 'uploads/Castrol0w401.jpg', 'Lubxpress-Cast 20000 Kms', '', '0000-00-00', 1, 0, 'Active', '0'),
(76, 3, 'Lubxpress-Tot', '', 'uploads/total5W301.jpg', 'Lubxpress-Tot 10000 Kms', '', '0000-00-00', 1, 0, 'Active', '0'),
(11, 3, 'ADNOC', '', 'uploads/adnoc_small2.png', 'ADNOC 10000 Kms', '', '0000-00-00', 1, 0, 'Active', '0'),
(98, 1, '', '', '', 'Fusion air filter', '', '0000-00-00', 4, 280, 'Active', '0'),
(83, 2, 'Lubxpress-Tot', '', 'uploads/total10w40test.jpg', 'Lubxpress-Tot 7000 Kms', '', '0000-00-00', 1, 0, 'Active', '0'),
(84, 3, 'Lubxpress-Petro', '', 'uploads/petromin5w301.jpg', 'Lubxpress-Petro 10000 Kms', '', '0000-00-00', 1, 0, 'Active', '0'),
(85, 4, 'Lubxpress-Tot', '', 'uploads/total0w401.jpg', 'Lubxpress-Tot 20000 Kms', '', '0000-00-00', 1, 0, 'Active', '0'),
(86, 1, 'Lubxpress-Tot', '', 'uploads/total20w501.jpg', 'Lubxpress-Tot 5000 Kms', '', '0000-00-00', 1, 0, 'Active', '0'),
(87, 2, 'Lubxpress-Petro', '', 'uploads/petromin_10w40test.jpg', 'Lubxpress-Petro 7000 Kms', '', '0000-00-00', 1, 0, 'Active', '0'),
(88, 3, 'Lubxpress-Castrol', '', 'uploads/castrol160.jpg', 'Lubxpress-Castrol 10000 Kms', '', '0000-00-00', 1, 0, 'Active', '0'),
(89, 4, 'Lubxpress-Petro', '', 'uploads/petromin0w401.jpg', 'Lubxpress-Petro 20000 Kms', '', '0000-00-00', 1, 0, 'Active', '0'),
(90, 1, 'Lubxpress-Petro', '', 'uploads/petromin20w501.jpg', 'Lubxpress-Petro 5000 Kms', '', '0000-00-00', 1, 0, 'Active', '0'),
(91, 2, 'Lubxpress-Castrol', '', 'uploads/castrol140.jpg', 'Lubxpress-Castrol 7000 Kms', '', '0000-00-00', 1, 0, 'Active', '0'),
(92, 3, 'Lubxpress-Total', '', 'uploads/total140.jpg', 'Lubxpress-Total 10000 Kms', '', '0000-00-00', 1, 0, 'Active', '0'),
(93, 4, 'Lubxpress-Castrol', '', 'uploads/castrol340.jpg', 'Lubxpress-Castrol 20000 Kms', '', '0000-00-00', 1, 0, 'Active', '0'),
(29, 1, 'PETROMIN', '', 'uploads/Petromin.png', 'PETROMIN 5000 Kms', '', '0000-00-00', 1, 0, 'Active', '0'),
(31, 3, 'PETROMIN', '', 'uploads/Petromin2.png', 'PETROMIN 10000 Kms', '', '0000-00-00', 1, 0, 'Active', '0'),
(108, 1, '', '', '', 'LS Oil filter', '', '0000-00-00', 2, 484, 'Active', '0'),
(107, 1, '', '', '', 'Sorento Oil filter', '', '0000-00-00', 2, 446, 'Active', '0'),
(106, 1, '', '', '', 'M-Class Oil Filter', '', '0000-00-00', 2, 589, 'Active', '0'),
(105, 1, '', '', '', 'Yaris Oil Filter', '', '0000-00-00', 2, 829, 'Active', '0'),
(40, 1, '', '', '', 'FREE Car Sanitizer (worth AED 60)', '', '0000-00-00', 3, 0, 'Active', '1'),
(74, 1, 'Lubxpress-Castrol', '', 'uploads/castrol110.jpg', 'Lubxpress-Castrol 5000 Kms', '', '0000-00-00', 1, 0, 'Active', '0'),
(75, 2, 'Lubxpress-Total', '', 'uploads/total110.jpg', 'Lubxpress-Total 7000 Kms', '', '0000-00-00', 1, 0, 'Active', '0'),
(82, 1, 'Lubxpress-Total', '', 'uploads/total90.jpg', 'Lubxpress-Total 5000 Kms', '', '0000-00-00', 1, 0, 'Active', '0'),
(110, 1, '', '', '', 'Rio Oil Filter', '', '0000-00-00', 2, 445, 'Active', '0'),
(111, 1, '', '', '', 'Lancer Oil filter', '', '0000-00-00', 2, 640, 'Active', '0'),
(109, 1, '', '', '', 'Rio Oil Filter', '', '0000-00-00', 2, 444, 'Active', '0'),
(81, 4, 'Lubxpress-Total', '', 'uploads/total290.jpg', 'Lubxpress-Total 20000 Kms', '', '0000-00-00', 1, 0, 'Active', '0'),
(44, 1, '', '', '', 'Sportage OIl filter', '', '0000-00-00', 2, 448, 'Active', '0'),
(94, 1, 'Lubxpress-Petromin', '', 'uploads/petromin80.jpg', 'Lubxpress-Petromin 5000 Kms', '', '0000-00-00', 1, 0, 'Active', '0'),
(95, 2, 'Lubxpress-Petromin', '', 'uploads/petromin1002.jpg', 'Lubxpress-Petromin 7000 Kms', '', '0000-00-00', 1, 0, 'Active', '0'),
(96, 3, 'Lubxpress-Petromin', '', 'uploads/petromin110.jpg', 'Lubxpress-Petromin 10000 Kms', '', '0000-00-00', 1, 0, 'Active', '0'),
(97, 4, 'Lubxpress-Petromin', '', 'uploads/petromin250.jpg', 'Lubxpress-Petromin 20000 Kms', '', '0000-00-00', 1, 0, 'Active', '0'),
(99, 1, '', '', '', 'X-Trail Air Filter', '', '0000-00-00', 4, 681, 'Active', '0'),
(100, 1, '', '', '', 'Edge Oil Filter', '', '0000-00-00', 2, 266, 'Active', '0'),
(101, 1, '', '', '', '3-Series Oil Filter', '', '0000-00-00', 2, 79, 'Active', '0'),
(102, 1, '', '', '', 'CLK-Oil Filter', '', '0000-00-00', 2, 562, 'Active', '0'),
(103, 1, '', '', '', 'Corolla Oil Filter', '', '0000-00-00', 2, 808, 'Active', '0'),
(104, 1, '', '', '', 'Yaris Oil filter', '', '0000-00-00', 2, 828, 'Active', '0'),
(112, 1, '', '', '', 'Lancer Oil Filter', '', '0000-00-00', 2, 641, 'Active', '0'),
(113, 1, '', '', '', 'Lancer Oil Filter', '', '0000-00-00', 2, 642, 'Active', '0'),
(114, 1, '', '', '', 'Lancer Oil Filter', '', '0000-00-00', 2, 643, 'Active', '0'),
(115, 1, '', '', '', 'Genesis Oil filter', '', '0000-00-00', 2, 356, 'Active', '0'),
(116, 1, '', '', '', 'Duster Oil Filter', '', '0000-00-00', 2, 743, 'Active', '0'),
(117, 1, '', '', '', '5-Series Oil Filter', '', '0000-00-00', 2, 85, 'Active', '0'),
(118, 1, '', '', '', 'Altima Oil Filter', '', '0000-00-00', 2, 659, 'Active', '0'),
(119, 1, '', '', '', 'Pajero Oil Filter', '', '0000-00-00', 2, 649, 'Active', '0'),
(120, 1, '', '', '', 'Pathfinder Oil Filter', '', '0000-00-00', 2, 670, 'Active', '0'),
(121, 1, '', '', '', 'Dunrango Oil filter', '', '0000-00-00', 2, 228, 'Active', '0'),
(122, 1, '', '', '', 'Mazda Oil Filter', '', '0000-00-00', 2, 526, 'Active', '0'),
(123, 1, '', '', '', 'Maxima Oil Filter', '', '0000-00-00', 2, 666, 'Active', '0'),
(124, 1, '', '', '', 'Escape Oil Filter', '', '0000-00-00', 2, 267, 'Active', '0'),
(125, 1, '', '', '', 'C-Class Oil Filter', '', '0000-00-00', 2, 556, 'Active', '0'),
(126, 1, '', '', '', 'X-Trail Oil Filter', '', '0000-00-00', 2, 681, 'Active', '0'),
(127, 1, '', '', '', 'Sentra Oil Filter', '', '0000-00-00', 2, 677, 'Active', '0'),
(128, 1, '', '', '', 'Pilot Oil Filter', '', '0000-00-00', 2, 341, 'Active', '0'),
(129, 1, '', '', '', 'LX Oil Filter', '', '0000-00-00', 2, 485, 'Active', '0'),
(130, 1, '', '', '', 'Sunny Oil Filter', '', '0000-00-00', 2, 678, 'Active', '0'),
(131, 1, '', '', '', 'Q7 Oil Filter', '', '0000-00-00', 2, 46, 'Active', '0'),
(132, 1, '', '', '', 'Tiida Oil Filter', '', '0000-00-00', 2, 679, 'Active', '0'),
(133, 1, '', '', '', 'Golf Oil Filter', '', '0000-00-00', 2, 836, 'Active', '0'),
(134, 1, '', '', '', 'GTI Oil Filter', '', '0000-00-00', 2, 837, 'Active', '0'),
(135, 1, '', '', '', 'Golf Oil Filter', '', '0000-00-00', 2, 838, 'Active', '0'),
(136, 1, '', '', '', 'Golf Oil Filter', '', '0000-00-00', 2, 839, 'Active', '0'),
(137, 1, '', '', '', 'Golf Oil Filter', '', '0000-00-00', 2, 840, 'Active', '0'),
(138, 1, '', '', '', 'Accord Oil Filter', '', '0000-00-00', 2, 327, 'Active', '0'),
(139, 1, '', '', '', 'Tundra Oil filter', '', '0000-00-00', 2, 826, 'Active', '0'),
(140, 1, '', '', '', 'Cherokee oil filter', '', '0000-00-00', 2, 422, 'Active', '0'),
(141, 1, '', '', '', 'Cherokee oil filter', '', '0000-00-00', 2, 425, 'Active', '0'),
(142, 1, '', '', '', 'Cherokee oil filter', '', '0000-00-00', 2, 426, 'Active', '0'),
(143, 1, '', '', '', 'Malibu Oil filter', '', '0000-00-00', 2, 178, 'Active', '0'),
(144, 1, '', '', '', 'Voyager Oil filter', '', '0000-00-00', 2, 195, 'Active', '0'),
(145, 1, '', '', '', 'Passat Oil filter', '', '0000-00-00', 2, 843, 'Active', '0'),
(146, 1, '', '', '', 'Passat CC oil filter', '', '0000-00-00', 2, 844, 'Active', '0'),
(147, 1, '', '', '', 'ES oil filter', '', '0000-00-00', 2, 476, 'Active', '0'),
(148, 1, '', '', '', 'Civic oil filter', '', '0000-00-00', 2, 331, 'Active', '0'),
(149, 1, '', '', '', 'Civic oil filter', '', '0000-00-00', 2, 332, 'Active', '0'),
(150, 1, '', '', '', 'Cruze oil filter', '', '0000-00-00', 2, 171, 'Active', '0'),
(151, 1, '', '', '', 'Mustang oil filter', '', '0000-00-00', 2, 283, 'Active', '0'),
(152, 1, '', '', '', 'Mustang oil filter', '', '0000-00-00', 2, 284, 'Active', '0'),
(153, 1, '', '', '', 'Land cruiser oil filter', '', '0000-00-00', 2, 814, 'Active', '0'),
(154, 1, '', '', '', 'Land cruiser oil filter', '', '0000-00-00', 2, 815, 'Active', '0'),
(155, 1, '', '', '', 'Land cruiser oil filter', '', '0000-00-00', 2, 816, 'Active', '0'),
(156, 1, '', '', '', 'Land cruiser oil filter', '', '0000-00-00', 2, 817, 'Active', '0'),
(157, 1, '', '', '', 'Land cruiser oil filter', '', '0000-00-00', 2, 818, 'Active', '0'),
(158, 1, '', '', '', '3 Sedan oil filter', '', '0000-00-00', 2, 525, 'Active', '0'),
(159, 1, '', '', '', 'Juke Oil filter', '', '0000-00-00', 2, 663, 'Active', '0'),
(160, 1, '', '', '', 'Acura MDX Oil Filter', '', '0000-00-00', 2, 1, 'Active', '0'),
(161, 1, '', '', '', 'Acura TLX Oil Filter', '', '0000-00-00', 2, 2, 'Active', '0'),
(162, 1, '', '', '', 'Alfa Romeo 147 Oil Filter', '', '0000-00-00', 2, 3, 'Active', '0'),
(163, 1, '', '', '', 'Alfa Romeo 156 Oil Filter', '', '0000-00-00', 2, 4, 'Active', '0'),
(164, 1, '', '', '', 'Alfa Romeo 159 Oil Filter', '', '0000-00-00', 2, 5, 'Active', '0'),
(165, 1, '', '', '', 'Alfa Romeo 166 Oil Filter', '', '0000-00-00', 2, 6, 'Active', '0'),
(166, 1, '', '', '', 'Alfa Romeo 4C Oil Filter', '', '0000-00-00', 2, 7, 'Active', '0'),
(167, 1, '', '', '', 'Alfa Romeo Brera Oil Filter', '', '0000-00-00', 2, 8, 'Active', '0'),
(168, 1, '', '', '', 'Alfa Romeo Giulia Oil Filter', '', '0000-00-00', 2, 9, 'Active', '0'),
(169, 1, '', '', '', 'Alfa Romeo Giulia QV Oil Filter', '', '0000-00-00', 2, 10, 'Active', '0'),
(170, 1, '', '', '', 'Alfa Romeo Giulietta Oil Filter', '', '0000-00-00', 2, 11, 'Active', '0'),
(171, 1, '', '', '', 'Alfa Romeo Giulietta QV Oil Filter', '', '0000-00-00', 2, 12, 'Active', '0'),
(172, 1, '', '', '', 'Alfa Romeo GT Coupe Oil Filter', '', '0000-00-00', 2, 13, 'Active', '0'),
(173, 1, '', '', '', 'Alfa Romeo Mito Oil Filter', '', '0000-00-00', 2, 14, 'Active', '0'),
(174, 1, '', '', '', 'Alfa Romeo Spider Oil Filter', '', '0000-00-00', 2, 15, 'Active', '0'),
(175, 1, '', '', '', 'Alfa Romeo Stelvo Oil Filter', '', '0000-00-00', 2, 16, 'Active', '0'),
(176, 1, '', '', '', 'Alfa Romeo Stelvo QV Oil Filter', '', '0000-00-00', 2, 17, 'Active', '0'),
(177, 1, '', '', '', 'Aston Martin DB11 Oil Filter', '', '0000-00-00', 2, 18, 'Active', '0'),
(178, 1, '', '', '', 'Aston Martin DB11 Volante Oil Filter', '', '0000-00-00', 2, 19, 'Active', '0'),
(179, 1, '', '', '', 'Aston Martin DB7 Oil Filter', '', '0000-00-00', 2, 20, 'Active', '0'),
(180, 1, '', '', '', 'Aston Martin DB9 Oil Filter', '', '0000-00-00', 2, 21, 'Active', '0'),
(181, 1, '', '', '', 'Aston Martin DB9 Volante Oil Filter', '', '0000-00-00', 2, 22, 'Active', '0'),
(182, 1, '', '', '', 'Aston Martin DBS Oil Filter', '', '0000-00-00', 2, 23, 'Active', '0'),
(183, 1, '', '', '', 'Aston Martin One-77 Oil Filter', '', '0000-00-00', 2, 24, 'Active', '0'),
(184, 1, '', '', '', 'Aston Martin Rapide Oil Filter', '', '0000-00-00', 2, 25, 'Active', '0'),
(185, 1, '', '', '', 'Aston Martin V12 Vantage Oil Filter', '', '0000-00-00', 2, 26, 'Active', '0'),
(186, 1, '', '', '', 'Aston Martin V12 Vantage Roadster Oil Filter', '', '0000-00-00', 2, 27, 'Active', '0'),
(187, 1, '', '', '', 'Aston Martin V8 Vintage Oil Filter', '', '0000-00-00', 2, 28, 'Active', '0'),
(188, 1, '', '', '', 'Aston Martin V8 Vintage Roadster Oil Filter', '', '0000-00-00', 2, 29, 'Active', '0'),
(189, 1, '', '', '', 'Aston Martin Vanquish Oil Filter', '', '0000-00-00', 2, 30, 'Active', '0'),
(190, 1, '', '', '', 'Aston Martin Vanquish Volante Oil Filter', '', '0000-00-00', 2, 31, 'Active', '0'),
(191, 1, '', '', '', 'Aston Martin Zagato Oil Filter', '', '0000-00-00', 2, 32, 'Active', '0'),
(192, 1, '', '', '', 'Audi A1 Oil Filter', '', '0000-00-00', 2, 33, 'Active', '0'),
(193, 1, '', '', '', 'Audi A3 Oil Filter', '', '0000-00-00', 2, 34, 'Active', '0'),
(194, 1, '', '', '', 'Audi A3 Sedan Oil Filter', '', '0000-00-00', 2, 35, 'Active', '0'),
(195, 1, '', '', '', 'Audi A4 Oil Filter', '', '0000-00-00', 2, 36, 'Active', '0'),
(196, 1, '', '', '', 'Audi A5 Cabriolet Oil Filter', '', '0000-00-00', 2, 37, 'Active', '0'),
(197, 1, '', '', '', 'Audi A5 Coupe Oil Filter', '', '0000-00-00', 2, 38, 'Active', '0'),
(198, 1, '', '', '', 'Audi A5 Sportback Oil Filter', '', '0000-00-00', 2, 39, 'Active', '0'),
(199, 1, '', '', '', 'Audi A6 Oil Filter', '', '0000-00-00', 2, 40, 'Active', '0'),
(200, 1, '', '', '', 'Audi A7 Oil Filter', '', '0000-00-00', 2, 41, 'Active', '0'),
(201, 1, '', '', '', 'Audi A8 Oil Filter', '', '0000-00-00', 2, 42, 'Active', '0'),
(202, 1, '', '', '', 'Audi Q2 Oil Filter', '', '0000-00-00', 2, 43, 'Active', '0'),
(203, 1, '', '', '', 'Audi Q3 Oil Filter', '', '0000-00-00', 2, 44, 'Active', '0'),
(204, 1, '', '', '', 'Audi Q5 Oil Filter', '', '0000-00-00', 2, 45, 'Active', '0'),
(205, 1, '', '', '', 'Audi Q7 Oil Filter', '', '0000-00-00', 2, 46, 'Active', '0'),
(206, 1, '', '', '', 'Audi Q8 Oil Filter', '', '0000-00-00', 2, 47, 'Active', '0'),
(207, 1, '', '', '', 'Audi R8 Oil Filter', '', '0000-00-00', 2, 48, 'Active', '0'),
(208, 1, '', '', '', 'Audi R8 Spider Oil Filter', '', '0000-00-00', 2, 49, 'Active', '0'),
(209, 1, '', '', '', 'Audi RS 3 Oil Filter', '', '0000-00-00', 2, 50, 'Active', '0'),
(210, 1, '', '', '', 'Audi RS 3 Sedan Oil Filter', '', '0000-00-00', 2, 51, 'Active', '0'),
(211, 1, '', '', '', 'Audi RS 4 Oil Filter', '', '0000-00-00', 2, 52, 'Active', '0'),
(212, 1, '', '', '', 'Audi RS 5 Oil Filter', '', '0000-00-00', 2, 53, 'Active', '0'),
(213, 1, '', '', '', 'Audi RS 6  Oil Filter', '', '0000-00-00', 2, 54, 'Active', '0'),
(214, 1, '', '', '', 'Audi RS 7 Oil Filter', '', '0000-00-00', 2, 55, 'Active', '0'),
(215, 1, '', '', '', 'Audi RS Q3 Oil Filter', '', '0000-00-00', 2, 56, 'Active', '0'),
(216, 1, '', '', '', 'Audi S Q5 Oil Filter', '', '0000-00-00', 2, 57, 'Active', '0'),
(217, 1, '', '', '', 'Audi S3 Oil Filter', '', '0000-00-00', 2, 58, 'Active', '0'),
(218, 1, '', '', '', 'Audi S5 Oil Filter', '', '0000-00-00', 2, 59, 'Active', '0'),
(219, 1, '', '', '', 'Audi S6 Oil Filter', '', '0000-00-00', 2, 60, 'Active', '0'),
(220, 1, '', '', '', 'Audi S7 Oil Filter', '', '0000-00-00', 2, 61, 'Active', '0'),
(221, 1, '', '', '', 'Audi S8 Oil Filter', '', '0000-00-00', 2, 62, 'Active', '0'),
(222, 1, '', '', '', 'Audi TT Oil Filter', '', '0000-00-00', 2, 63, 'Active', '0'),
(223, 1, '', '', '', 'BAIC A1 Hatchback Oil Filter', '', '0000-00-00', 2, 64, 'Active', '0'),
(224, 1, '', '', '', 'BAIC A1 Sedan Oil Filter', '', '0000-00-00', 2, 65, 'Active', '0'),
(225, 1, '', '', '', 'BAIC A5 Sedan Oil Filter', '', '0000-00-00', 2, 66, 'Active', '0'),
(226, 1, '', '', '', 'Bentley Arnage Oil Filter', '', '0000-00-00', 2, 67, 'Active', '0'),
(227, 1, '', '', '', 'Bentley Azure Oil Filter', '', '0000-00-00', 2, 68, 'Active', '0'),
(228, 1, '', '', '', 'Bentley Bentayga Oil Filter', '', '0000-00-00', 2, 69, 'Active', '0'),
(229, 1, '', '', '', 'Bentley Brooklands Oil Filter', '', '0000-00-00', 2, 70, 'Active', '0'),
(230, 1, '', '', '', 'Bentley Continental Oil Filter', '', '0000-00-00', 2, 71, 'Active', '0'),
(231, 1, '', '', '', 'Bentley Continental Flying Spur Oil Filter', '', '0000-00-00', 2, 72, 'Active', '0'),
(232, 1, '', '', '', 'Bentley Continental GT Oil Filter', '', '0000-00-00', 2, 73, 'Active', '0'),
(233, 1, '', '', '', 'Bentley Continental GTC Oil Filter', '', '0000-00-00', 2, 74, 'Active', '0'),
(234, 1, '', '', '', 'Bentley Flying Spur Oil Filter', '', '0000-00-00', 2, 75, 'Active', '0'),
(235, 1, '', '', '', 'Bentley Mulsanne Oil Filter', '', '0000-00-00', 2, 76, 'Active', '0'),
(236, 1, '', '', '', 'BMW 1-Series Oil Filter', '', '0000-00-00', 2, 77, 'Active', '0'),
(237, 1, '', '', '', 'BMW 2- Series Oil Filter', '', '0000-00-00', 2, 78, 'Active', '0'),
(238, 1, '', '', '', 'BMW 3-Series Oil Filter', '', '0000-00-00', 2, 79, 'Active', '0'),
(239, 1, '', '', '', 'BMW 3-Series Convertible Oil Filter', '', '0000-00-00', 2, 80, 'Active', '0'),
(240, 1, '', '', '', 'BMW 3-Series Coupe Oil Filter', '', '0000-00-00', 2, 81, 'Active', '0'),
(241, 1, '', '', '', 'BMW 4-Series Oil Filter', '', '0000-00-00', 2, 82, 'Active', '0'),
(242, 1, '', '', '', 'BMW 4-Series Convertabile Oil Filter', '', '0000-00-00', 2, 83, 'Active', '0'),
(243, 1, '', '', '', 'BMW 4-Series Gran Coupe Oil Filter', '', '0000-00-00', 2, 84, 'Active', '0'),
(244, 1, '', '', '', 'BMW 5-Series Oil Filter', '', '0000-00-00', 2, 85, 'Active', '0'),
(245, 1, '', '', '', 'BMW 5-Series GT Oil Filter', '', '0000-00-00', 2, 86, 'Active', '0'),
(246, 1, '', '', '', 'BMW 6-Series Cabriolet Oil Filter', '', '0000-00-00', 2, 87, 'Active', '0'),
(247, 1, '', '', '', 'BMW 6-Series Coupe Oil Filter', '', '0000-00-00', 2, 88, 'Active', '0'),
(248, 1, '', '', '', 'BMW 6-Series Gran Coupe Oil Filter', '', '0000-00-00', 2, 89, 'Active', '0'),
(249, 1, '', '', '', 'BMW 6-Series Gran Turismo Oil Filter', '', '0000-00-00', 2, 90, 'Active', '0'),
(250, 1, '', '', '', 'BMW 7-Series Oil Filter', '', '0000-00-00', 2, 91, 'Active', '0'),
(251, 1, '', '', '', 'BMW 8-Series Oil Filter', '', '0000-00-00', 2, 92, 'Active', '0'),
(252, 1, '', '', '', 'BMW i8 Oil Filter', '', '0000-00-00', 2, 93, 'Active', '0'),
(253, 1, '', '', '', 'BMW M2 Oil Filter', '', '0000-00-00', 2, 94, 'Active', '0'),
(254, 1, '', '', '', 'BMW M3 Oil Filter', '', '0000-00-00', 2, 95, 'Active', '0'),
(255, 1, '', '', '', 'BMW M3 Convertible Oil Filter', '', '0000-00-00', 2, 96, 'Active', '0'),
(256, 1, '', '', '', 'BMW M3 Coupe Oil Filter', '', '0000-00-00', 2, 97, 'Active', '0'),
(257, 1, '', '', '', 'BMW M4 Oil Filter', '', '0000-00-00', 2, 98, 'Active', '0'),
(258, 1, '', '', '', 'BMW M4 Convertible  Oil Filter', '', '0000-00-00', 2, 99, 'Active', '0'),
(259, 1, '', '', '', 'BMW M5 Oil Filter', '', '0000-00-00', 2, 100, 'Active', '0'),
(260, 1, '', '', '', 'BMW M6 Cabriolet Oil Filter', '', '0000-00-00', 2, 101, 'Active', '0'),
(261, 1, '', '', '', 'BMW M6 Coupe Oil Filter', '', '0000-00-00', 2, 102, 'Active', '0'),
(262, 1, '', '', '', 'BMW M6 Gran Coupe Oil Filter', '', '0000-00-00', 2, 103, 'Active', '0'),
(263, 1, '', '', '', 'BMW X1 Oil Filter', '', '0000-00-00', 2, 104, 'Active', '0'),
(264, 1, '', '', '', 'BMW X2 Oil Filter', '', '0000-00-00', 2, 105, 'Active', '0'),
(265, 1, '', '', '', 'BMW X3 Oil Filter', '', '0000-00-00', 2, 106, 'Active', '0'),
(266, 1, '', '', '', 'BMW X4 Oil Filter', '', '0000-00-00', 2, 107, 'Active', '0'),
(267, 1, '', '', '', 'BMW X5 Oil Filter', '', '0000-00-00', 2, 108, 'Active', '0'),
(268, 1, '', '', '', 'BMW X6 Oil Filter', '', '0000-00-00', 2, 109, 'Active', '0'),
(269, 1, '', '', '', 'BMW X6 M Oil Filter', '', '0000-00-00', 2, 110, 'Active', '0'),
(270, 1, '', '', '', 'BMW X7 Oil Filter', '', '0000-00-00', 2, 111, 'Active', '0'),
(271, 1, '', '', '', 'BMW Z4 Oil Filter', '', '0000-00-00', 2, 112, 'Active', '0'),
(272, 1, '', '', '', 'Borgward BX5 Oil Filter', '', '0000-00-00', 2, 113, 'Active', '0'),
(273, 1, '', '', '', 'Borgward BX7 Oil Filter', '', '0000-00-00', 2, 114, 'Active', '0'),
(274, 1, '', '', '', 'Brilliance FRV Oil Filter', '', '0000-00-00', 2, 115, 'Active', '0'),
(275, 1, '', '', '', 'Brilliance FRV Cross Oil Filter', '', '0000-00-00', 2, 116, 'Active', '0'),
(276, 1, '', '', '', 'Brilliance FSV Oil Filter', '', '0000-00-00', 2, 117, 'Active', '0'),
(277, 1, '', '', '', 'Brilliance H530 Oil Filter', '', '0000-00-00', 2, 118, 'Active', '0'),
(278, 1, '', '', '', 'Brilliance V5 Oil Filter', '', '0000-00-00', 2, 119, 'Active', '0'),
(279, 1, '', '', '', 'Bugatti Chiron Oil Filter', '', '0000-00-00', 2, 120, 'Active', '0'),
(280, 1, '', '', '', 'Bugatti Veyron Oil Filter', '', '0000-00-00', 2, 121, 'Active', '0'),
(281, 1, '', '', '', 'BYD F3 Oil Filter', '', '0000-00-00', 2, 122, 'Active', '0'),
(282, 1, '', '', '', 'BYD F6 Oil Filter', '', '0000-00-00', 2, 123, 'Active', '0'),
(283, 1, '', '', '', 'BYD S6 Oil Filter', '', '0000-00-00', 2, 124, 'Active', '0'),
(284, 1, '', '', '', 'Cadillac ATS Oil Filter', '', '0000-00-00', 2, 125, 'Active', '0'),
(285, 1, '', '', '', 'Cadillac ATS Coupe Oil Filter', '', '0000-00-00', 2, 126, 'Active', '0'),
(286, 1, '', '', '', 'Cadillac ATS-V Oil Filter', '', '0000-00-00', 2, 127, 'Active', '0'),
(287, 1, '', '', '', 'Cadillac ATS-V Coupe Oil Filter', '', '0000-00-00', 2, 128, 'Active', '0'),
(288, 1, '', '', '', 'Cadillac BLS Oil Filter', '', '0000-00-00', 2, 129, 'Active', '0'),
(289, 1, '', '', '', 'Cadillac CT6 Oil Filter', '', '0000-00-00', 2, 130, 'Active', '0'),
(290, 1, '', '', '', 'Cadillac CTS Oil Filter', '', '0000-00-00', 2, 131, 'Active', '0'),
(291, 1, '', '', '', 'Cadillac CTS Coupe Oil Filter', '', '0000-00-00', 2, 132, 'Active', '0'),
(292, 1, '', '', '', 'Cadillac CTS-V Oil Filter', '', '0000-00-00', 2, 133, 'Active', '0'),
(293, 1, '', '', '', 'Cadillac CTS-V Coupe Oil Filter', '', '0000-00-00', 2, 134, 'Active', '0'),
(294, 1, '', '', '', 'Cadillac DTS Oil Filter', '', '0000-00-00', 2, 135, 'Active', '0'),
(295, 1, '', '', '', 'Cadillac Escalade Oil Filter', '', '0000-00-00', 2, 136, 'Active', '0'),
(296, 1, '', '', '', 'Cadillac SLS Oil Filter', '', '0000-00-00', 2, 137, 'Active', '0'),
(297, 1, '', '', '', 'Cadillac SRX Oil Filter', '', '0000-00-00', 2, 138, 'Active', '0'),
(298, 1, '', '', '', 'Cadillac STS Oil Filter', '', '0000-00-00', 2, 139, 'Active', '0'),
(299, 1, '', '', '', 'Cadillac XLR Oil Filter', '', '0000-00-00', 2, 140, 'Active', '0'),
(300, 1, '', '', '', 'Cadillac XT5 Oil Filter', '', '0000-00-00', 2, 141, 'Active', '0'),
(301, 1, '', '', '', 'Cadillac XTS Oil Filter', '', '0000-00-00', 2, 142, 'Active', '0'),
(302, 1, '', '', '', 'Caterham Seven Oil Filter', '', '0000-00-00', 2, 143, 'Active', '0'),
(303, 1, '', '', '', 'Changan CS35 Oil Filter', '', '0000-00-00', 2, 144, 'Active', '0'),
(304, 1, '', '', '', 'Changan CS75 Oil Filter', '', '0000-00-00', 2, 145, 'Active', '0'),
(305, 1, '', '', '', 'Changan Eado Oil Filter', '', '0000-00-00', 2, 146, 'Active', '0'),
(306, 1, '', '', '', 'Chery A11 Windcloud Oil Filter', '', '0000-00-00', 2, 147, 'Active', '0'),
(307, 1, '', '', '', 'Chery Arrizo 3 Oil Filter', '', '0000-00-00', 2, 148, 'Active', '0'),
(308, 1, '', '', '', 'Chery Arrizo 5 Oil Filter', '', '0000-00-00', 2, 149, 'Active', '0'),
(309, 1, '', '', '', 'Chery Arrizo 7 Oil Filter', '', '0000-00-00', 2, 150, 'Active', '0'),
(310, 1, '', '', '', 'Chery B11 Oriental Son Oil Filter', '', '0000-00-00', 2, 151, 'Active', '0'),
(311, 1, '', '', '', 'Chery E5 Oil Filter', '', '0000-00-00', 2, 152, 'Active', '0'),
(312, 1, '', '', '', 'Chery E8 Oil Filter', '', '0000-00-00', 2, 153, 'Active', '0'),
(313, 1, '', '', '', 'Chery S11 QQ Oil Filter', '', '0000-00-00', 2, 154, 'Active', '0'),
(314, 1, '', '', '', 'Chery T11 Tiggo Oil Filter', '', '0000-00-00', 2, 155, 'Active', '0'),
(315, 1, '', '', '', 'Chery Tiggo 3 Oil Filter', '', '0000-00-00', 2, 156, 'Active', '0'),
(316, 1, '', '', '', 'Chery Tiggo 5 Oil Filter', '', '0000-00-00', 2, 157, 'Active', '0'),
(317, 1, '', '', '', 'Chery Tiggo 7 Oil Filter', '', '0000-00-00', 2, 158, 'Active', '0'),
(318, 1, '', '', '', 'Chery V5 Crossover Oil Filter', '', '0000-00-00', 2, 159, 'Active', '0'),
(319, 1, '', '', '', 'Chevrolet Astro Oil Filter', '', '0000-00-00', 2, 160, 'Active', '0'),
(320, 1, '', '', '', 'Chevrolet Avalanche Oil Filter', '', '0000-00-00', 2, 161, 'Active', '0'),
(321, 1, '', '', '', 'Chevrolet Aveo Oil Filter', '', '0000-00-00', 2, 162, 'Active', '0'),
(322, 1, '', '', '', 'Chevrolet Aveo Hatchback Oil Filter', '', '0000-00-00', 2, 163, 'Active', '0'),
(323, 1, '', '', '', 'Chevrolet Aveo 5 Oil Filter', '', '0000-00-00', 2, 164, 'Active', '0'),
(324, 1, '', '', '', 'Chevrolet Bolt Oil Filter', '', '0000-00-00', 2, 165, 'Active', '0'),
(325, 1, '', '', '', 'Chevrolet Camaro Oil Filter', '', '0000-00-00', 2, 166, 'Active', '0'),
(326, 1, '', '', '', 'Chevrolet Camaro Convertible Oil Filter', '', '0000-00-00', 2, 167, 'Active', '0'),
(327, 1, '', '', '', 'Chevrolet Caprice Oil Filter', '', '0000-00-00', 2, 168, 'Active', '0'),
(328, 1, '', '', '', 'Chevrolet Captiva Oil Filter', '', '0000-00-00', 2, 169, 'Active', '0'),
(329, 1, '', '', '', 'Chevrolet Colorado Oil Filter', '', '0000-00-00', 2, 170, 'Active', '0'),
(330, 1, '', '', '', 'Chevrolet Cruze Oil Filter', '', '0000-00-00', 2, 171, 'Active', '0'),
(331, 1, '', '', '', 'Chevrolet Cruse Hatchback Oil Filter', '', '0000-00-00', 2, 172, 'Active', '0'),
(332, 1, '', '', '', 'Chevrolet CSV CR8 Oil Filter', '', '0000-00-00', 2, 173, 'Active', '0'),
(333, 1, '', '', '', 'Chevrolet Epica  Oil Filter', '', '0000-00-00', 2, 174, 'Active', '0'),
(334, 1, '', '', '', 'Chevrolet Equinox Oil Filter', '', '0000-00-00', 2, 175, 'Active', '0'),
(335, 1, '', '', '', 'Chevrolet Impala Oil Filter', '', '0000-00-00', 2, 176, 'Active', '0'),
(336, 1, '', '', '', 'Chevrolet Lumina Oil Filter', '', '0000-00-00', 2, 177, 'Active', '0'),
(337, 1, '', '', '', 'Chevrolet Malibu Oil Filter', '', '0000-00-00', 2, 178, 'Active', '0'),
(338, 1, '', '', '', 'Chevrolet Optra Oil Filter', '', '0000-00-00', 2, 179, 'Active', '0'),
(339, 1, '', '', '', 'Chevrolet Silverado Oil Filter', '', '0000-00-00', 2, 180, 'Active', '0'),
(340, 1, '', '', '', 'Chevrolet Sonic Oil Filter', '', '0000-00-00', 2, 181, 'Active', '0'),
(341, 1, '', '', '', 'Chevrolet Sonic Hatchback Oil Filter', '', '0000-00-00', 2, 182, 'Active', '0'),
(342, 1, '', '', '', 'Chevrolet Spark Oil Filter', '', '0000-00-00', 2, 183, 'Active', '0'),
(343, 1, '', '', '', 'Chevrolet Suburban Oil Filter', '', '0000-00-00', 2, 184, 'Active', '0'),
(344, 1, '', '', '', 'Chevrolet T-Series Oil Filter', '', '0000-00-00', 2, 185, 'Active', '0'),
(345, 1, '', '', '', 'Chevrolet Tahoe Oil Filter', '', '0000-00-00', 2, 186, 'Active', '0'),
(346, 1, '', '', '', 'Chevrolet Trailblazer Oil Filter', '', '0000-00-00', 2, 187, 'Active', '0'),
(347, 1, '', '', '', 'Chevrolet Traverse Oil Filter', '', '0000-00-00', 2, 188, 'Active', '0'),
(348, 1, '', '', '', 'Chevrolet Trax Oil Filter', '', '0000-00-00', 2, 189, 'Active', '0'),
(349, 1, '', '', '', 'Chevrolet Uplander Oil Filter', '', '0000-00-00', 2, 190, 'Active', '0'),
(350, 1, '', '', '', 'Chrysler 200 Oil Filter', '', '0000-00-00', 2, 191, 'Active', '0'),
(351, 1, '', '', '', 'Chrysler 300 SRT Oil Filter', '', '0000-00-00', 2, 192, 'Active', '0'),
(352, 1, '', '', '', 'Chrysler 300C Oil Filter', '', '0000-00-00', 2, 193, 'Active', '0'),
(353, 1, '', '', '', 'Chrysler Crossfire Oil Filter', '', '0000-00-00', 2, 194, 'Active', '0'),
(354, 1, '', '', '', 'Chrysler Grand Voyager Oil Filter', '', '0000-00-00', 2, 195, 'Active', '0'),
(355, 1, '', '', '', 'Chrysler Pacifica Oil Filter', '', '0000-00-00', 2, 196, 'Active', '0'),
(356, 1, '', '', '', 'Chrysler PT Cruiser Oil Filter', '', '0000-00-00', 2, 197, 'Active', '0'),
(357, 1, '', '', '', 'Chrysler Sebring Oil Filter', '', '0000-00-00', 2, 198, 'Active', '0'),
(358, 1, '', '', '', 'Citroen C-Elysee Oil Filter', '', '0000-00-00', 2, 199, 'Active', '0'),
(359, 1, '', '', '', 'Citroen C2 Oil Filter', '', '0000-00-00', 2, 200, 'Active', '0'),
(360, 1, '', '', '', 'Citroen C3 Oil Filter', '', '0000-00-00', 2, 201, 'Active', '0'),
(361, 1, '', '', '', 'Citroen C4 Oil Filter', '', '0000-00-00', 2, 202, 'Active', '0'),
(362, 1, '', '', '', 'Citroen C4 Picasso Oil Filter', '', '0000-00-00', 2, 203, 'Active', '0'),
(363, 1, '', '', '', 'Citroen C5 Oil Filter', '', '0000-00-00', 2, 204, 'Active', '0'),
(364, 1, '', '', '', 'Citroen C8 Oil Filter', '', '0000-00-00', 2, 205, 'Active', '0'),
(365, 1, '', '', '', 'Citroen DS3 Oil Filter', '', '0000-00-00', 2, 206, 'Active', '0'),
(366, 1, '', '', '', 'Citroen DS4 Oil Filter', '', '0000-00-00', 2, 207, 'Active', '0'),
(367, 1, '', '', '', 'Citroen DS5 Oil Filter', '', '0000-00-00', 2, 208, 'Active', '0'),
(368, 1, '', '', '', 'Citroen Saxo Oil Filter', '', '0000-00-00', 2, 209, 'Active', '0'),
(369, 1, '', '', '', 'Citroen Xsara Picasso Oil Filter', '', '0000-00-00', 2, 210, 'Active', '0'),
(370, 1, '', '', '', 'CMC Z7 Oil Filter', '', '0000-00-00', 2, 211, 'Active', '0'),
(371, 1, '', '', '', 'Daihatsu Charade Oil Filter', '', '0000-00-00', 2, 212, 'Active', '0'),
(372, 1, '', '', '', 'Daihatsu Gran Max Pickup Oil Filter', '', '0000-00-00', 2, 213, 'Active', '0'),
(373, 1, '', '', '', 'Daihatsu Gran Max Van Oil Filter', '', '0000-00-00', 2, 214, 'Active', '0'),
(374, 1, '', '', '', 'Daihatsu Materia Oil Filter', '', '0000-00-00', 2, 215, 'Active', '0'),
(375, 1, '', '', '', 'Daihatsu Sirion Oil Filter', '', '0000-00-00', 2, 216, 'Active', '0'),
(376, 1, '', '', '', 'Daihatsu Terios Oil Filter', '', '0000-00-00', 2, 217, 'Active', '0'),
(377, 1, '', '', '', 'Daihatsu YRV Oil Filter', '', '0000-00-00', 2, 218, 'Active', '0'),
(378, 1, '', '', '', 'Datsun 280Z Oil Filter', '', '0000-00-00', 2, 219, 'Active', '0'),
(379, 1, '', '', '', 'Dodge Avenger Oil Filter', '', '0000-00-00', 2, 220, 'Active', '0'),
(380, 1, '', '', '', 'Dodge Caliber Oil Filter', '', '0000-00-00', 2, 221, 'Active', '0'),
(381, 1, '', '', '', 'Dodge Challenger Oil Filter', '', '0000-00-00', 2, 222, 'Active', '0'),
(382, 1, '', '', '', 'Dodge Challenger SRT Oil Filter', '', '0000-00-00', 2, 223, 'Active', '0'),
(383, 1, '', '', '', 'Dodge Charger Oil Filter', '', '0000-00-00', 2, 224, 'Active', '0'),
(384, 1, '', '', '', 'Dodge Charger SRT Oil Filter', '', '0000-00-00', 2, 225, 'Active', '0'),
(385, 1, '', '', '', 'Dodge Dakota Oil Filter', '', '0000-00-00', 2, 226, 'Active', '0'),
(386, 1, '', '', '', 'Dodge Dart Oil Filter', '', '0000-00-00', 2, 227, 'Active', '0'),
(387, 1, '', '', '', 'Dodge Dunrango Oil Filter', '', '0000-00-00', 2, 228, 'Active', '0'),
(388, 1, '', '', '', 'Dodge Neon Oil Filter', '', '0000-00-00', 2, 229, 'Active', '0'),
(389, 1, '', '', '', 'Dodge Nitro Oil Filter', '', '0000-00-00', 2, 230, 'Active', '0'),
(390, 1, '', '', '', 'Dodge Ram Oil Filter', '', '0000-00-00', 2, 231, 'Active', '0'),
(391, 1, '', '', '', 'Dodge Viper Oil Filter', '', '0000-00-00', 2, 232, 'Active', '0'),
(392, 1, '', '', '', 'Dongfeng H30 Cross Oil Filter', '', '0000-00-00', 2, 233, 'Active', '0'),
(393, 1, '', '', '', 'Dongfeng S30 Oil Filter', '', '0000-00-00', 2, 234, 'Active', '0'),
(394, 1, '', '', '', 'Ferrari 360 Oil Filter', '', '0000-00-00', 2, 235, 'Active', '0'),
(395, 1, '', '', '', 'Ferrari 458 Oil Filter', '', '0000-00-00', 2, 236, 'Active', '0'),
(396, 1, '', '', '', 'Ferrari 458 Spider Oil Filter', '', '0000-00-00', 2, 237, 'Active', '0'),
(397, 1, '', '', '', 'Ferrari 488 GTB Oil Filter', '', '0000-00-00', 2, 238, 'Active', '0'),
(398, 1, '', '', '', 'Ferrari 488 Spider Oil Filter', '', '0000-00-00', 2, 239, 'Active', '0'),
(399, 1, '', '', '', 'Ferrari 599 GTB Fiorano Oil Filter', '', '0000-00-00', 2, 240, 'Active', '0'),
(400, 1, '', '', '', 'Ferrari 612 Scaglietti Oil Filter', '', '0000-00-00', 2, 241, 'Active', '0'),
(401, 1, '', '', '', 'Ferrari 812 Superfast Oil Filter', '', '0000-00-00', 2, 242, 'Active', '0'),
(402, 1, '', '', '', 'Ferrari California Oil Filter', '', '0000-00-00', 2, 243, 'Active', '0'),
(403, 1, '', '', '', 'Ferrari California T Oil Filter', '', '0000-00-00', 2, 244, 'Active', '0'),
(404, 1, '', '', '', 'Ferrari F12 Berlinetta Oil Filter', '', '0000-00-00', 2, 245, 'Active', '0'),
(405, 1, '', '', '', 'Ferrari F430 Oil Filter', '', '0000-00-00', 2, 246, 'Active', '0'),
(406, 1, '', '', '', 'Ferrari F430 Spider Oil Filter', '', '0000-00-00', 2, 247, 'Active', '0'),
(407, 1, '', '', '', 'Ferrari FF Oil Filter', '', '0000-00-00', 2, 248, 'Active', '0'),
(408, 1, '', '', '', 'Ferrari GTC4Lusso Oil Filter', '', '0000-00-00', 2, 249, 'Active', '0'),
(409, 1, '', '', '', 'Ferrari GTC4Lusso T Oil Filter', '', '0000-00-00', 2, 250, 'Active', '0'),
(410, 1, '', '', '', 'Ferrari LeFerrari Oil Filter', '', '0000-00-00', 2, 251, 'Active', '0'),
(411, 1, '', '', '', 'Ferrari Portofino Oil Filter', '', '0000-00-00', 2, 252, 'Active', '0'),
(412, 1, '', '', '', 'Fiat 500 Oil Filter', '', '0000-00-00', 2, 253, 'Active', '0'),
(413, 1, '', '', '', 'Fiat 500L Oil Filter', '', '0000-00-00', 2, 254, 'Active', '0'),
(414, 1, '', '', '', 'Fiat 500X Oil Filter', '', '0000-00-00', 2, 255, 'Active', '0'),
(415, 1, '', '', '', 'Fiat Bravo Oil Filter', '', '0000-00-00', 2, 256, 'Active', '0'),
(416, 1, '', '', '', 'Fiat Ducato Oil Filter', '', '0000-00-00', 2, 257, 'Active', '0'),
(417, 1, '', '', '', 'Fiat Fiorino Oil Filter', '', '0000-00-00', 2, 258, 'Active', '0'),
(418, 1, '', '', '', 'Fiat Fullback Oil Filter', '', '0000-00-00', 2, 259, 'Active', '0'),
(419, 1, '', '', '', 'Fiat Linea Oil Filter', '', '0000-00-00', 2, 260, 'Active', '0'),
(420, 1, '', '', '', 'Fiat Punto Oil Filter', '', '0000-00-00', 2, 261, 'Active', '0'),
(421, 1, '', '', '', 'Fisker Karma Oil Filter', '', '0000-00-00', 2, 262, 'Active', '0'),
(422, 1, '', '', '', 'Ford Bronco Oil Filter', '', '0000-00-00', 2, 263, 'Active', '0'),
(423, 1, '', '', '', 'Ford Crown Victoria Oil Filter', '', '0000-00-00', 2, 264, 'Active', '0'),
(424, 1, '', '', '', 'Ford Ecosport Oil Filter', '', '0000-00-00', 2, 265, 'Active', '0'),
(425, 1, '', '', '', 'Ford Edge Oil Filter', '', '0000-00-00', 2, 266, 'Active', '0'),
(426, 1, '', '', '', 'Ford Escape Oil Filter', '', '0000-00-00', 2, 267, 'Active', '0'),
(427, 1, '', '', '', 'Ford Everest Oil Filter', '', '0000-00-00', 2, 268, 'Active', '0'),
(428, 1, '', '', '', 'Ford Expedition Oil Filter', '', '0000-00-00', 2, 269, 'Active', '0'),
(429, 1, '', '', '', 'Ford Explorer Oil Filter', '', '0000-00-00', 2, 270, 'Active', '0'),
(430, 1, '', '', '', 'Ford F-150 Oil Filter', '', '0000-00-00', 2, 271, 'Active', '0'),
(431, 1, '', '', '', 'Ford F-150 Raptor Oil Filter', '', '0000-00-00', 2, 272, 'Active', '0'),
(432, 1, '', '', '', 'Ford Fiesta Oil Filter', '', '0000-00-00', 2, 273, 'Active', '0'),
(433, 1, '', '', '', 'Ford Figo Oil Filter', '', '0000-00-00', 2, 274, 'Active', '0'),
(434, 1, '', '', '', 'Ford Five Hundred Oil Filter', '', '0000-00-00', 2, 275, 'Active', '0'),
(435, 1, '', '', '', 'Ford Flex Oil Filter', '', '0000-00-00', 2, 276, 'Active', '0'),
(436, 1, '', '', '', 'Ford Focus Oil Filter', '', '0000-00-00', 2, 277, 'Active', '0'),
(437, 1, '', '', '', 'Ford Focus ST Oil Filter', '', '0000-00-00', 2, 278, 'Active', '0'),
(438, 1, '', '', '', 'Ford Freestar Oil Filter', '', '0000-00-00', 2, 279, 'Active', '0'),
(439, 1, '', '', '', 'Ford Fusion  Oil Filter', '', '0000-00-00', 2, 280, 'Active', '0'),
(440, 1, '', '', '', 'Ford GT Oil Filter', '', '0000-00-00', 2, 281, 'Active', '0'),
(441, 1, '', '', '', 'Ford Mondeo Oil Filter', '', '0000-00-00', 2, 282, 'Active', '0'),
(442, 1, '', '', '', 'Ford Mustang Oil Filter', '', '0000-00-00', 2, 283, 'Active', '0'),
(443, 1, '', '', '', 'Ford Mustang Convertible Oil Filter', '', '0000-00-00', 2, 284, 'Active', '0'),
(444, 1, '', '', '', 'Ford Ranger Oil Filter', '', '0000-00-00', 2, 285, 'Active', '0'),
(445, 1, '', '', '', 'Ford Shelby GT 500 Oil Filter', '', '0000-00-00', 2, 286, 'Active', '0'),
(446, 1, '', '', '', 'Ford Taurus Oil Filter', '', '0000-00-00', 2, 287, 'Active', '0'),
(447, 1, '', '', '', 'Ford Tourneo Custom Oil Filter', '', '0000-00-00', 2, 288, 'Active', '0'),
(448, 1, '', '', '', 'Ford Tansit Oil Filter', '', '0000-00-00', 2, 289, 'Active', '0'),
(449, 1, '', '', '', 'Ford Transit Custom Oil Filter', '', '0000-00-00', 2, 290, 'Active', '0'),
(450, 1, '', '', '', 'Foton SUP Oil Filter', '', '0000-00-00', 2, 291, 'Active', '0'),
(451, 1, '', '', '', 'Foton Tunland  Oil Filter', '', '0000-00-00', 2, 292, 'Active', '0'),
(452, 1, '', '', '', 'Foton View C1 Minibus Oil Filter', '', '0000-00-00', 2, 293, 'Active', '0'),
(453, 1, '', '', '', 'GAC GA3 Oil Filter', '', '0000-00-00', 2, 294, 'Active', '0'),
(454, 1, '', '', '', 'GAC GA5 Oil Filter', '', '0000-00-00', 2, 295, 'Active', '0'),
(455, 1, '', '', '', 'GAC GA8 Oil Filter', '', '0000-00-00', 2, 296, 'Active', '0'),
(456, 1, '', '', '', 'GAC GS3 Oil Filter', '', '0000-00-00', 2, 297, 'Active', '0'),
(457, 1, '', '', '', 'GAC GS4 Oil Filter', '', '0000-00-00', 2, 298, 'Active', '0'),
(458, 1, '', '', '', 'GAC GS5 Oil Filter', '', '0000-00-00', 2, 299, 'Active', '0'),
(459, 1, '', '', '', 'GAC GS7 Oil Filter', '', '0000-00-00', 2, 300, 'Active', '0'),
(460, 1, '', '', '', 'GAC GS8 Oil Filter', '', '0000-00-00', 2, 301, 'Active', '0'),
(461, 1, '', '', '', 'Geely CK Oil Filter', '', '0000-00-00', 2, 302, 'Active', '0'),
(462, 1, '', '', '', 'Geely Emgrand 7 Oil Filter', '', '0000-00-00', 2, 303, 'Active', '0'),
(463, 1, '', '', '', 'Geely Emgrand 8 Oil Filter', '', '0000-00-00', 2, 304, 'Active', '0'),
(464, 1, '', '', '', 'Geely Emgrand GS Oil Filter', '', '0000-00-00', 2, 305, 'Active', '0'),
(465, 1, '', '', '', 'Geely Emgrand GT Oil Filter', '', '0000-00-00', 2, 306, 'Active', '0'),
(466, 1, '', '', '', 'Geely Emgrand X7 Oil Filter', '', '0000-00-00', 2, 307, 'Active', '0'),
(467, 1, '', '', '', 'Geely Emgrand X7 Sport Oil Filter', '', '0000-00-00', 2, 308, 'Active', '0'),
(468, 1, '', '', '', 'Geely GC2 Oil Filter', '', '0000-00-00', 2, 309, 'Active', '0'),
(469, 1, '', '', '', 'Geely GC6 Oil Filter', '', '0000-00-00', 2, 310, 'Active', '0'),
(470, 1, '', '', '', 'Geely GC7 Oil Filter', '', '0000-00-00', 2, 311, 'Active', '0'),
(471, 1, '', '', '', 'Geely GX2 Oil Filter', '', '0000-00-00', 2, 312, 'Active', '0'),
(472, 1, '', '', '', 'Genesis G70 Oil Filter', '', '0000-00-00', 2, 313, 'Active', '0'),
(473, 1, '', '', '', 'Genesis G80 Oil Filter', '', '0000-00-00', 2, 314, 'Active', '0'),
(474, 1, '', '', '', 'Genesis G90 Oil Filter', '', '0000-00-00', 2, 315, 'Active', '0'),
(475, 1, '', '', '', 'GMC Acadia Oil Filter', '', '0000-00-00', 2, 316, 'Active', '0'),
(476, 1, '', '', '', 'GMC Envoy Oil Filter', '', '0000-00-00', 2, 317, 'Active', '0'),
(477, 1, '', '', '', 'GMC Sierra 1500 Oil Filter', '', '0000-00-00', 2, 318, 'Active', '0'),
(478, 1, '', '', '', 'GMC Terrain Oil Filter', '', '0000-00-00', 2, 319, 'Active', '0'),
(479, 1, '', '', '', 'GMC Yukon Oil Filter', '', '0000-00-00', 2, 320, 'Active', '0'),
(480, 1, '', '', '', 'Great Wall Florid Oil Filter', '', '0000-00-00', 2, 321, 'Active', '0'),
(481, 1, '', '', '', 'Great Wall Wingle Oil Filter', '', '0000-00-00', 2, 322, 'Active', '0'),
(482, 1, '', '', '', 'Haval H2 Crossover Oil Filter', '', '0000-00-00', 2, 323, 'Active', '0'),
(483, 1, '', '', '', 'Haval H6 Oil Filter', '', '0000-00-00', 2, 324, 'Active', '0'),
(484, 1, '', '', '', 'Haval H8 Oil Filter', '', '0000-00-00', 2, 325, 'Active', '0'),
(485, 1, '', '', '', 'Haval H9 Oil Filter', '', '0000-00-00', 2, 326, 'Active', '0'),
(486, 1, '', '', '', 'Honda Accord Oil Filter', '', '0000-00-00', 2, 327, 'Active', '0'),
(487, 1, '', '', '', 'Honda Accord Coupe Oil Filter', '', '0000-00-00', 2, 328, 'Active', '0'),
(488, 1, '', '', '', 'Honda Accord Crosstour Oil Filter', '', '0000-00-00', 2, 329, 'Active', '0'),
(489, 1, '', '', '', 'Honda City Oil Filter', '', '0000-00-00', 2, 330, 'Active', '0'),
(490, 1, '', '', '', 'Honda Civic Oil Filter', '', '0000-00-00', 2, 331, 'Active', '0'),
(491, 1, '', '', '', 'Honda Civic Hatchback Oil Filter', '', '0000-00-00', 2, 332, 'Active', '0'),
(492, 1, '', '', '', 'Honda CR-V Oil Filter', '', '0000-00-00', 2, 333, 'Active', '0'),
(493, 1, '', '', '', 'Honda CRX Oil Filter', '', '0000-00-00', 2, 334, 'Active', '0'),
(494, 1, '', '', '', 'Honda HR-V Oil Filter', '', '0000-00-00', 2, 335, 'Active', '0'),
(495, 1, '', '', '', 'Honda Jazz Oil Filter', '', '0000-00-00', 2, 336, 'Active', '0'),
(496, 1, '', '', '', 'Honda Legend Oil Filter', '', '0000-00-00', 2, 337, 'Active', '0'),
(497, 1, '', '', '', 'Honda MR-V Oil Filter', '', '0000-00-00', 2, 338, 'Active', '0'),
(498, 1, '', '', '', 'Honda Odyssey Oil Filter', '', '0000-00-00', 2, 339, 'Active', '0'),
(499, 1, '', '', '', 'Honda Odyssey J Oil Filter', '', '0000-00-00', 2, 340, 'Active', '0'),
(500, 1, '', '', '', 'Honda Pilot Oil Filter', '', '0000-00-00', 2, 341, 'Active', '0'),
(501, 1, '', '', '', 'Honda S2000 Oil Filter', '', '0000-00-00', 2, 342, 'Active', '0'),
(502, 1, '', '', '', 'Hongqi H5 Oil Filter', '', '0000-00-00', 2, 343, 'Active', '0'),
(503, 1, '', '', '', 'Hongqi H7 Oil Filter', '', '0000-00-00', 2, 344, 'Active', '0'),
(504, 1, '', '', '', 'Hummer H2 Oil Filter', '', '0000-00-00', 2, 345, 'Active', '0'),
(505, 1, '', '', '', 'Hummer H3 Oil Filter', '', '0000-00-00', 2, 346, 'Active', '0'),
(506, 1, '', '', '', 'Hyundai Accent Oil Filter', '', '0000-00-00', 2, 347, 'Active', '0'),
(507, 1, '', '', '', 'Hyundai Atos Prime Oil Filter', '', '0000-00-00', 2, 348, 'Active', '0'),
(508, 1, '', '', '', 'Hyundai Azera Oil Filter', '', '0000-00-00', 2, 349, 'Active', '0'),
(509, 1, '', '', '', 'Hyundai Centennial Oil Filter', '', '0000-00-00', 2, 350, 'Active', '0'),
(510, 1, '', '', '', 'Hyundai Coupe Oil Filter', '', '0000-00-00', 2, 351, 'Active', '0'),
(511, 1, '', '', '', 'Hyundai Creta Oil Filter', '', '0000-00-00', 2, 352, 'Active', '0'),
(512, 1, '', '', '', 'Hyundai Elantra Oil Filter', '', '0000-00-00', 2, 353, 'Active', '0'),
(513, 1, '', '', '', 'Hyundai Elantra Coupe Oil Filter', '', '0000-00-00', 2, 354, 'Active', '0'),
(514, 1, '', '', '', 'Hyundai Creta Oil Filter', '', '0000-00-00', 2, 38, 'Active', '0'),
(515, 1, '', '', '', 'Hyundai Elantra Oil Filter', '', '0000-00-00', 2, 38, 'Active', '0'),
(516, 1, '', '', '', 'Hyundai Elantra Coupe Oil Filter', '', '0000-00-00', 2, 38, 'Active', '0'),
(517, 1, '', '', '', 'Hyundai Genesis Oil Filter', '', '0000-00-00', 2, 355, 'Active', '0'),
(518, 1, '', '', '', 'Hyundai Genesis Coupe Oil Filter', '', '0000-00-00', 2, 356, 'Active', '0'),
(519, 1, '', '', '', 'Hyundai Getz Oil Filter', '', '0000-00-00', 2, 357, 'Active', '0'),
(520, 1, '', '', '', 'Hyundai Grand i10 Oil Filter', '', '0000-00-00', 2, 358, 'Active', '0'),
(521, 1, '', '', '', 'Hyundai Grand Santa Fe Oil Filter', '', '0000-00-00', 2, 359, 'Active', '0'),
(522, 1, '', '', '', 'Hyundai H1 Oil Filter', '', '0000-00-00', 2, 360, 'Active', '0'),
(523, 1, '', '', '', 'Hyundai i10 Oil Filter', '', '0000-00-00', 2, 361, 'Active', '0'),
(524, 1, '', '', '', 'Hyundai i20 Oil Filter', '', '0000-00-00', 2, 362, 'Active', '0'),
(525, 1, '', '', '', 'Hyundai i30 Oil Filter', '', '0000-00-00', 2, 363, 'Active', '0'),
(526, 1, '', '', '', 'Hyundai i40 Oil Filter', '', '0000-00-00', 2, 364, 'Active', '0'),
(527, 1, '', '', '', 'Hyundai Kona Oil Filter', '', '0000-00-00', 2, 365, 'Active', '0'),
(528, 1, '', '', '', 'Hyundai Matrix Oil Filter', '', '0000-00-00', 2, 366, 'Active', '0'),
(529, 1, '', '', '', 'Hyundai Palisade Oil Filter', '', '0000-00-00', 2, 367, 'Active', '0'),
(530, 1, '', '', '', 'Hyundai Santa Fe Oil Filter', '', '0000-00-00', 2, 368, 'Active', '0'),
(531, 1, '', '', '', 'Hyundai Sonata Oil Filter', '', '0000-00-00', 2, 369, 'Active', '0'),
(532, 1, '', '', '', 'Hyundai Terracan Oil Filter', '', '0000-00-00', 2, 370, 'Active', '0'),
(533, 1, '', '', '', 'Hyundai Trajet Oil Filter', '', '0000-00-00', 2, 371, 'Active', '0'),
(534, 1, '', '', '', 'Hyundai Tucson Oil Filter', '', '0000-00-00', 2, 372, 'Active', '0'),
(535, 1, '', '', '', 'Hyundai Veloster Oil Filter', '', '0000-00-00', 2, 373, 'Active', '0'),
(536, 1, '', '', '', 'Hyundai Veloster Turbo Oil Filter', '', '0000-00-00', 2, 374, 'Active', '0'),
(537, 1, '', '', '', 'Hyundai Veracruz Oil Filter', '', '0000-00-00', 2, 375, 'Active', '0'),
(538, 1, '', '', '', 'Infiniti EX Oil Filter', '', '0000-00-00', 2, 376, 'Active', '0'),
(539, 1, '', '', '', 'Infiniti FX Oil Filter', '', '0000-00-00', 2, 377, 'Active', '0'),
(540, 1, '', '', '', 'Infiniti G Oil Filter', '', '0000-00-00', 2, 378, 'Active', '0'),
(541, 1, '', '', '', 'Infiniti G35 Oil Filter', '', '0000-00-00', 2, 379, 'Active', '0'),
(542, 1, '', '', '', 'Infiniti G35 Coupe Oil Filter', '', '0000-00-00', 2, 380, 'Active', '0'),
(543, 1, '', '', '', 'Infiniti G37 Convertible Oil Filter', '', '0000-00-00', 2, 381, 'Active', '0'),
(544, 1, '', '', '', 'Infiniti G37 Coupe Oil Filter', '', '0000-00-00', 2, 382, 'Active', '0'),
(545, 1, '', '', '', 'Infiniti Jx Oil Filter', '', '0000-00-00', 2, 383, 'Active', '0'),
(546, 1, '', '', '', 'Infiniti M Oil Filter', '', '0000-00-00', 2, 384, 'Active', '0'),
(547, 1, '', '', '', 'Infiniti Q30 Oil Filter', '', '0000-00-00', 2, 385, 'Active', '0'),
(548, 1, '', '', '', 'Infiniti Q45 Oil Filter', '', '0000-00-00', 2, 386, 'Active', '0'),
(549, 1, '', '', '', 'Infiniti Q60 Oil Filter', '', '0000-00-00', 2, 387, 'Active', '0'),
(550, 1, '', '', '', 'Infiniti Q60 Convertible Oil Filter', '', '0000-00-00', 2, 388, 'Active', '0'),
(551, 1, '', '', '', 'Infiniti Q60 Coupe Oil Filter', '', '0000-00-00', 2, 389, 'Active', '0'),
(552, 1, '', '', '', 'Infiniti Q70 Oil Filter', '', '0000-00-00', 2, 390, 'Active', '0'),
(553, 1, '', '', '', 'Infiniti QX30 Oil Filter', '', '0000-00-00', 2, 391, 'Active', '0'),
(554, 1, '', '', '', 'Infiniti QX50 Oil Filter', '', '0000-00-00', 2, 392, 'Active', '0'),
(555, 1, '', '', '', 'Infiniti QX56 Oil Filter', '', '0000-00-00', 2, 393, 'Active', '0'),
(556, 1, '', '', '', 'Infiniti QX60 Oil Filter', '', '0000-00-00', 2, 394, 'Active', '0'),
(557, 1, '', '', '', 'Infiniti QX70 Oil Filter', '', '0000-00-00', 2, 395, 'Active', '0'),
(558, 1, '', '', '', 'Infiniti QX80 Oil Filter', '', '0000-00-00', 2, 396, 'Active', '0'),
(559, 1, '', '', '', 'International MXT Oil Filter', '', '0000-00-00', 2, 397, 'Active', '0'),
(560, 1, '', '', '', 'Isuzu D-Max Oil Filter', '', '0000-00-00', 2, 398, 'Active', '0'),
(561, 1, '', '', '', 'Isuzu D-Max Arctic Trucks AT 35 Oil Filter', '', '0000-00-00', 2, 399, 'Active', '0'),
(562, 1, '', '', '', 'Isuzu MU-X Oil Filter', '', '0000-00-00', 2, 400, 'Active', '0'),
(563, 1, '', '', '', 'Isuzu Trooper Oil Filter', '', '0000-00-00', 2, 401, 'Active', '0'),
(564, 1, '', '', '', 'JAC J4 Oil Filter', '', '0000-00-00', 2, 402, 'Active', '0'),
(565, 1, '', '', '', 'JAC J5 Oil Filter', '', '0000-00-00', 2, 403, 'Active', '0'),
(566, 1, '', '', '', 'JAC J6 Oil Filter', '', '0000-00-00', 2, 404, 'Active', '0'),
(567, 1, '', '', '', 'JAC M5 MPV Oil Filter', '', '0000-00-00', 2, 405, 'Active', '0'),
(568, 1, '', '', '', 'JAC S3 SUV Oil Filter', '', '0000-00-00', 2, 406, 'Active', '0'),
(569, 1, '', '', '', 'Jaguar E-Pace Oil Filter', '', '0000-00-00', 2, 407, 'Active', '0'),
(570, 1, '', '', '', 'Jaguar F-Pace Oil Filter', '', '0000-00-00', 2, 408, 'Active', '0'),
(571, 1, '', '', '', 'Jaguar F-Type Oil Filter', '', '0000-00-00', 2, 409, 'Active', '0'),
(572, 1, '', '', '', 'Jaguar F-Type Coupe Oil Filter', '', '0000-00-00', 2, 410, 'Active', '0'),
(573, 1, '', '', '', 'Jaguar F-Type SVR Convertible Oil Filter', '', '0000-00-00', 2, 411, 'Active', '0'),
(574, 1, '', '', '', 'Jaguar F-Type SVR Coupe Oil Filter', '', '0000-00-00', 2, 412, 'Active', '0'),
(575, 1, '', '', '', 'Jaguar S-Type Oil Filter', '', '0000-00-00', 2, 413, 'Active', '0'),
(576, 1, '', '', '', 'Jaguar X-Type Oil Filter', '', '0000-00-00', 2, 414, 'Active', '0'),
(577, 1, '', '', '', 'Jaguar XE Oil Filter', '', '0000-00-00', 2, 415, 'Active', '0'),
(578, 1, '', '', '', 'Jaguar XF Oil Filter', '', '0000-00-00', 2, 416, 'Active', '0'),
(579, 1, '', '', '', 'Jaguar XF Sportbrake Oil Filter', '', '0000-00-00', 2, 417, 'Active', '0'),
(580, 1, '', '', '', 'Jaguar XFR-S Oil Filter', '', '0000-00-00', 2, 418, 'Active', '0'),
(581, 1, '', '', '', 'Jaguar XJ Oil Filter', '', '0000-00-00', 2, 419, 'Active', '0'),
(582, 1, '', '', '', 'Jaguar XK Oil Filter', '', '0000-00-00', 2, 420, 'Active', '0'),
(583, 1, '', '', '', 'Jaguar XK Convertible Oil Filter', '', '0000-00-00', 2, 421, 'Active', '0'),
(584, 1, '', '', '', 'Jeep Cherokee Oil Filter', '', '0000-00-00', 2, 422, 'Active', '0'),
(585, 1, '', '', '', 'Jeep Commander Oil Filter', '', '0000-00-00', 2, 423, 'Active', '0'),
(586, 1, '', '', '', 'Jeep Compass Oil Filter', '', '0000-00-00', 2, 424, 'Active', '0'),
(587, 1, '', '', '', 'Jeep Grand Cherokee Oil Filter', '', '0000-00-00', 2, 425, 'Active', '0'),
(588, 1, '', '', '', 'Jeep Grand Cherokee SRT Oil Filter', '', '0000-00-00', 2, 426, 'Active', '0'),
(589, 1, '', '', '', 'Jeep Patiot Oil Filter', '', '0000-00-00', 2, 427, 'Active', '0'),
(590, 1, '', '', '', 'Jeep Renegade Oil Filter', '', '0000-00-00', 2, 428, 'Active', '0'),
(591, 1, '', '', '', 'Jeep Wagoneer Oil Filter', '', '0000-00-00', 2, 429, 'Active', '0'),
(592, 1, '', '', '', 'Jeep Wrangler Oil Filter', '', '0000-00-00', 2, 430, 'Active', '0'),
(593, 1, '', '', '', 'Jeep Wrangler Unlimited Oil Filter', '', '0000-00-00', 2, 431, 'Active', '0'),
(594, 1, '', '', '', 'Kia Cadenza Oil Filter', '', '0000-00-00', 2, 432, 'Active', '0'),
(595, 1, '', '', '', 'Kia Carens Oil Filter', '', '0000-00-00', 2, 433, 'Active', '0'),
(596, 1, '', '', '', 'Kia Carnival Oil Filter', '', '0000-00-00', 2, 434, 'Active', '0'),
(597, 1, '', '', '', 'Kia Cerato Oil Filter', '', '0000-00-00', 2, 435, 'Active', '0'),
(598, 1, '', '', '', 'Kia Cerato Hatchback Oil Filter', '', '0000-00-00', 2, 436, 'Active', '0'),
(599, 1, '', '', '', 'Kia Cerato Koup Oil Filter', '', '0000-00-00', 2, 437, 'Active', '0'),
(600, 1, '', '', '', 'Kia Mohave Oil Filter', '', '0000-00-00', 2, 438, 'Active', '0'),
(601, 1, '', '', '', 'Kia Opirus Oil Filter', '', '0000-00-00', 2, 439, 'Active', '0'),
(602, 1, '', '', '', 'Kia Optima Oil Filter', '', '0000-00-00', 2, 440, 'Active', '0'),
(603, 1, '', '', '', 'Kia Pegas Oil Filter', '', '0000-00-00', 2, 441, 'Active', '0'),
(604, 1, '', '', '', 'Kia Picanto Oil Filter', '', '0000-00-00', 2, 442, 'Active', '0'),
(605, 1, '', '', '', 'Kia Quoris Oil Filter', '', '0000-00-00', 2, 443, 'Active', '0'),
(606, 1, '', '', '', 'Kia Rio Oil Filter', '', '0000-00-00', 2, 444, 'Active', '0'),
(607, 1, '', '', '', 'Kia Rio Hatchback Oil Filter', '', '0000-00-00', 2, 445, 'Active', '0'),
(608, 1, '', '', '', 'Kia Sorento Oil Filter', '', '0000-00-00', 2, 446, 'Active', '0'),
(609, 1, '', '', '', 'Kia Soul Oil Filter', '', '0000-00-00', 2, 447, 'Active', '0'),
(610, 1, '', '', '', 'Kia Sportage Oil Filter', '', '0000-00-00', 2, 448, 'Active', '0'),
(611, 1, '', '', '', 'Kia Stinger Oil Filter', '', '0000-00-00', 2, 449, 'Active', '0'),
(612, 1, '', '', '', 'Kia Telluride Oil Filter', '', '0000-00-00', 2, 450, 'Active', '0'),
(613, 1, '', '', '', 'King Long Mini Van Oil Filter', '', '0000-00-00', 2, 451, 'Active', '0'),
(614, 1, '', '', '', 'Koenigsegg CCX Oil Filter', '', '0000-00-00', 2, 452, 'Active', '0'),
(615, 1, '', '', '', 'KTM X-Bow Oil Filter', '', '0000-00-00', 2, 453, 'Active', '0'),
(616, 1, '', '', '', 'Lamborghini Aventador Oil Filter', '', '0000-00-00', 2, 454, 'Active', '0');
INSERT INTO `brand_details` (`brand_id`, `type`, `brand_name`, `item_code`, `img`, `itemname`, `price`, `date`, `category`, `Model`, `itemstatus`, `is_general`) VALUES
(617, 1, '', '', '', 'Lamborghini Aventador Roadster Oil Filter', '', '0000-00-00', 2, 455, 'Active', '0'),
(618, 1, '', '', '', 'Lamborghini Gallardo Oil Filter', '', '0000-00-00', 2, 456, 'Active', '0'),
(619, 1, '', '', '', 'Lamborghini Huracan Oil Filter', '', '0000-00-00', 2, 457, 'Active', '0'),
(620, 1, '', '', '', 'Lamborghini Huracan Spyder Oil Filter', '', '0000-00-00', 2, 458, 'Active', '0'),
(621, 1, '', '', '', 'Lamborghini Murcielago Oil Filter', '', '0000-00-00', 2, 459, 'Active', '0'),
(622, 1, '', '', '', 'Lamborghini Urus Oil Filter', '', '0000-00-00', 2, 460, 'Active', '0'),
(623, 1, '', '', '', 'Land Rover Defender Oil Filter', '', '0000-00-00', 2, 461, 'Active', '0'),
(624, 1, '', '', '', 'Land Rover Discovery Oil Filter', '', '0000-00-00', 2, 462, 'Active', '0'),
(625, 1, '', '', '', 'Land Rover Discovery Sport Oil Filter', '', '0000-00-00', 2, 463, 'Active', '0'),
(626, 1, '', '', '', 'Land Rover Freelander Oil Filter', '', '0000-00-00', 2, 464, 'Active', '0'),
(627, 1, '', '', '', 'Land Rover LR2 Oil Filter', '', '0000-00-00', 2, 465, 'Active', '0'),
(628, 1, '', '', '', 'Land Rover LR3 Oil Filter', '', '0000-00-00', 2, 466, 'Active', '0'),
(629, 1, '', '', '', 'Land Rover LR4 Oil Filter', '', '0000-00-00', 2, 467, 'Active', '0'),
(630, 1, '', '', '', 'Land Rover Range Rover Oil Filter', '', '0000-00-00', 2, 468, 'Active', '0'),
(631, 1, '', '', '', 'Land Rover Range Rover Evoque Oil Filter', '', '0000-00-00', 2, 469, 'Active', '0'),
(632, 1, '', '', '', 'Land Rover Range Rover Evoque Conver Oil Filter', '', '0000-00-00', 2, 470, 'Active', '0'),
(633, 1, '', '', '', 'Land Rover Range Rover Evoque Coupe Oil Filter', '', '0000-00-00', 2, 471, 'Active', '0'),
(634, 1, '', '', '', 'Land Rover Range Rover Sport Oil Filter', '', '0000-00-00', 2, 472, 'Active', '0'),
(635, 1, '', '', '', 'Land Rover Range Rover Sport SVR Oil Filter', '', '0000-00-00', 2, 473, 'Active', '0'),
(636, 1, '', '', '', 'Land Rover Range Rover Velar Oil Filter', '', '0000-00-00', 2, 474, 'Active', '0'),
(637, 1, '', '', '', 'Lexus CT Oil Filter', '', '0000-00-00', 2, 475, 'Active', '0'),
(638, 1, '', '', '', 'Lexus ES Oil Filter', '', '0000-00-00', 2, 476, 'Active', '0'),
(639, 1, '', '', '', 'Lexus GS Oil Filter', '', '0000-00-00', 2, 477, 'Active', '0'),
(640, 1, '', '', '', 'Lexus GX Oil Filter', '', '0000-00-00', 2, 478, 'Active', '0'),
(641, 1, '', '', '', 'Lexus IS Oil Filter', '', '0000-00-00', 2, 479, 'Active', '0'),
(642, 1, '', '', '', 'Lexus IS C Oil Filter', '', '0000-00-00', 2, 480, 'Active', '0'),
(643, 1, '', '', '', 'Lexus IS F Oil Filter', '', '0000-00-00', 2, 481, 'Active', '0'),
(644, 1, '', '', '', 'Lexus LC Oil Filter', '', '0000-00-00', 2, 482, 'Active', '0'),
(645, 1, '', '', '', 'Lexus LFA Oil Filter', '', '0000-00-00', 2, 483, 'Active', '0'),
(646, 1, '', '', '', 'Lexus LS Oil Filter', '', '0000-00-00', 2, 484, 'Active', '0'),
(647, 1, '', '', '', 'Lexus LX Oil Filter', '', '0000-00-00', 2, 485, 'Active', '0'),
(648, 1, '', '', '', 'Lexus NX Oil Filter', '', '0000-00-00', 2, 486, 'Active', '0'),
(649, 1, '', '', '', 'Lexus RC Oil Filter', '', '0000-00-00', 2, 487, 'Active', '0'),
(650, 1, '', '', '', 'Lexus RC F Oil Filter', '', '0000-00-00', 2, 488, 'Active', '0'),
(651, 1, '', '', '', 'Lexus RX Oil Filter', '', '0000-00-00', 2, 489, 'Active', '0'),
(652, 1, '', '', '', 'Lexus SC Oil Filter', '', '0000-00-00', 2, 490, 'Active', '0'),
(653, 1, '', '', '', 'Lincoln Conitinental Oil Filter', '', '0000-00-00', 2, 491, 'Active', '0'),
(654, 1, '', '', '', 'Lincoln MKC Oil Filter', '', '0000-00-00', 2, 492, 'Active', '0'),
(655, 1, '', '', '', 'Lincoln MKS Oil Filter', '', '0000-00-00', 2, 493, 'Active', '0'),
(656, 1, '', '', '', 'Lincoln MKT Oil Filter', '', '0000-00-00', 2, 494, 'Active', '0'),
(657, 1, '', '', '', 'Lincoln MKX Oil Filter', '', '0000-00-00', 2, 495, 'Active', '0'),
(658, 1, '', '', '', 'Lincoln MKZ Oil Filter', '', '0000-00-00', 2, 496, 'Active', '0'),
(659, 1, '', '', '', 'Lincoln Nautilus Oil Filter', '', '0000-00-00', 2, 497, 'Active', '0'),
(660, 1, '', '', '', 'Lincoln Navigator Oil Filter', '', '0000-00-00', 2, 498, 'Active', '0'),
(661, 1, '', '', '', 'Lincoln Navigator L Oil Filter', '', '0000-00-00', 2, 499, 'Active', '0'),
(662, 1, '', '', '', 'Lincoln Town Car Oil Filter', '', '0000-00-00', 2, 500, 'Active', '0'),
(663, 1, '', '', '', 'Lotus Elise Oil Filter', '', '0000-00-00', 2, 501, 'Active', '0'),
(664, 1, '', '', '', 'Lotus Evora Oil Filter', '', '0000-00-00', 2, 502, 'Active', '0'),
(665, 1, '', '', '', 'Lotus Exige Oil Filter', '', '0000-00-00', 2, 503, 'Active', '0'),
(666, 1, '', '', '', 'Luxgen Luxgen 7 MPV Oil Filter', '', '0000-00-00', 2, 504, 'Active', '0'),
(667, 1, '', '', '', 'Luxgen Luxgen 7 SUV Oil Filter', '', '0000-00-00', 2, 505, 'Active', '0'),
(668, 1, '', '', '', 'Luxgen S5 Oil Filter', '', '0000-00-00', 2, 506, 'Active', '0'),
(669, 1, '', '', '', 'Luxgen U6 Oil Filter', '', '0000-00-00', 2, 507, 'Active', '0'),
(670, 1, '', '', '', 'Luxgen U7 Oil Filter', '', '0000-00-00', 2, 508, 'Active', '0'),
(671, 1, '', '', '', 'Mahindra Scorpio Oil Filter', '', '0000-00-00', 2, 509, 'Active', '0'),
(672, 1, '', '', '', 'Mahindra XUV500 Oil Filter', '', '0000-00-00', 2, 510, 'Active', '0'),
(673, 1, '', '', '', 'Maserati Coupe Oil Filter', '', '0000-00-00', 2, 511, 'Active', '0'),
(674, 1, '', '', '', 'Maserati Ghibli Oil Filter', '', '0000-00-00', 2, 512, 'Active', '0'),
(675, 1, '', '', '', 'Maserati GranCabrio Oil Filter', '', '0000-00-00', 2, 513, 'Active', '0'),
(676, 1, '', '', '', 'Maserati GranTurismo Oil Filter', '', '0000-00-00', 2, 514, 'Active', '0'),
(677, 1, '', '', '', 'Maserati Levante Oil Filter', '', '0000-00-00', 2, 515, 'Active', '0'),
(678, 1, '', '', '', 'Maserati Quattroporte Oil Filter', '', '0000-00-00', 2, 516, 'Active', '0'),
(679, 1, '', '', '', 'Maserati Spyder Oil Filter', '', '0000-00-00', 2, 517, 'Active', '0'),
(680, 1, '', '', '', 'Maxus G10 Oil Filter', '', '0000-00-00', 2, 518, 'Active', '0'),
(681, 1, '', '', '', 'Maxus V80 Oil Filter', '', '0000-00-00', 2, 519, 'Active', '0'),
(682, 1, '', '', '', 'Maybach 57 Oil Filter', '', '0000-00-00', 2, 520, 'Active', '0'),
(683, 1, '', '', '', 'Maybach 62 Oil Filter', '', '0000-00-00', 2, 521, 'Active', '0'),
(684, 1, '', '', '', 'Mazda 2 Oil Filter', '', '0000-00-00', 2, 522, 'Active', '0'),
(685, 1, '', '', '', 'Mazda 2 Sedan Oil Filter', '', '0000-00-00', 2, 523, 'Active', '0'),
(686, 1, '', '', '', 'Mazda 3 Oil Filter', '', '0000-00-00', 2, 524, 'Active', '0'),
(687, 1, '', '', '', 'Mazda 3 Sedan Oil Filter', '', '0000-00-00', 2, 525, 'Active', '0'),
(688, 1, '', '', '', 'Mazda 6 Oil Filter', '', '0000-00-00', 2, 526, 'Active', '0'),
(689, 1, '', '', '', 'Mazda 6 Ultra Oil Filter', '', '0000-00-00', 2, 527, 'Active', '0'),
(690, 1, '', '', '', 'Mazda 6 Wagon Oil Filter', '', '0000-00-00', 2, 528, 'Active', '0'),
(691, 1, '', '', '', 'Mazda B-Series Oil Filter', '', '0000-00-00', 2, 529, 'Active', '0'),
(692, 1, '', '', '', 'Mazda CX-3 Oil Filter', '', '0000-00-00', 2, 530, 'Active', '0'),
(693, 1, '', '', '', 'Mazda CX-5 Oil Filter', '', '0000-00-00', 2, 531, 'Active', '0'),
(694, 1, '', '', '', 'Mazda CX-7 Oil Filter', '', '0000-00-00', 2, 532, 'Active', '0'),
(695, 1, '', '', '', 'Mazda CX-9 Oil Filter', '', '0000-00-00', 2, 533, 'Active', '0'),
(696, 1, '', '', '', 'Mazda MX-5 Oil Filter', '', '0000-00-00', 2, 534, 'Active', '0'),
(697, 1, '', '', '', 'Mazda MX-5 RF Oil Filter', '', '0000-00-00', 2, 535, 'Active', '0'),
(698, 1, '', '', '', 'McLaren 540C Coupe Oil Filter', '', '0000-00-00', 2, 536, 'Active', '0'),
(699, 1, '', '', '', 'McLaren 570GT Coupe Oil Filter', '', '0000-00-00', 2, 537, 'Active', '0'),
(700, 1, '', '', '', 'McLaren 570S Coupe Oil Filter', '', '0000-00-00', 2, 538, 'Active', '0'),
(701, 1, '', '', '', 'McLaren 570S Spyder Oil Filter', '', '0000-00-00', 2, 539, 'Active', '0'),
(702, 1, '', '', '', 'McLaren 650S Oil Filter', '', '0000-00-00', 2, 540, 'Active', '0'),
(703, 1, '', '', '', 'McLaren 650S Spider Oil Filter', '', '0000-00-00', 2, 541, 'Active', '0'),
(704, 1, '', '', '', 'McLaren 675LT Oil Filter', '', '0000-00-00', 2, 542, 'Active', '0'),
(705, 1, '', '', '', 'McLaren 675LT Spider Oil Filter', '', '0000-00-00', 2, 543, 'Active', '0'),
(706, 1, '', '', '', 'McLaren 720S Oil Filter', '', '0000-00-00', 2, 544, 'Active', '0'),
(707, 1, '', '', '', 'McLaren MP4-12C Oil Filter', '', '0000-00-00', 2, 545, 'Active', '0'),
(708, 1, '', '', '', 'McLaren MP4-12C Spider Oil Filter', '', '0000-00-00', 2, 546, 'Active', '0'),
(709, 1, '', '', '', 'McLaren P1 Oil Filter', '', '0000-00-00', 2, 547, 'Active', '0'),
(710, 1, '', '', '', 'Mercedes-Benz A 45 AMG Oil Filter', '', '0000-00-00', 2, 548, 'Active', '0'),
(711, 1, '', '', '', 'Mercedes-Benz A-Class Oil Filter', '', '0000-00-00', 2, 549, 'Active', '0'),
(712, 1, '', '', '', 'Mercedes-Benz A350 Oil Filter', '', '0000-00-00', 2, 550, 'Active', '0'),
(713, 1, '', '', '', 'Mercedes-Benz AMG GT Oil Filter', '', '0000-00-00', 2, 551, 'Active', '0'),
(714, 1, '', '', '', 'Mercedes-Benz AMG GT Roadster Oil Filter', '', '0000-00-00', 2, 552, 'Active', '0'),
(715, 1, '', '', '', 'Mercedes-Benz B-Class Oil Filter', '', '0000-00-00', 2, 553, 'Active', '0'),
(716, 1, '', '', '', 'Mercedes-Benz C 63 AMG Oil Filter', '', '0000-00-00', 2, 554, 'Active', '0'),
(717, 1, '', '', '', 'Mercedes-Benz C 63 AMG Coupe Oil Filter', '', '0000-00-00', 2, 555, 'Active', '0'),
(718, 1, '', '', '', 'Mercedes-Benz C-Class Oil Filter', '', '0000-00-00', 2, 556, 'Active', '0'),
(719, 1, '', '', '', 'Mercedes-Benz C-Class Coupe Oil Filter', '', '0000-00-00', 2, 557, 'Active', '0'),
(720, 1, '', '', '', 'Mercedes-Benz CL-Class Oil Filter', '', '0000-00-00', 2, 558, 'Active', '0'),
(721, 1, '', '', '', 'Mercedes-Benz CLA 45 AMG Oil Filter', '', '0000-00-00', 2, 559, 'Active', '0'),
(722, 1, '', '', '', 'Mercedes-Benz CLA Class Oil Filter', '', '0000-00-00', 2, 560, 'Active', '0'),
(723, 1, '', '', '', 'Mercedes-Benz CLC-Class Oil Filter', '', '0000-00-00', 2, 561, 'Active', '0'),
(724, 1, '', '', '', 'Mercedes-Benz CLK-Class Oil Filter', '', '0000-00-00', 2, 562, 'Active', '0'),
(725, 1, '', '', '', 'Mercedes-Benz CLS 63 AMG Oil Filter', '', '0000-00-00', 2, 563, 'Active', '0'),
(726, 1, '', '', '', 'Mercedes-Benz CLS Shooting Brake Oil Filter', '', '0000-00-00', 2, 564, 'Active', '0'),
(727, 1, '', '', '', 'Mercedes-Benz CLS-Class Oil Filter', '', '0000-00-00', 2, 565, 'Active', '0'),
(728, 1, '', '', '', 'Mercedes-Benz E 43 AMG Oil Filter', '', '0000-00-00', 2, 566, 'Active', '0'),
(729, 1, '', '', '', 'Mercedes-Benz E55 AMG Oil Filter', '', '0000-00-00', 2, 567, 'Active', '0'),
(730, 1, '', '', '', 'Mercedes-Benz E 63 AMG Oil Filter', '', '0000-00-00', 2, 568, 'Active', '0'),
(731, 1, '', '', '', 'Mercedes-Benz E-Class Oil Filter', '', '0000-00-00', 2, 569, 'Active', '0'),
(732, 1, '', '', '', 'Mercedes-Benz E-Class Cabriolet Oil Filter', '', '0000-00-00', 2, 570, 'Active', '0'),
(733, 1, '', '', '', 'Mercedes-Benz E-Class Coupe Oil Filter', '', '0000-00-00', 2, 571, 'Active', '0'),
(734, 1, '', '', '', 'Mercedes-Benz G 63 AMG Oil Filter', '', '0000-00-00', 2, 572, 'Active', '0'),
(735, 1, '', '', '', 'Mercedes-Benz G 65AMG Oil Filter', '', '0000-00-00', 2, 573, 'Active', '0'),
(736, 1, '', '', '', 'Mercedes-Benz G-Class Oil Filter', '', '0000-00-00', 2, 574, 'Active', '0'),
(737, 1, '', '', '', 'Mercedes-Benz GL- Class Oil Filter', '', '0000-00-00', 2, 575, 'Active', '0'),
(738, 1, '', '', '', 'Mercedes-Benz GLA- Class Oil Filter', '', '0000-00-00', 2, 576, 'Active', '0'),
(739, 1, '', '', '', 'Mercedes-Benz GLC 43 AMG Oil Filter', '', '0000-00-00', 2, 577, 'Active', '0'),
(740, 1, '', '', '', 'Mercedes-Benz GLC 43 AMG Coupe Oil Filter', '', '0000-00-00', 2, 578, 'Active', '0'),
(741, 1, '', '', '', 'Mercedes-Benz GLC 64 AMG Oil Filter', '', '0000-00-00', 2, 579, 'Active', '0'),
(742, 1, '', '', '', 'Mercedes-Benz GLC 64 AMG Coupe Oil Filter', '', '0000-00-00', 2, 580, 'Active', '0'),
(743, 1, '', '', '', 'Mercedes-Benz GLC - Class Coupe Oil Filter', '', '0000-00-00', 2, 581, 'Active', '0'),
(744, 1, '', '', '', 'Mercedes-Benz GLE 63 AMG Oil Filter', '', '0000-00-00', 2, 582, 'Active', '0'),
(745, 1, '', '', '', 'Mercedes-Benz GLE 63 AMG Coupe Oil Filter', '', '0000-00-00', 2, 583, 'Active', '0'),
(746, 1, '', '', '', 'Mercedes-Benz GLE-Class Oil Filter', '', '0000-00-00', 2, 584, 'Active', '0'),
(747, 1, '', '', '', 'Mercedes-Benz GLE- Class Coupe Oil Filter', '', '0000-00-00', 2, 585, 'Active', '0'),
(748, 1, '', '', '', 'Mercedes-Benz GLK-Class Oil Filter', '', '0000-00-00', 2, 586, 'Active', '0'),
(749, 1, '', '', '', 'Mercedes-Benz GLS 63 AMG Oil Filter', '', '0000-00-00', 2, 587, 'Active', '0'),
(750, 1, '', '', '', 'Mercedes-Benz GLS - Class Oil Filter', '', '0000-00-00', 2, 588, 'Active', '0'),
(751, 1, '', '', '', 'Mercedes-Benz M-Class Oil Filter', '', '0000-00-00', 2, 589, 'Active', '0'),
(752, 1, '', '', '', 'Mercedes-Benz ML 63 AMG Oil Filter', '', '0000-00-00', 2, 590, 'Active', '0'),
(753, 1, '', '', '', 'Mercedes-Benz R-Class Oil Filter', '', '0000-00-00', 2, 591, 'Active', '0'),
(754, 1, '', '', '', 'Mercedes-Benz S 63 AMG Oil Filter', '', '0000-00-00', 2, 592, 'Active', '0'),
(755, 1, '', '', '', 'Mercedes-Benz S 63 AMG Coupe Oil Filter', '', '0000-00-00', 2, 593, 'Active', '0'),
(756, 1, '', '', '', 'Mercedes-Benz S65 AMG Oil Filter', '', '0000-00-00', 2, 594, 'Active', '0'),
(757, 1, '', '', '', 'Mercedes-Benz S65 AMG Coupe Oil Filter', '', '0000-00-00', 2, 595, 'Active', '0'),
(758, 1, '', '', '', 'Mercedes-Benz S-Class Oil Filter', '', '0000-00-00', 2, 596, 'Active', '0'),
(759, 1, '', '', '', 'Mercedes-Benz S-Class Coupe Oil Filter', '', '0000-00-00', 2, 597, 'Active', '0'),
(760, 1, '', '', '', 'Mercedes-Benz S-Class Maybach Oil Filter', '', '0000-00-00', 2, 598, 'Active', '0'),
(761, 1, '', '', '', 'Mercedes-Benz SL 63 AMG Oil Filter', '', '0000-00-00', 2, 599, 'Active', '0'),
(762, 1, '', '', '', 'Mercedes-Benz SL 65 AMG Oil Filter', '', '0000-00-00', 2, 600, 'Active', '0'),
(763, 1, '', '', '', 'Mercedes-Benz SL- Class Oil Filter', '', '0000-00-00', 2, 601, 'Active', '0'),
(764, 1, '', '', '', 'Mercedes-Benz SLC - Class Oil Filter', '', '0000-00-00', 2, 602, 'Active', '0'),
(765, 1, '', '', '', 'Mercedes-Benz SLK-Class Oil Filter', '', '0000-00-00', 2, 603, 'Active', '0'),
(766, 1, '', '', '', 'Mercedes-Benz SLR McLaren Oil Filter', '', '0000-00-00', 2, 604, 'Active', '0'),
(767, 1, '', '', '', 'Mercedes-Benz SLS AMG Oil Filter', '', '0000-00-00', 2, 605, 'Active', '0'),
(768, 1, '', '', '', 'Mercedes-Benz SLS AMG Roadster Oil Filter', '', '0000-00-00', 2, 606, 'Active', '0'),
(769, 1, '', '', '', 'Mercedes-Benz Smart Oil Filter', '', '0000-00-00', 2, 607, 'Active', '0'),
(770, 1, '', '', '', 'Mercedes-Benz Sprinter Oil Filter', '', '0000-00-00', 2, 608, 'Active', '0'),
(771, 1, '', '', '', 'Mercedes-Benz V-Class Oil Filter', '', '0000-00-00', 2, 609, 'Active', '0'),
(772, 1, '', '', '', 'Mercedes-Benz Viano Oil Filter', '', '0000-00-00', 2, 610, 'Active', '0'),
(773, 1, '', '', '', 'Mercedes-Benz Vito Oil Filter', '', '0000-00-00', 2, 611, 'Active', '0'),
(774, 1, '', '', '', 'Mercury Grand Marquis Oil Filter', '', '0000-00-00', 2, 612, 'Active', '0'),
(775, 1, '', '', '', 'Mercury Mariner Oil Filter', '', '0000-00-00', 2, 613, 'Active', '0'),
(776, 1, '', '', '', 'Mercury Milan Oil Filter', '', '0000-00-00', 2, 614, 'Active', '0'),
(777, 1, '', '', '', 'Mercury Montego Oil Filter', '', '0000-00-00', 2, 615, 'Active', '0'),
(778, 1, '', '', '', 'Mercury Moutaineer Oil Filter', '', '0000-00-00', 2, 616, 'Active', '0'),
(779, 1, '', '', '', 'MG 3 Oil Filter', '', '0000-00-00', 2, 617, 'Active', '0'),
(780, 1, '', '', '', 'MG 350 Oil Filter', '', '0000-00-00', 2, 618, 'Active', '0'),
(781, 1, '', '', '', 'MG 360 Oil Filter', '', '0000-00-00', 2, 619, 'Active', '0'),
(782, 1, '', '', '', 'MG 5 Oil Filter', '', '0000-00-00', 2, 620, 'Active', '0'),
(783, 1, '', '', '', 'MG 550 Oil Filter', '', '0000-00-00', 2, 621, 'Active', '0'),
(784, 1, '', '', '', 'MG 6 Oil Filter', '', '0000-00-00', 2, 622, 'Active', '0'),
(785, 1, '', '', '', 'MG 750 Oil Filter', '', '0000-00-00', 2, 623, 'Active', '0'),
(786, 1, '', '', '', 'MG GS Oil Filter', '', '0000-00-00', 2, 624, 'Active', '0'),
(787, 1, '', '', '', 'MG GS Oil Filter', '', '0000-00-00', 2, 63, 'Active', '0'),
(788, 1, '', '', '', 'MG RX5 Oil Filter', '', '0000-00-00', 2, 625, 'Active', '0'),
(789, 1, '', '', '', 'MG RX8 Oil Filter', '', '0000-00-00', 2, 626, 'Active', '0'),
(790, 1, '', '', '', 'MG ZS Oil Filter', '', '0000-00-00', 2, 627, 'Active', '0'),
(791, 1, '', '', '', 'Mini Clubman Oil Filter', '', '0000-00-00', 2, 628, 'Active', '0'),
(792, 1, '', '', '', 'Mini Cooper Oil Filter', '', '0000-00-00', 2, 629, 'Active', '0'),
(793, 1, '', '', '', 'Mini Countryman Oil Filter', '', '0000-00-00', 2, 630, 'Active', '0'),
(794, 1, '', '', '', 'Mini Coupe Oil Filter', '', '0000-00-00', 2, 631, 'Active', '0'),
(795, 1, '', '', '', 'Mini Paceman Oil Filter', '', '0000-00-00', 2, 632, 'Active', '0'),
(796, 1, '', '', '', 'Mini Roadster\r\n Oil Filter', '', '0000-00-00', 2, 633, 'Active', '0'),
(797, 1, '', '', '', 'Mitsubishi ASX Oil Filter', '', '0000-00-00', 2, 634, 'Active', '0'),
(798, 1, '', '', '', 'Mitsubishi Attrage Oil Filter', '', '0000-00-00', 2, 635, 'Active', '0'),
(799, 1, '', '', '', 'Mitsubishi Eclipse Oil Filter', '', '0000-00-00', 2, 636, 'Active', '0'),
(800, 1, '', '', '', 'Mitsubishi Eclipse Cross Oil Filter', '', '0000-00-00', 2, 637, 'Active', '0'),
(801, 1, '', '', '', 'Mitsubishi Galant Oil Filter', '', '0000-00-00', 2, 638, 'Active', '0'),
(802, 1, '', '', '', 'Mitsubishi L200 Oil Filter', '', '0000-00-00', 2, 639, 'Active', '0'),
(803, 1, '', '', '', 'Mitsubishi Lancer Oil Filter', '', '0000-00-00', 2, 640, 'Active', '0'),
(804, 1, '', '', '', 'Mitsubishi Lancer Evolution Oil Filter', '', '0000-00-00', 2, 641, 'Active', '0'),
(805, 1, '', '', '', 'Mitsubishi Lancer EX Oil Filter', '', '0000-00-00', 2, 642, 'Active', '0'),
(806, 1, '', '', '', 'Mitsubishi Lancer Fortis Oil Filter', '', '0000-00-00', 2, 643, 'Active', '0'),
(807, 1, '', '', '', 'Mitsubishi Magna Oil Filter', '', '0000-00-00', 2, 644, 'Active', '0'),
(808, 1, '', '', '', 'Mitsubishi Mirage Oil Filter', '', '0000-00-00', 2, 645, 'Active', '0'),
(809, 1, '', '', '', 'Mitsubishi Montero Sport Oil Filter', '', '0000-00-00', 2, 646, 'Active', '0'),
(810, 1, '', '', '', 'Mitsubishi Nativa Oil Filter', '', '0000-00-00', 2, 647, 'Active', '0'),
(811, 1, '', '', '', 'Mitsubishi Outlander Oil Filter', '', '0000-00-00', 2, 648, 'Active', '0'),
(812, 1, '', '', '', 'Mitsubishi Pajero Oil Filter', '', '0000-00-00', 2, 649, 'Active', '0'),
(813, 1, '', '', '', 'Mitsubishi Pajero Sport Oil Filter', '', '0000-00-00', 2, 650, 'Active', '0'),
(814, 1, '', '', '', 'Mitsubishi Pajero SWB Oil Filter', '', '0000-00-00', 2, 651, 'Active', '0'),
(815, 1, '', '', '', 'Morgan Aero8 Oil Filter', '', '0000-00-00', 2, 652, 'Active', '0'),
(816, 1, '', '', '', 'Morgan Plus 4 Oil Filter', '', '0000-00-00', 2, 653, 'Active', '0'),
(817, 1, '', '', '', 'Morgan Plus 8 Oil Filter', '', '0000-00-00', 2, 654, 'Active', '0'),
(818, 1, '', '', '', 'Morgan Roadster Oil Filter', '', '0000-00-00', 2, 655, 'Active', '0'),
(819, 1, '', '', '', 'Nissan 350Z Oil Filter', '', '0000-00-00', 2, 656, 'Active', '0'),
(820, 1, '', '', '', 'Nissan 370Z Oil Filter', '', '0000-00-00', 2, 657, 'Active', '0'),
(821, 1, '', '', '', 'Nissan 370Z Roadster Oil Filter', '', '0000-00-00', 2, 658, 'Active', '0'),
(822, 1, '', '', '', 'Nissan Altima Oil Filter', '', '0000-00-00', 2, 659, 'Active', '0'),
(823, 1, '', '', '', 'Nissan Altima Coupe Oil Filter', '', '0000-00-00', 2, 660, 'Active', '0'),
(824, 1, '', '', '', 'Nissan Armada Oil Filter', '', '0000-00-00', 2, 661, 'Active', '0'),
(825, 1, '', '', '', 'Nissan GT-R Oil Filter', '', '0000-00-00', 2, 662, 'Active', '0'),
(826, 1, '', '', '', 'Nissan Juke Oil Filter', '', '0000-00-00', 2, 663, 'Active', '0'),
(827, 1, '', '', '', 'Nissan Kicks Oil Filter', '', '0000-00-00', 2, 664, 'Active', '0'),
(828, 1, '', '', '', 'Nissan Leaf Oil Filter', '', '0000-00-00', 2, 665, 'Active', '0'),
(829, 1, '', '', '', 'Nissan Maxima Oil Filter', '', '0000-00-00', 2, 666, 'Active', '0'),
(830, 1, '', '', '', 'Nissan Micra Oil Filter', '', '0000-00-00', 2, 667, 'Active', '0'),
(831, 1, '', '', '', 'Nissan Murano Oil Filter', '', '0000-00-00', 2, 668, 'Active', '0'),
(832, 1, '', '', '', 'Nissan Navara Oil Filter', '', '0000-00-00', 2, 669, 'Active', '0'),
(833, 1, '', '', '', 'Nissan Pathfinder Oil Filter', '', '0000-00-00', 2, 670, 'Active', '0'),
(834, 1, '', '', '', 'Nissan Pathfinder Classic Oil Filter', '', '0000-00-00', 2, 671, 'Active', '0'),
(835, 1, '', '', '', 'Nissan Patrol Oil Filter', '', '0000-00-00', 2, 672, 'Active', '0'),
(836, 1, '', '', '', 'Nissan Partol Nismo Oil Filter', '', '0000-00-00', 2, 67, 'Active', '0'),
(837, 1, '', '', '', 'Nissan Patrol Safari Oil Filter', '', '0000-00-00', 2, 674, 'Active', '0'),
(838, 1, '', '', '', 'Nissan Pickup Oil Filter', '', '0000-00-00', 2, 675, 'Active', '0'),
(839, 1, '', '', '', 'Nissan Qashqai Oil Filter', '', '0000-00-00', 2, 676, 'Active', '0'),
(840, 1, '', '', '', 'Nissan Sentra Oil Filter', '', '0000-00-00', 2, 677, 'Active', '0'),
(841, 1, '', '', '', 'Nissan Sunny Oil Filter', '', '0000-00-00', 2, 678, 'Active', '0'),
(842, 1, '', '', '', 'Nissan Tiida Oil Filter', '', '0000-00-00', 2, 679, 'Active', '0'),
(843, 1, '', '', '', 'Nissan Urvan Oil Filter', '', '0000-00-00', 2, 680, 'Active', '0'),
(844, 1, '', '', '', 'Nissan X-Trail Oil Filter', '', '0000-00-00', 2, 681, 'Active', '0'),
(845, 1, '', '', '', 'Nissan Xterra Oil Filter', '', '0000-00-00', 2, 682, 'Active', '0'),
(846, 1, '', '', '', 'Noble M600 Oil Filter', '', '0000-00-00', 2, 683, 'Active', '0'),
(847, 1, '', '', '', 'Opel Adam Oil Filter', '', '0000-00-00', 2, 684, 'Active', '0'),
(848, 1, '', '', '', 'Opel Antara Oil Filter', '', '0000-00-00', 2, 685, 'Active', '0'),
(849, 1, '', '', '', 'Opel Astra Oil Filter', '', '0000-00-00', 2, 686, 'Active', '0'),
(850, 1, '', '', '', 'Opel Astra GTC Oil Filter', '', '0000-00-00', 2, 687, 'Active', '0'),
(851, 1, '', '', '', 'Opel Astra OPC Oil Filter', '', '0000-00-00', 2, 688, 'Active', '0'),
(852, 1, '', '', '', 'Opel Corsa Oil Filter', '', '0000-00-00', 2, 689, 'Active', '0'),
(853, 1, '', '', '', 'Opel Corsa OPC Oil Filter', '', '0000-00-00', 2, 690, 'Active', '0'),
(854, 1, '', '', '', 'Opel Insignia Oil Filter', '', '0000-00-00', 2, 691, 'Active', '0'),
(855, 1, '', '', '', 'Opel Insignia OPC Oil Filter', '', '0000-00-00', 2, 692, 'Active', '0'),
(856, 1, '', '', '', 'Opel Meriva Oil Filter', '', '0000-00-00', 2, 693, 'Active', '0'),
(857, 1, '', '', '', 'Opel Mokka Oil Filter', '', '0000-00-00', 2, 694, 'Active', '0'),
(858, 1, '', '', '', 'Opel Vectra Oil Filter', '', '0000-00-00', 2, 695, 'Active', '0'),
(859, 1, '', '', '', 'Opel Zafira Oil Filter', '', '0000-00-00', 2, 696, 'Active', '0'),
(860, 1, '', '', '', 'Oullim Spirra Oil Filter', '', '0000-00-00', 2, 697, 'Active', '0'),
(861, 1, '', '', '', 'Pagani Huayra Oil Filter', '', '0000-00-00', 2, 698, 'Active', '0'),
(862, 1, '', '', '', 'Peugeot 2008 Oil Filter', '', '0000-00-00', 2, 699, 'Active', '0'),
(863, 1, '', '', '', 'Peugeot 206 Oil Filter', '', '0000-00-00', 2, 700, 'Active', '0'),
(864, 1, '', '', '', 'Peugeot 207 Oil Filter', '', '0000-00-00', 2, 701, 'Active', '0'),
(865, 1, '', '', '', 'Peugeot 208 Oil Filter', '', '0000-00-00', 2, 702, 'Active', '0'),
(866, 1, '', '', '', 'Peugeot 3008 Oil Filter', '', '0000-00-00', 2, 703, 'Active', '0'),
(867, 1, '', '', '', 'Peugeot 301 Oil Filter', '', '0000-00-00', 2, 704, 'Active', '0'),
(868, 1, '', '', '', 'Peugeot 307 Oil Filter', '', '0000-00-00', 2, 705, 'Active', '0'),
(869, 1, '', '', '', 'Peugeot 308 Oil Filter', '', '0000-00-00', 2, 706, 'Active', '0'),
(870, 1, '', '', '', 'Peugeot 308 CC Oil Filter', '', '0000-00-00', 2, 707, 'Active', '0'),
(871, 1, '', '', '', 'Peugeot 407 Oil Filter', '', '0000-00-00', 2, 708, 'Active', '0'),
(872, 1, '', '', '', 'Peugeot 407 Coupe Oil Filter', '', '0000-00-00', 2, 709, 'Active', '0'),
(873, 1, '', '', '', 'Peugeot 408 Oil Filter', '', '0000-00-00', 2, 710, 'Active', '0'),
(874, 1, '', '', '', 'Peugeot 5008 Oil Filter', '', '0000-00-00', 2, 711, 'Active', '0'),
(875, 1, '', '', '', 'Peugeot 508 Oil Filter', '', '0000-00-00', 2, 712, 'Active', '0'),
(876, 1, '', '', '', 'Peugeot 607 Oil Filter', '', '0000-00-00', 2, 713, 'Active', '0'),
(877, 1, '', '', '', 'Peugeot Boxer Oil Filter', '', '0000-00-00', 2, 714, 'Active', '0'),
(878, 1, '', '', '', 'Peugeot Expert Oil Filter', '', '0000-00-00', 2, 715, 'Active', '0'),
(879, 1, '', '', '', 'Peugeot Partner Oil Filter', '', '0000-00-00', 2, 716, 'Active', '0'),
(880, 1, '', '', '', 'Peugeot RCZ Oil Filter', '', '0000-00-00', 2, 717, 'Active', '0'),
(881, 1, '', '', '', 'PGO Cevennes Oil Filter', '', '0000-00-00', 2, 718, 'Active', '0'),
(882, 1, '', '', '', 'PGO Speedster Oil Filter', '', '0000-00-00', 2, 719, 'Active', '0'),
(883, 1, '', '', '', 'Pontiac TransAm Oil Filter', '', '0000-00-00', 2, 720, 'Active', '0'),
(884, 1, '', '', '', 'Porsche 911 Oil Filter', '', '0000-00-00', 2, 721, 'Active', '0'),
(885, 1, '', '', '', 'Porsche 911 Cabriolet Oil Filter', '', '0000-00-00', 2, 722, 'Active', '0'),
(886, 1, '', '', '', 'Porsche 911 GT2 Oil Filter', '', '0000-00-00', 2, 723, 'Active', '0'),
(887, 1, '', '', '', 'Porsche 911 GT3 Oil Filter', '', '0000-00-00', 2, 724, 'Active', '0'),
(888, 1, '', '', '', 'Porsche 911 Turbo Oil Filter', '', '0000-00-00', 2, 725, 'Active', '0'),
(889, 1, '', '', '', 'Porsche 911 Turbo Cabriolet Oil Filter', '', '0000-00-00', 2, 726, 'Active', '0'),
(890, 1, '', '', '', 'Porsche 918 Spyder Oil Filter', '', '0000-00-00', 2, 727, 'Active', '0'),
(891, 1, '', '', '', 'Porsche Boxster Oil Filter', '', '0000-00-00', 2, 728, 'Active', '0'),
(892, 1, '', '', '', 'Porsche Cayenne Oil Filter', '', '0000-00-00', 2, 729, 'Active', '0'),
(893, 1, '', '', '', 'Porsche Cayman Oil Filter', '', '0000-00-00', 2, 730, 'Active', '0'),
(894, 1, '', '', '', 'Porsche Macan Oil Filter', '', '0000-00-00', 2, 731, 'Active', '0'),
(895, 1, '', '', '', 'Porsche Panamera Oil Filter', '', '0000-00-00', 2, 732, 'Active', '0'),
(896, 1, '', '', '', 'Proton Gen-2 Oil Filter', '', '0000-00-00', 2, 733, 'Active', '0'),
(897, 1, '', '', '', 'Proton Savvy Oil Filter', '', '0000-00-00', 2, 734, 'Active', '0'),
(898, 1, '', '', '', 'Proton Waja Oil Filter', '', '0000-00-00', 2, 735, 'Active', '0'),
(899, 1, '', '', '', 'Proton Wira Oil Filter', '', '0000-00-00', 2, 736, 'Active', '0'),
(900, 1, '', '', '', 'Ram 1200 Oil Filter', '', '0000-00-00', 2, 737, 'Active', '0'),
(901, 1, '', '', '', 'Ram 1500 Oil Filter', '', '0000-00-00', 2, 738, 'Active', '0'),
(902, 1, '', '', '', 'Renault Captur Oil Filter', '', '0000-00-00', 2, 739, 'Active', '0'),
(903, 1, '', '', '', 'Renault Clio Oil Filter', '', '0000-00-00', 2, 740, 'Active', '0'),
(904, 1, '', '', '', 'Renault Clio RS Oil Filter', '', '0000-00-00', 2, 741, 'Active', '0'),
(905, 1, '', '', '', 'Renault Dokker Van Oil Filter', '', '0000-00-00', 2, 742, 'Active', '0'),
(906, 1, '', '', '', 'Renault Duster Oil Filter', '', '0000-00-00', 2, 743, 'Active', '0'),
(907, 1, '', '', '', 'Renault Espace Oil Filter', '', '0000-00-00', 2, 744, 'Active', '0'),
(908, 1, '', '', '', 'Renault Fluence  Oil Filter', '', '0000-00-00', 2, 745, 'Active', '0'),
(909, 1, '', '', '', 'Renault Keleos Oil Filter', '', '0000-00-00', 2, 746, 'Active', '0'),
(910, 1, '', '', '', 'Renault Laguna Oil Filter', '', '0000-00-00', 2, 747, 'Active', '0'),
(911, 1, '', '', '', 'Renault Laguna Coupe Oil Filter', '', '0000-00-00', 2, 748, 'Active', '0'),
(912, 1, '', '', '', 'Renault Logan Oil Filter', '', '0000-00-00', 2, 749, 'Active', '0'),
(913, 1, '', '', '', 'Renault Logan Van Oil Filter', '', '0000-00-00', 2, 750, 'Active', '0'),
(914, 1, '', '', '', 'Renault Megane Oil Filter', '', '0000-00-00', 2, 751, 'Active', '0'),
(915, 1, '', '', '', 'Renault Megane CC Oil Filter', '', '0000-00-00', 2, 752, 'Active', '0'),
(916, 1, '', '', '', 'Renault Megane RS Oil Filter', '', '0000-00-00', 2, 753, 'Active', '0'),
(917, 1, '', '', '', 'Renault Safrane Oil Filter', '', '0000-00-00', 2, 754, 'Active', '0'),
(918, 1, '', '', '', 'Renault Scenic Oil Filter', '', '0000-00-00', 2, 755, 'Active', '0'),
(919, 1, '', '', '', 'Renault Symbol Oil Filter', '', '0000-00-00', 2, 756, 'Active', '0'),
(920, 1, '', '', '', 'Renault Talisman Oil Filter', '', '0000-00-00', 2, 757, 'Active', '0'),
(921, 1, '', '', '', 'Renault Trafic Oil Filter', '', '0000-00-00', 2, 758, 'Active', '0'),
(922, 1, '', '', '', 'Renault Twizy Oil Filter', '', '0000-00-00', 2, 759, 'Active', '0'),
(923, 1, '', '', '', 'Renault Zeo Oil Filter', '', '0000-00-00', 2, 760, 'Active', '0'),
(924, 1, '', '', '', 'Rolls Royce Cullian Oil Filter', '', '0000-00-00', 2, 761, 'Active', '0'),
(925, 1, '', '', '', 'Rolls Royce Dawn Oil Filter', '', '0000-00-00', 2, 762, 'Active', '0'),
(926, 1, '', '', '', 'Rolls Royce Drophead Coupe Oil Filter', '', '0000-00-00', 2, 763, 'Active', '0'),
(927, 1, '', '', '', 'Rolls Royce Ghost Oil Filter', '', '0000-00-00', 2, 764, 'Active', '0'),
(928, 1, '', '', '', 'Rolls Royce Phanthom Oil Filter', '', '0000-00-00', 2, 765, 'Active', '0'),
(929, 1, '', '', '', 'Rolls Royce Silver Seraph Oil Filter', '', '0000-00-00', 2, 766, 'Active', '0'),
(930, 1, '', '', '', 'Rolls Royce Wraith Oil Filter', '', '0000-00-00', 2, 767, 'Active', '0'),
(931, 1, '', '', '', 'Saab 43346 Oil Filter', '', '0000-00-00', 2, 768, 'Active', '0'),
(932, 1, '', '', '', 'Saab 43348 Oil Filter', '', '0000-00-00', 2, 769, 'Active', '0'),
(933, 1, '', '', '', 'Saab 9-7X Oil Filter', '', '0000-00-00', 2, 770, 'Active', '0'),
(934, 1, '', '', '', 'Seat  Altera Oil Filter', '', '0000-00-00', 2, 771, 'Active', '0'),
(935, 1, '', '', '', 'Seat  Cordoba Oil Filter', '', '0000-00-00', 2, 772, 'Active', '0'),
(936, 1, '', '', '', 'Seat  Exeo Oil Filter', '', '0000-00-00', 2, 773, 'Active', '0'),
(937, 1, '', '', '', 'Seat  Ibiza Oil Filter', '', '0000-00-00', 2, 774, 'Active', '0'),
(938, 1, '', '', '', 'Seat  Leon Oil Filter', '', '0000-00-00', 2, 775, 'Active', '0'),
(939, 1, '', '', '', 'Seat  Toledo Oil Filter', '', '0000-00-00', 2, 776, 'Active', '0'),
(940, 1, '', '', '', 'Skoda Fabia Oil Filter', '', '0000-00-00', 2, 777, 'Active', '0'),
(941, 1, '', '', '', 'Skoda Kodiaq Oil Filter', '', '0000-00-00', 2, 778, 'Active', '0'),
(942, 1, '', '', '', 'Skoda Octavia Oil Filter', '', '0000-00-00', 2, 779, 'Active', '0'),
(943, 1, '', '', '', 'Skoda Roomster Oil Filter', '', '0000-00-00', 2, 780, 'Active', '0'),
(944, 1, '', '', '', 'Skoda Superb Oil Filter', '', '0000-00-00', 2, 781, 'Active', '0'),
(945, 1, '', '', '', 'Skoda Yeti Oil Filter', '', '0000-00-00', 2, 782, 'Active', '0'),
(946, 1, '', '', '', 'Spyker C8 Oil Filter', '', '0000-00-00', 2, 783, 'Active', '0'),
(947, 1, '', '', '', 'Sscanyong Actyon Oil Filter', '', '0000-00-00', 2, 784, 'Active', '0'),
(948, 1, '', '', '', 'Sscanyong Korando Oil Filter', '', '0000-00-00', 2, 785, 'Active', '0'),
(949, 1, '', '', '', 'Sscanyong Kyron Oil Filter', '', '0000-00-00', 2, 786, 'Active', '0'),
(950, 1, '', '', '', 'Sscanyong Mussa Oil Filter', '', '0000-00-00', 2, 787, 'Active', '0'),
(951, 1, '', '', '', 'Sscanyong Rexton Oil Filter', '', '0000-00-00', 2, 788, 'Active', '0'),
(952, 1, '', '', '', 'Sscanyong Rodius Oil Filter', '', '0000-00-00', 2, 789, 'Active', '0'),
(953, 1, '', '', '', 'Sscanyong Tivoli Oil Filter', '', '0000-00-00', 2, 790, 'Active', '0'),
(954, 1, '', '', '', 'Subaru BRZ Oil Filter', '', '0000-00-00', 2, 791, 'Active', '0'),
(955, 1, '', '', '', 'Subaru Forester Oil Filter', '', '0000-00-00', 2, 792, 'Active', '0'),
(956, 1, '', '', '', 'Subaru Impreza Oil Filter', '', '0000-00-00', 2, 793, 'Active', '0'),
(957, 1, '', '', '', 'Subaru Impreza WRX Oil Filter', '', '0000-00-00', 2, 794, 'Active', '0'),
(958, 1, '', '', '', 'Subaru Impreza WRX ST1 Oil Filter', '', '0000-00-00', 2, 795, 'Active', '0'),
(959, 1, '', '', '', 'Subaru Legacy Oil Filter', '', '0000-00-00', 2, 796, 'Active', '0'),
(960, 1, '', '', '', 'Subaru Outback Oil Filter', '', '0000-00-00', 2, 797, 'Active', '0'),
(961, 1, '', '', '', 'Subaru Tribeca Oil Filter', '', '0000-00-00', 2, 798, 'Active', '0'),
(962, 1, '', '', '', 'Subaru XV Oil Filter', '', '0000-00-00', 2, 799, 'Active', '0'),
(963, 1, '', '', '', 'Tata Indica Oil Filter', '', '0000-00-00', 2, 800, 'Active', '0'),
(964, 1, '', '', '', 'Tata indigo Oil Filter', '', '0000-00-00', 2, 801, 'Active', '0'),
(965, 1, '', '', '', 'Tata Xenon Oil Filter', '', '0000-00-00', 2, 802, 'Active', '0'),
(966, 1, '', '', '', 'Toyota 86 Oil Filter', '', '0000-00-00', 2, 803, 'Active', '0'),
(967, 1, '', '', '', 'Toyota Aurion Oil Filter', '', '0000-00-00', 2, 804, 'Active', '0'),
(968, 1, '', '', '', 'Toyota Avalon Oil Filter', '', '0000-00-00', 2, 805, 'Active', '0'),
(969, 1, '', '', '', 'Toyota Avanza Oil Filter', '', '0000-00-00', 2, 806, 'Active', '0'),
(970, 1, '', '', '', 'Toyota Camry Oil Filter', '', '0000-00-00', 2, 807, 'Active', '0'),
(971, 1, '', '', '', 'Toyota Corolla Oil Filter', '', '0000-00-00', 2, 808, 'Active', '0'),
(972, 1, '', '', '', 'Toyota FJ Cruiser Oil Filter', '', '0000-00-00', 2, 809, 'Active', '0'),
(973, 1, '', '', '', 'Toyota Fortuner Oil Filter', '', '0000-00-00', 2, 810, 'Active', '0'),
(974, 1, '', '', '', 'Toyota Hiace Oil Filter', '', '0000-00-00', 2, 811, 'Active', '0'),
(975, 1, '', '', '', 'Toyota Hilux Oil Filter', '', '0000-00-00', 2, 812, 'Active', '0'),
(976, 1, '', '', '', 'Toyota Innova Oil Filter', '', '0000-00-00', 2, 813, 'Active', '0'),
(977, 1, '', '', '', 'Toyota Land Cruiser Oil Filter', '', '0000-00-00', 2, 814, 'Active', '0'),
(978, 1, '', '', '', 'Toyota Land Cruiser 70 Oil Filter', '', '0000-00-00', 2, 815, 'Active', '0'),
(979, 1, '', '', '', 'Toyota Land Cruiser Pickup Oil Filter', '', '0000-00-00', 2, 816, 'Active', '0'),
(980, 1, '', '', '', 'Toyota Land Cruiser Prado Oil Filter', '', '0000-00-00', 2, 817, 'Active', '0'),
(981, 1, '', '', '', 'Toyota Land Cruiser Prado SWB Oil Filter', '', '0000-00-00', 2, 818, 'Active', '0'),
(982, 1, '', '', '', 'Toyota Previa Oil Filter', '', '0000-00-00', 2, 819, 'Active', '0'),
(983, 1, '', '', '', 'Toyota Prius Oil Filter', '', '0000-00-00', 2, 820, 'Active', '0'),
(984, 1, '', '', '', 'Toyota RAV-4 Oil Filter', '', '0000-00-00', 2, 821, 'Active', '0'),
(985, 1, '', '', '', 'Toyota Rush Oil Filter', '', '0000-00-00', 2, 822, 'Active', '0'),
(986, 1, '', '', '', 'Toyota Sequoia Oil Filter', '', '0000-00-00', 2, 823, 'Active', '0'),
(987, 1, '', '', '', 'Toyota Sienna Oil Filter', '', '0000-00-00', 2, 824, 'Active', '0'),
(988, 1, '', '', '', 'Toyota Supra Oil Filter', '', '0000-00-00', 2, 825, 'Active', '0'),
(989, 1, '', '', '', 'Toyota Tundra Oil Filter', '', '0000-00-00', 2, 826, 'Active', '0'),
(990, 1, '', '', '', 'Toyota xA Oil Filter', '', '0000-00-00', 2, 827, 'Active', '0'),
(991, 1, '', '', '', 'Toyota Yaris Oil Filter', '', '0000-00-00', 2, 828, 'Active', '0'),
(992, 1, '', '', '', 'Toyota Yaris Sedan Oil Filter', '', '0000-00-00', 2, 829, 'Active', '0'),
(993, 1, '', '', '', 'Toyota Zelas Oil Filter', '', '0000-00-00', 2, 830, 'Active', '0'),
(994, 1, '', '', '', 'Volkswagen Amarok Oil Filter', '', '0000-00-00', 2, 831, 'Active', '0'),
(995, 1, '', '', '', 'Volkswagen Arteon Oil Filter', '', '0000-00-00', 2, 832, 'Active', '0'),
(996, 1, '', '', '', 'Volkswagen Beetle Oil Filter', '', '0000-00-00', 2, 833, 'Active', '0'),
(997, 1, '', '', '', 'Volkswagen Beetle Cabriolet Oil Filter', '', '0000-00-00', 2, 834, 'Active', '0'),
(998, 1, '', '', '', 'Volkswagen Eos Oil Filter', '', '0000-00-00', 2, 835, 'Active', '0'),
(999, 1, '', '', '', 'Volkswagen Golf Oil Filter', '', '0000-00-00', 2, 836, 'Active', '0'),
(1000, 1, '', '', '', 'Volkswagen Golf GTI Oil Filter', '', '0000-00-00', 2, 837, 'Active', '0'),
(1001, 1, '', '', '', 'Volkswagen Golf Plus Oil Filter', '', '0000-00-00', 2, 838, 'Active', '0'),
(1002, 1, '', '', '', 'Volkswagen Golf R Oil Filter', '', '0000-00-00', 2, 839, 'Active', '0'),
(1003, 1, '', '', '', 'Volkswagen Golf R32 Oil Filter', '', '0000-00-00', 2, 840, 'Active', '0'),
(1004, 1, '', '', '', 'Volkswagen Jetta Oil Filter', '', '0000-00-00', 2, 841, 'Active', '0'),
(1005, 1, '', '', '', 'Volkswagen Multivan Oil Filter', '', '0000-00-00', 2, 842, 'Active', '0'),
(1006, 1, '', '', '', 'Volkswagen Passat Oil Filter', '', '0000-00-00', 2, 843, 'Active', '0'),
(1007, 1, '', '', '', 'Volkswagen Passat CC Oil Filter', '', '0000-00-00', 2, 844, 'Active', '0'),
(1008, 1, '', '', '', 'Volkswagen Phaeton Oil Filter', '', '0000-00-00', 2, 845, 'Active', '0'),
(1009, 1, '', '', '', 'Volkswagen Polo Oil Filter', '', '0000-00-00', 2, 846, 'Active', '0'),
(1010, 1, '', '', '', 'Volkswagen Polo Sedan Oil Filter', '', '0000-00-00', 2, 847, 'Active', '0'),
(1011, 1, '', '', '', 'Volkswagen Scirocco Oil Filter', '', '0000-00-00', 2, 848, 'Active', '0'),
(1012, 1, '', '', '', 'Volkswagen Scirocco R Oil Filter', '', '0000-00-00', 2, 849, 'Active', '0'),
(1013, 1, '', '', '', 'Volkswagen Sharan Oil Filter', '', '0000-00-00', 2, 850, 'Active', '0'),
(1014, 1, '', '', '', 'Volkswagen Teramont Oil Filter', '', '0000-00-00', 2, 851, 'Active', '0'),
(1015, 1, '', '', '', 'Volkswagen Tiguan Oil Filter', '', '0000-00-00', 2, 852, 'Active', '0'),
(1016, 1, '', '', '', 'Volkswagen Touareg Oil Filter', '', '0000-00-00', 2, 853, 'Active', '0'),
(1017, 1, '', '', '', 'Volkswagen Touran Oil Filter', '', '0000-00-00', 2, 854, 'Active', '0'),
(1018, 1, '', '', '', 'Volvo C30 Oil Filter', '', '0000-00-00', 2, 855, 'Active', '0'),
(1019, 1, '', '', '', 'Volvo C70 Oil Filter', '', '0000-00-00', 2, 856, 'Active', '0'),
(1020, 1, '', '', '', 'Volvo S40 Oil Filter', '', '0000-00-00', 2, 857, 'Active', '0'),
(1021, 1, '', '', '', 'Volvo S60 Oil Filter', '', '0000-00-00', 2, 858, 'Active', '0'),
(1022, 1, '', '', '', 'Volvo S60 Polestar Oil Filter', '', '0000-00-00', 2, 859, 'Active', '0'),
(1023, 1, '', '', '', 'Volvo S80 Oil Filter', '', '0000-00-00', 2, 860, 'Active', '0'),
(1024, 1, '', '', '', 'Volvo S90 Oil Filter', '', '0000-00-00', 2, 861, 'Active', '0'),
(1025, 1, '', '', '', 'Volvo V40 Oil Filter', '', '0000-00-00', 2, 862, 'Active', '0'),
(1026, 1, '', '', '', 'Volvo V50 Oil Filter', '', '0000-00-00', 2, 863, 'Active', '0'),
(1027, 1, '', '', '', 'Volvo V60 Oil Filter', '', '0000-00-00', 2, 864, 'Active', '0'),
(1028, 1, '', '', '', 'Volvo V60 Polestar Oil Filter', '', '0000-00-00', 2, 865, 'Active', '0'),
(1029, 1, '', '', '', 'Volvo V70 Oil Filter', '', '0000-00-00', 2, 866, 'Active', '0'),
(1030, 1, '', '', '', 'Volvo V90 Oil Filter', '', '0000-00-00', 2, 867, 'Active', '0'),
(1031, 1, '', '', '', 'Volvo XC40 Oil Filter', '', '0000-00-00', 2, 868, 'Active', '0'),
(1032, 1, '', '', '', 'Volvo XC60 Oil Filter', '', '0000-00-00', 2, 869, 'Active', '0'),
(1033, 1, '', '', '', 'Volvo XC70 Oil Filter', '', '0000-00-00', 2, 870, 'Active', '0'),
(1034, 1, '', '', '', 'Volvo XC90 Oil Filter', '', '0000-00-00', 2, 871, 'Active', '0'),
(1035, 1, '', '', '', 'SNA Onting Oil Filter', '', '0000-00-00', 2, 872, 'Active', '0'),
(1036, 1, '', '', '', 'SNA Rich Oil Filter', '', '0000-00-00', 2, 873, 'Active', '0'),
(1037, 1, '', '', '', 'SNA Yumsun Oil Filter', '', '0000-00-00', 2, 874, 'Active', '0'),
(1038, 1, '', '', '', 'Zotye T600 Oil Filter', '', '0000-00-00', 2, 875, 'Active', '0'),
(1039, 1, '', '', '', 'Zotye Z100 Oil Filter', '', '0000-00-00', 2, 876, 'Active', '0'),
(1040, 1, '', '', '', 'Baleno Oil Filter', '', '0000-00-00', 2, 951, 'Active', '0'),
(1041, 1, '', '', '', 'FREE Fuel Injector cleaner (worth AED 40)', '', '0000-00-00', 3, 0, 'Active', '1'),
(1042, 2, 'asdas', '', 'uploads/pic2.jpg', 'asdas 7000 Kms', '', '0000-00-00', 1, 0, 'Active', '0');

-- --------------------------------------------------------

--
-- Table structure for table `cards`
--

CREATE TABLE `cards` (
  `id` int(11) NOT NULL,
  `cardno` text COLLATE utf8_unicode_ci NOT NULL,
  `cvv` text COLLATE utf8_unicode_ci NOT NULL,
  `expirtdate` text COLLATE utf8_unicode_ci NOT NULL,
  `u_id` int(11) NOT NULL,
  `cardtype` text COLLATE utf8_unicode_ci NOT NULL
) ENGINE=MyISAM DEFAULT CHARSET=utf8 COLLATE=utf8_unicode_ci;

--
-- Dumping data for table `cards`
--

INSERT INTO `cards` (`id`, `cardno`, `cvv`, `expirtdate`, `u_id`, `cardtype`) VALUES
(1, '4242-4242-4242-4242', '321', '06/2024', 16, 'visa'),
(2, '4242-4242-4242-4242', '321', '06/2024', 16, 'visa');

-- --------------------------------------------------------

--
-- Table structure for table `car_made`
--

CREATE TABLE `car_made` (
  `made_id` int(11) NOT NULL,
  `name` text NOT NULL,
  `fav` int(5) NOT NULL
) ENGINE=InnoDB DEFAULT CHARSET=latin1;

--
-- Dumping data for table `car_made`
--

INSERT INTO `car_made` (`made_id`, `name`, `fav`) VALUES
(1, 'Acura', 0),
(2, 'Alfa Romeo', 0),
(3, 'Aston Martin', 1),
(4, 'Audi', 1),
(5, 'BAIC', 0),
(6, 'Bentley', 0),
(7, 'BMW', 1),
(8, 'Borgward', 0),
(9, 'Brilliance', 0),
(10, 'Bugatti', 0),
(11, 'BYD', 0),
(12, 'Cadillac', 0),
(13, 'Caterham', 0),
(14, 'Changan', 0),
(15, 'Chery', 0),
(16, 'Chevrolet', 1),
(17, 'Chrysler', 0),
(18, 'Citroen', 0),
(19, 'CMC', 0),
(20, 'Daihatsu', 0),
(21, 'Datsun', 0),
(22, 'Dodge', 0),
(23, 'Dongfeng', 0),
(24, 'Ferrari', 0),
(25, 'Fiat', 0),
(26, 'Fisker', 0),
(27, 'Ford', 1),
(28, 'Foton', 0),
(29, 'GAC', 0),
(30, 'Geely', 0),
(31, 'Genesis', 0),
(32, 'GMC', 1),
(33, 'Great Wall', 0),
(34, 'Haval', 0),
(35, 'Honda', 1),
(36, 'Hongqi', 0),
(37, 'Hummer', 0),
(38, 'Hyundai', 1),
(39, 'Infiniti', 1),
(40, 'International', 0),
(41, 'Isuzu', 0),
(42, 'JAC', 0),
(43, 'Jaguar', 0),
(44, 'Jeep', 0),
(45, 'Kia', 1),
(46, 'King Long', 0),
(47, 'Koenigsegg', 0),
(48, 'KTM', 0),
(49, 'Lamborghini', 0),
(50, 'Land Rover', 1),
(51, 'Lexus', 1),
(52, 'Lincoln', 0),
(53, 'Lotus', 0),
(54, 'Luxgen', 0),
(55, 'Mahindra', 0),
(56, 'Maserati', 0),
(57, 'Maxus', 0),
(58, 'Maybach', 0),
(59, 'Mazda', 1),
(60, 'McLaren', 0),
(61, 'Mercedes-Benz', 1),
(62, 'Mercury', 0),
(63, 'MG', 0),
(64, 'Mini', 0),
(65, 'Mitsubishi', 1),
(66, 'Morgan', 0),
(67, 'Nissan', 1),
(68, 'Noble', 0),
(69, 'Opel', 0),
(70, 'Oullim', 0),
(71, 'Pagani', 0),
(72, 'Peugeot', 0),
(73, 'PGO', 0),
(74, 'Pontiac', 0),
(75, 'Porsche', 0),
(76, 'Proton', 0),
(77, 'Ram', 0),
(78, 'Renault', 0),
(79, 'Rolls Royce', 0),
(80, 'Saab', 0),
(81, 'Seat ', 0),
(82, 'Skoda', 0),
(83, 'Spyker', 0),
(84, 'Sscanyong', 0),
(85, 'Subaru', 0),
(86, 'Tata', 0),
(87, 'Toyota', 1),
(88, 'Volkswagen', 1),
(89, 'Volvo', 0),
(90, 'SNA', 0),
(91, 'Zotye', 0),
(92, 'Suzuki', 1);

-- --------------------------------------------------------

--
-- Table structure for table `car_model`
--

CREATE TABLE `car_model` (
  `model_id` int(11) NOT NULL,
  `car_made_id` int(11) NOT NULL,
  `model_name` text NOT NULL
) ENGINE=InnoDB DEFAULT CHARSET=latin1;

--
-- Dumping data for table `car_model`
--

INSERT INTO `car_model` (`model_id`, `car_made_id`, `model_name`) VALUES
(1, 1, 'MDX'),
(2, 1, 'TLX'),
(3, 2, '147'),
(4, 2, '156'),
(5, 2, '159'),
(6, 2, '166'),
(7, 2, '4C'),
(8, 2, 'Brera'),
(9, 2, 'Giulia'),
(10, 2, 'Giulia QV'),
(11, 2, 'Giulietta'),
(12, 2, 'Giulietta QV'),
(13, 2, 'GT Coupe'),
(14, 2, 'Mito'),
(15, 2, 'Spider'),
(16, 2, 'Stelvo'),
(17, 2, 'Stelvo QV'),
(18, 3, 'DB11'),
(19, 3, 'DB11 Volante'),
(20, 3, 'DB7'),
(21, 3, 'DB9'),
(22, 3, 'DB9 Volante'),
(23, 3, 'DBS'),
(24, 3, 'One-77'),
(25, 3, 'Rapide'),
(26, 3, 'V12 Vantage'),
(27, 3, 'V12 Vantage Roadster'),
(28, 3, 'V8 Vintage'),
(29, 3, 'V8 Vintage Roadster'),
(30, 3, 'Vanquish'),
(31, 3, 'Vanquish Volante'),
(32, 3, 'Zagato'),
(33, 4, 'A1'),
(34, 4, 'A3'),
(35, 4, 'A3 Sedan'),
(36, 4, 'A4'),
(37, 4, 'A5 Cabriolet'),
(38, 4, 'A5 Coupe'),
(39, 4, 'A5 Sportback'),
(40, 4, 'A6'),
(41, 4, 'A7'),
(42, 4, 'A8'),
(43, 4, 'Q2'),
(44, 4, 'Q3'),
(45, 4, 'Q5'),
(46, 4, 'Q7'),
(47, 4, 'Q8'),
(48, 4, 'R8'),
(49, 4, 'R8 Spider'),
(50, 4, 'RS 3'),
(51, 4, 'RS 3 Sedan'),
(52, 4, 'RS 4'),
(53, 4, 'RS 5'),
(54, 4, 'RS 6 '),
(55, 4, 'RS 7'),
(56, 4, 'RS Q3'),
(57, 4, 'S Q5'),
(58, 4, 'S3'),
(59, 4, 'S5'),
(60, 4, 'S6'),
(61, 4, 'S7'),
(62, 4, 'S8'),
(63, 4, 'TT'),
(64, 5, 'A1 Hatchback'),
(65, 5, 'A1 Sedan'),
(66, 5, 'A5 Sedan'),
(67, 6, 'Arnage'),
(68, 6, 'Azure'),
(69, 6, 'Bentayga'),
(70, 6, 'Brooklands'),
(71, 6, 'Continental'),
(72, 6, 'Continental Flying Spur'),
(73, 6, 'Continental GT'),
(74, 6, 'Continental GTC'),
(75, 6, 'Flying Spur'),
(76, 6, 'Mulsanne'),
(77, 7, '1-Series'),
(78, 7, '2- Series'),
(79, 7, '3-Series'),
(80, 7, '3-Series Convertible'),
(81, 7, '3-Series Coupe'),
(82, 7, '4-Series'),
(83, 7, '4-Series Convertabile'),
(84, 7, '4-Series Gran Coupe'),
(85, 7, '5-Series'),
(86, 7, '5-Series GT'),
(87, 7, '6-Series Cabriolet'),
(88, 7, '6-Series Coupe'),
(89, 7, '6-Series Gran Coupe'),
(90, 7, '6-Series Gran Turismo'),
(91, 7, '7-Series'),
(92, 7, '8-Series'),
(93, 7, 'i8'),
(94, 7, 'M2'),
(95, 7, 'M3'),
(96, 7, 'M3 Convertible'),
(97, 7, 'M3 Coupe'),
(98, 7, 'M4'),
(99, 7, 'M4 Convertible '),
(100, 7, 'M5'),
(101, 7, 'M6 Cabriolet'),
(102, 7, 'M6 Coupe'),
(103, 7, 'M6 Gran Coupe'),
(104, 7, 'X1'),
(105, 7, 'X2'),
(106, 7, 'X3'),
(107, 7, 'X4'),
(108, 7, 'X5'),
(109, 7, 'X6'),
(110, 7, 'X6 M'),
(111, 7, 'X7'),
(112, 7, 'Z4'),
(113, 8, 'BX5'),
(114, 8, 'BX7'),
(115, 9, 'FRV'),
(116, 9, 'FRV Cross'),
(117, 9, 'FSV'),
(118, 9, 'H530'),
(119, 9, 'V5'),
(120, 10, 'Chiron'),
(121, 10, 'Veyron'),
(122, 11, 'F3'),
(123, 11, 'F6'),
(124, 11, 'S6'),
(125, 12, 'ATS'),
(126, 12, 'ATS Coupe'),
(127, 12, 'ATS-V'),
(128, 12, 'ATS-V Coupe'),
(129, 12, 'BLS'),
(130, 12, 'CT6'),
(131, 12, 'CTS'),
(132, 12, 'CTS Coupe'),
(133, 12, 'CTS-V'),
(134, 12, 'CTS-V Coupe'),
(135, 12, 'DTS'),
(136, 12, 'Escalade'),
(137, 12, 'SLS'),
(138, 12, 'SRX'),
(139, 12, 'STS'),
(140, 12, 'XLR'),
(141, 12, 'XT5'),
(142, 12, 'XTS'),
(143, 13, 'Seven'),
(144, 14, 'CS35'),
(145, 14, 'CS75'),
(146, 14, 'Eado'),
(147, 15, 'A11 Windcloud'),
(148, 15, 'Arrizo 3'),
(149, 15, 'Arrizo 5'),
(150, 15, 'Arrizo 7'),
(151, 15, 'B11 Oriental Son'),
(152, 15, 'E5'),
(153, 15, 'E8'),
(154, 15, 'S11 QQ'),
(155, 15, 'T11 Tiggo'),
(156, 15, 'Tiggo 3'),
(157, 15, 'Tiggo 5'),
(158, 15, 'Tiggo 7'),
(159, 15, 'V5 Crossover'),
(160, 16, 'Astro'),
(161, 16, 'Avalanche'),
(162, 16, 'Aveo'),
(163, 16, 'Aveo Hatchback'),
(164, 16, 'Aveo 5'),
(165, 16, 'Bolt'),
(166, 16, 'Camaro'),
(167, 16, 'Camaro Convertible'),
(168, 16, 'Caprice'),
(169, 16, 'Captiva'),
(170, 16, 'Colorado'),
(171, 16, 'Cruze'),
(172, 16, 'Cruse Hatchback'),
(173, 16, 'CSV CR8'),
(174, 16, 'Epica '),
(175, 16, 'Equinox'),
(176, 16, 'Impala'),
(177, 16, 'Lumina'),
(178, 16, 'Malibu'),
(179, 16, 'Optra'),
(180, 16, 'Silverado'),
(181, 16, 'Sonic'),
(182, 16, 'Sonic Hatchback'),
(183, 16, 'Spark'),
(184, 16, 'Suburban'),
(185, 16, 'T-Series'),
(186, 16, 'Tahoe'),
(187, 16, 'Trailblazer'),
(188, 16, 'Traverse'),
(189, 16, 'Trax'),
(190, 16, 'Uplander'),
(191, 17, '200'),
(192, 17, '300 SRT'),
(193, 17, '300C'),
(194, 17, 'Crossfire'),
(195, 17, 'Grand Voyager'),
(196, 17, 'Pacifica'),
(197, 17, 'PT Cruiser'),
(198, 17, 'Sebring'),
(199, 18, 'C-Elysee'),
(200, 18, 'C2'),
(201, 18, 'C3'),
(202, 18, 'C4'),
(203, 18, 'C4 Picasso'),
(204, 18, 'C5'),
(205, 18, 'C8'),
(206, 18, 'DS3'),
(207, 18, 'DS4'),
(208, 18, 'DS5'),
(209, 18, 'Saxo'),
(210, 18, 'Xsara Picasso'),
(211, 19, 'Z7'),
(212, 20, 'Charade'),
(213, 20, 'Gran Max Pickup'),
(214, 20, 'Gran Max Van'),
(215, 20, 'Materia'),
(216, 20, 'Sirion'),
(217, 20, 'Terios'),
(218, 20, 'YRV'),
(219, 21, '280Z'),
(220, 22, 'Avenger'),
(221, 22, 'Caliber'),
(222, 22, 'Challenger'),
(223, 22, 'Challenger SRT'),
(224, 22, 'Charger'),
(225, 22, 'Charger SRT'),
(226, 22, 'Dakota'),
(227, 22, 'Dart'),
(228, 22, 'Dunrango'),
(229, 22, 'Neon'),
(230, 22, 'Nitro'),
(231, 22, 'Ram'),
(232, 22, 'Viper'),
(233, 23, 'H30 Cross'),
(234, 23, 'S30'),
(235, 24, '360'),
(236, 24, '458'),
(237, 24, '458 Spider'),
(238, 24, '488 GTB'),
(239, 24, '488 Spider'),
(240, 24, '599 GTB Fiorano'),
(241, 24, '612 Scaglietti'),
(242, 24, '812 Superfast'),
(243, 24, 'California'),
(244, 24, 'California T'),
(245, 24, 'F12 Berlinetta'),
(246, 24, 'F430'),
(247, 24, 'F430 Spider'),
(248, 24, 'FF'),
(249, 24, 'GTC4Lusso'),
(250, 24, 'GTC4Lusso T'),
(251, 24, 'LeFerrari'),
(252, 24, 'Portofino'),
(253, 25, '500'),
(254, 25, '500L'),
(255, 25, '500X'),
(256, 25, 'Bravo'),
(257, 25, 'Ducato'),
(258, 25, 'Fiorino'),
(259, 25, 'Fullback'),
(260, 25, 'Linea'),
(261, 25, 'Punto'),
(262, 26, 'Karma'),
(263, 27, 'Bronco'),
(264, 27, 'Crown Victoria'),
(265, 27, 'Ecosport'),
(266, 27, 'Edge'),
(267, 27, 'Escape'),
(268, 27, 'Everest'),
(269, 27, 'Expedition'),
(270, 27, 'Explorer'),
(271, 27, 'F-150'),
(272, 27, 'F-150 Raptor'),
(273, 27, 'Fiesta'),
(274, 27, 'Figo'),
(275, 27, 'Five Hundred'),
(276, 27, 'Flex'),
(277, 27, 'Focus'),
(278, 27, 'Focus ST'),
(279, 27, 'Freestar'),
(280, 27, 'Fusion '),
(281, 27, 'GT'),
(282, 27, 'Mondeo'),
(283, 27, 'Mustang'),
(284, 27, 'Mustang Convertible'),
(285, 27, 'Ranger'),
(286, 27, 'Shelby GT 500'),
(287, 27, 'Taurus'),
(288, 27, 'Tourneo Custom'),
(289, 27, 'Tansit'),
(290, 27, 'Transit Custom'),
(291, 28, 'SUP'),
(292, 28, 'Tunland '),
(293, 28, 'View C1 Minibus'),
(294, 29, 'GA3'),
(295, 29, 'GA5'),
(296, 29, 'GA8'),
(297, 29, 'GS3'),
(298, 29, 'GS4'),
(299, 29, 'GS5'),
(300, 29, 'GS7'),
(301, 29, 'GS8'),
(302, 30, 'CK'),
(303, 30, 'Emgrand 7'),
(304, 30, 'Emgrand 8'),
(305, 30, 'Emgrand GS'),
(306, 30, 'Emgrand GT'),
(307, 30, 'Emgrand X7'),
(308, 30, 'Emgrand X7 Sport'),
(309, 30, 'GC2'),
(310, 30, 'GC6'),
(311, 30, 'GC7'),
(312, 30, 'GX2'),
(313, 31, 'G70'),
(314, 31, 'G80'),
(315, 31, 'G90'),
(316, 32, 'Acadia'),
(317, 32, 'Envoy'),
(318, 32, 'Sierra 1500'),
(319, 32, 'Terrain'),
(320, 32, 'Yukon'),
(321, 33, 'Florid'),
(322, 33, 'Wingle'),
(323, 34, 'H2 Crossover'),
(324, 34, 'H6'),
(325, 34, 'H8'),
(326, 34, 'H9'),
(327, 35, 'Accord'),
(328, 35, 'Accord Coupe'),
(329, 35, 'Accord Crosstour'),
(330, 35, 'City'),
(331, 35, 'Civic'),
(332, 35, 'Civic Hatchback'),
(333, 35, 'CR-V'),
(334, 35, 'CRX'),
(335, 35, 'HR-V'),
(336, 35, 'Jazz'),
(337, 35, 'Legend'),
(338, 35, 'MR-V'),
(339, 35, 'Odyssey'),
(340, 35, 'Odyssey J'),
(341, 35, 'Pilot'),
(342, 35, 'S2000'),
(343, 36, 'H5'),
(344, 36, 'H7'),
(345, 37, 'H2'),
(346, 37, 'H3'),
(347, 38, 'Accent'),
(348, 38, 'Atos Prime'),
(349, 38, 'Azera'),
(350, 38, 'Centennial'),
(351, 38, 'Coupe'),
(352, 38, 'Creta'),
(353, 38, 'Elantra'),
(354, 38, 'Elantra Coupe'),
(355, 38, 'Genesis'),
(356, 38, 'Genesis Coupe'),
(357, 38, 'Getz'),
(358, 38, 'Grand i10'),
(359, 38, 'Grand Santa Fe'),
(360, 38, 'H1'),
(361, 38, 'i10'),
(362, 38, 'i20'),
(363, 38, 'i30'),
(364, 38, 'i40'),
(365, 38, 'Kona'),
(366, 38, 'Matrix'),
(367, 38, 'Palisade'),
(368, 38, 'Santa Fe'),
(369, 38, 'Sonata'),
(370, 38, 'Terracan'),
(371, 38, 'Trajet'),
(372, 38, 'Tucson'),
(373, 38, 'Veloster'),
(374, 38, 'Veloster Turbo'),
(375, 38, 'Veracruz'),
(376, 39, 'EX'),
(377, 39, 'FX'),
(378, 39, 'G'),
(379, 39, 'G35'),
(380, 39, 'G35 Coupe'),
(381, 39, 'G37 Convertible'),
(382, 39, 'G37 Coupe'),
(383, 39, 'Jx'),
(384, 39, 'M'),
(385, 39, 'Q30'),
(386, 39, 'Q45'),
(387, 39, 'Q60'),
(388, 39, 'Q60 Convertible'),
(389, 39, 'Q60 Coupe'),
(390, 39, 'Q70'),
(391, 39, 'QX30'),
(392, 39, 'QX50'),
(393, 39, 'QX56'),
(394, 39, 'QX60'),
(395, 39, 'QX70'),
(396, 39, 'QX80'),
(397, 40, 'MXT'),
(398, 41, 'D-Max'),
(399, 41, 'D-Max Arctic Trucks AT 35'),
(400, 41, 'MU-X'),
(401, 41, 'Trooper'),
(402, 42, 'J4'),
(403, 42, 'J5'),
(404, 42, 'J6'),
(405, 42, 'M5 MPV'),
(406, 42, 'S3 SUV'),
(407, 43, 'E-Pace'),
(408, 43, 'F-Pace'),
(409, 43, 'F-Type'),
(410, 43, 'F-Type Coupe'),
(411, 43, 'F-Type SVR Convertible'),
(412, 43, 'F-Type SVR Coupe'),
(413, 43, 'S-Type'),
(414, 43, 'X-Type'),
(415, 43, 'XE'),
(416, 43, 'XF'),
(417, 43, 'XF Sportbrake'),
(418, 43, 'XFR-S'),
(419, 43, 'XJ'),
(420, 43, 'XK'),
(421, 43, 'XK Convertible'),
(422, 44, 'Cherokee'),
(423, 44, 'Commander'),
(424, 44, 'Compass'),
(425, 44, 'Grand Cherokee'),
(426, 44, 'Grand Cherokee SRT'),
(427, 44, 'Patiot'),
(428, 44, 'Renegade'),
(429, 44, 'Wagoneer'),
(430, 44, 'Wrangler'),
(431, 44, 'Wrangler Unlimited'),
(432, 45, 'Cadenza'),
(433, 45, 'Carens'),
(434, 45, 'Carnival'),
(435, 45, 'Cerato'),
(436, 45, 'Cerato Hatchback'),
(437, 45, 'Cerato Koup'),
(438, 45, 'Mohave'),
(439, 45, 'Opirus'),
(440, 45, 'Optima'),
(441, 45, 'Pegas'),
(442, 45, 'Picanto'),
(443, 45, 'Quoris'),
(444, 45, 'Rio'),
(445, 45, 'Rio Hatchback'),
(446, 45, 'Sorento'),
(447, 45, 'Soul'),
(448, 45, 'Sportage'),
(449, 45, 'Stinger'),
(450, 45, 'Telluride'),
(451, 46, 'Mini Van'),
(452, 47, 'CCX'),
(453, 48, 'X-Bow'),
(454, 49, 'Aventador'),
(455, 49, 'Aventador Roadster'),
(456, 49, 'Gallardo'),
(457, 49, 'Huracan'),
(458, 49, 'Huracan Spyder'),
(459, 49, 'Murcielago'),
(460, 49, 'Urus'),
(461, 50, 'Defender'),
(462, 50, 'Discovery'),
(463, 50, 'Discovery Sport'),
(464, 50, 'Freelander'),
(465, 50, 'LR2'),
(466, 50, 'LR3'),
(467, 50, 'LR4'),
(468, 50, 'Range Rover'),
(469, 50, 'Range Rover Evoque'),
(470, 50, 'Range Rover Evoque Conver'),
(471, 50, 'Range Rover Evoque Coupe'),
(472, 50, 'Range Rover Sport'),
(473, 50, 'Range Rover Sport SVR'),
(474, 50, 'Range Rover Velar'),
(475, 51, 'CT'),
(476, 51, 'ES'),
(477, 51, 'GS'),
(478, 51, 'GX'),
(479, 51, 'IS'),
(480, 51, 'IS C'),
(481, 51, 'IS F'),
(482, 51, 'LC'),
(483, 51, 'LFA'),
(484, 51, 'LS'),
(485, 51, 'LX'),
(486, 51, 'NX'),
(487, 51, 'RC'),
(488, 51, 'RC F'),
(489, 51, 'RX'),
(490, 51, 'SC'),
(491, 52, 'Conitinental'),
(492, 52, 'MKC'),
(493, 52, 'MKS'),
(494, 52, 'MKT'),
(495, 52, 'MKX'),
(496, 52, 'MKZ'),
(497, 52, 'Nautilus'),
(498, 52, 'Navigator'),
(499, 52, 'Navigator L'),
(500, 52, 'Town Car'),
(501, 53, 'Elise'),
(502, 53, 'Evora'),
(503, 53, 'Exige'),
(504, 54, 'Luxgen 7 MPV'),
(505, 54, 'Luxgen 7 SUV'),
(506, 54, 'S5'),
(507, 54, 'U6'),
(508, 54, 'U7'),
(509, 55, 'Scorpio'),
(510, 55, 'XUV500'),
(511, 56, 'Coupe'),
(512, 56, 'Ghibli'),
(513, 56, 'GranCabrio'),
(514, 56, 'GranTurismo'),
(515, 56, 'Levante'),
(516, 56, 'Quattroporte'),
(517, 56, 'Spyder'),
(518, 57, 'G10'),
(519, 57, 'V80'),
(520, 58, '57'),
(521, 58, '62'),
(522, 59, '2'),
(523, 59, '2 Sedan'),
(524, 59, '3'),
(525, 59, '3 Sedan'),
(526, 59, '6'),
(527, 59, '6 Ultra'),
(528, 59, '6 Wagon'),
(529, 59, 'B-Series'),
(530, 59, 'CX-3'),
(531, 59, 'CX-5'),
(532, 59, 'CX-7'),
(533, 59, 'CX-9'),
(534, 59, 'MX-5'),
(535, 59, 'MX-5 RF'),
(536, 60, '540C Coupe'),
(537, 60, '570GT Coupe'),
(538, 60, '570S Coupe'),
(539, 60, '570S Spyder'),
(540, 60, '650S'),
(541, 60, '650S Spider'),
(542, 60, '675LT'),
(543, 60, '675LT Spider'),
(544, 60, '720S'),
(545, 60, 'MP4-12C'),
(546, 60, 'MP4-12C Spider'),
(547, 60, 'P1'),
(548, 61, 'A 45 AMG'),
(549, 61, 'A-Class'),
(550, 61, 'A350'),
(551, 61, 'AMG GT'),
(552, 61, 'AMG GT Roadster'),
(553, 61, 'B-Class'),
(554, 61, 'C 63 AMG'),
(555, 61, 'C 63 AMG Coupe'),
(556, 61, 'C-Class'),
(557, 61, 'C-Class Coupe'),
(558, 61, 'CL-Class'),
(559, 61, 'CLA 45 AMG'),
(560, 61, 'CLA Class'),
(561, 61, 'CLC-Class'),
(562, 61, 'CLK-Class'),
(563, 61, 'CLS 63 AMG'),
(564, 61, 'CLS Shooting Brake'),
(565, 61, 'CLS-Class'),
(566, 61, 'E 43 AMG'),
(567, 61, 'E55 AMG'),
(568, 61, 'E 63 AMG'),
(569, 61, 'E-Class'),
(570, 61, 'E-Class Cabriolet'),
(571, 61, 'E-Class Coupe'),
(572, 61, 'G 63 AMG'),
(573, 61, 'G 65AMG'),
(574, 61, 'G-Class'),
(575, 61, 'GL- Class'),
(576, 61, 'GLA- Class'),
(577, 61, 'GLC 43 AMG'),
(578, 61, 'GLC 43 AMG Coupe'),
(579, 61, 'GLC 64 AMG'),
(580, 61, 'GLC 64 AMG Coupe'),
(581, 61, 'GLC - Class Coupe'),
(582, 61, 'GLE 63 AMG'),
(583, 61, 'GLE 63 AMG Coupe'),
(584, 61, 'GLE-Class'),
(585, 61, 'GLE- Class Coupe'),
(586, 61, 'GLK-Class'),
(587, 61, 'GLS 63 AMG'),
(588, 61, 'GLS - Class'),
(589, 61, 'M-Class'),
(590, 61, 'ML 63 AMG'),
(591, 61, 'R-Class'),
(592, 61, 'S 63 AMG'),
(593, 61, 'S 63 AMG Coupe'),
(594, 61, 'S65 AMG'),
(595, 61, 'S65 AMG Coupe'),
(596, 61, 'S-Class'),
(597, 61, 'S-Class Coupe'),
(598, 61, 'S-Class Maybach'),
(599, 61, 'SL 63 AMG'),
(600, 61, 'SL 65 AMG'),
(601, 61, 'SL- Class'),
(602, 61, 'SLC - Class'),
(603, 61, 'SLK-Class'),
(604, 61, 'SLR McLaren'),
(605, 61, 'SLS AMG'),
(606, 61, 'SLS AMG Roadster'),
(607, 61, 'Smart'),
(608, 61, 'Sprinter'),
(609, 61, 'V-Class'),
(610, 61, 'Viano'),
(611, 61, 'Vito'),
(612, 62, 'Grand Marquis'),
(613, 62, 'Mariner'),
(614, 62, 'Milan'),
(615, 62, 'Montego'),
(616, 62, 'Moutaineer'),
(617, 63, '3'),
(618, 63, '350'),
(619, 63, '360'),
(620, 63, '5'),
(621, 63, '550'),
(622, 63, '6'),
(623, 63, '750'),
(624, 63, 'GS'),
(625, 63, 'RX5'),
(626, 63, 'RX8'),
(627, 63, 'ZS'),
(628, 64, 'Clubman'),
(629, 64, 'Cooper'),
(630, 64, 'Countryman'),
(631, 64, 'Coupe'),
(632, 64, 'Paceman'),
(633, 64, 'Roadster'),
(634, 65, 'ASX'),
(635, 65, 'Attrage'),
(636, 65, 'Eclipse'),
(637, 65, 'Eclipse Cross'),
(638, 65, 'Galant'),
(639, 65, 'L200'),
(640, 65, 'Lancer'),
(641, 65, 'Lancer Evolution'),
(642, 65, 'Lancer EX'),
(643, 65, 'Lancer Fortis'),
(644, 65, 'Magna'),
(645, 65, 'Mirage'),
(646, 65, 'Montero Sport'),
(647, 65, 'Nativa'),
(648, 65, 'Outlander'),
(649, 65, 'Pajero'),
(650, 65, 'Pajero Sport'),
(651, 65, 'Pajero SWB'),
(652, 66, 'Aero8'),
(653, 66, 'Plus 4'),
(654, 66, 'Plus 8'),
(655, 66, 'Roadster'),
(656, 67, '350Z'),
(657, 67, '370Z'),
(658, 67, '370Z Roadster'),
(659, 67, 'Altima'),
(660, 67, 'Altima Coupe'),
(661, 67, 'Armada'),
(662, 67, 'GT-R'),
(663, 67, 'Juke'),
(664, 67, 'Kicks'),
(665, 67, 'Leaf'),
(666, 67, 'Maxima'),
(667, 67, 'Micra'),
(668, 67, 'Murano'),
(669, 67, 'Navara'),
(670, 67, 'Pathfinder'),
(671, 67, 'Pathfinder Classic'),
(672, 67, 'Patrol'),
(673, 67, 'Patrol Nismo'),
(674, 67, 'Patrol Safari'),
(675, 67, 'Pickup'),
(676, 67, 'Qashqai'),
(677, 67, 'Sentra'),
(678, 67, 'Sunny'),
(679, 67, 'Tiida'),
(680, 67, 'Urvan'),
(681, 67, 'X-Trail'),
(682, 67, 'Xterra'),
(683, 68, 'M600'),
(684, 69, 'Adam'),
(685, 69, 'Antara'),
(686, 69, 'Astra'),
(687, 69, 'Astra GTC'),
(688, 69, 'Astra OPC'),
(689, 69, 'Corsa'),
(690, 69, 'Corsa OPC'),
(691, 69, 'Insignia'),
(692, 69, 'Insignia OPC'),
(693, 69, 'Meriva'),
(694, 69, 'Mokka'),
(695, 69, 'Vectra'),
(696, 69, 'Zafira'),
(697, 70, 'Spirra'),
(698, 71, 'Huayra'),
(699, 72, '2008'),
(700, 72, '206'),
(701, 72, '207'),
(702, 72, '208'),
(703, 72, '3008'),
(704, 72, '301'),
(705, 72, '307'),
(706, 72, '308'),
(707, 72, '308 CC'),
(708, 72, '407'),
(709, 72, '407 Coupe'),
(710, 72, '408'),
(711, 72, '5008'),
(712, 72, '508'),
(713, 72, '607'),
(714, 72, 'Boxer'),
(715, 72, 'Expert'),
(716, 72, 'Partner'),
(717, 72, 'RCZ'),
(718, 73, 'Cevennes'),
(719, 73, 'Speedster'),
(720, 74, 'TransAm'),
(721, 75, '911'),
(722, 75, '911 Cabriolet'),
(723, 75, '911 GT2'),
(724, 75, '911 GT3'),
(725, 75, '911 Turbo'),
(726, 75, '911 Turbo Cabriolet'),
(727, 75, '918 Spyder'),
(728, 75, 'Boxster'),
(729, 75, 'Cayenne'),
(730, 75, 'Cayman'),
(731, 75, 'Macan'),
(732, 75, 'Panamera'),
(733, 76, 'Gen-2'),
(734, 76, 'Savvy'),
(735, 76, 'Waja'),
(736, 76, 'Wira'),
(737, 77, '1200'),
(738, 77, '1500'),
(739, 78, 'Captur'),
(740, 78, 'Clio'),
(741, 78, 'Clio RS'),
(742, 78, 'Dokker Van'),
(743, 78, 'Duster'),
(744, 78, 'Espace'),
(745, 78, 'Fluence '),
(746, 78, 'Keleos'),
(747, 78, 'Laguna'),
(748, 78, 'Laguna Coupe'),
(749, 78, 'Logan'),
(750, 78, 'Logan Van'),
(751, 78, 'Megane'),
(752, 78, 'Megane CC'),
(753, 78, 'Megane RS'),
(754, 78, 'Safrane'),
(755, 78, 'Scenic'),
(756, 78, 'Symbol'),
(757, 78, 'Talisman'),
(758, 78, 'Trafic'),
(759, 78, 'Twizy'),
(760, 78, 'Zeo'),
(761, 79, 'Cullian'),
(762, 79, 'Dawn'),
(763, 79, 'Drophead Coupe'),
(764, 79, 'Ghost'),
(765, 79, 'Phanthom'),
(766, 79, 'Silver Seraph'),
(767, 79, 'Wraith'),
(768, 80, '43346'),
(769, 80, '43348'),
(770, 80, '9-7X'),
(771, 81, 'Altera'),
(772, 81, 'Cordoba'),
(773, 81, 'Exeo'),
(774, 81, 'Ibiza'),
(775, 81, 'Leon'),
(776, 81, 'Toledo'),
(777, 82, 'Fabia'),
(778, 82, 'Kodiaq'),
(779, 82, 'Octavia'),
(780, 82, 'Roomster'),
(781, 82, 'Superb'),
(782, 82, 'Yeti'),
(783, 83, 'C8'),
(784, 84, 'Actyon'),
(785, 84, 'Korando'),
(786, 84, 'Kyron'),
(787, 84, 'Mussa'),
(788, 84, 'Rexton'),
(789, 84, 'Rodius'),
(790, 84, 'Tivoli'),
(791, 85, 'BRZ'),
(792, 85, 'Forester'),
(793, 85, 'Impreza'),
(794, 85, 'Impreza WRX'),
(795, 85, 'Impreza WRX ST1'),
(796, 85, 'Legacy'),
(797, 85, 'Outback'),
(798, 85, 'Tribeca'),
(799, 85, 'XV'),
(800, 86, 'Indica'),
(801, 86, 'indigo'),
(802, 86, 'Xenon'),
(803, 87, '86'),
(804, 87, 'Aurion'),
(805, 87, 'Avalon'),
(806, 87, 'Avanza'),
(807, 87, 'Camry'),
(808, 87, 'Corolla'),
(809, 87, 'FJ Cruiser'),
(810, 87, 'Fortuner'),
(811, 87, 'Hiace'),
(812, 87, 'Hilux'),
(813, 87, 'Innova'),
(814, 87, 'Land Cruiser'),
(815, 87, 'Land Cruiser 70'),
(816, 87, 'Land Cruiser Pickup'),
(817, 87, 'Land Cruiser Prado'),
(818, 87, 'Land Cruiser Prado SWB'),
(819, 87, 'Previa'),
(820, 87, 'Prius'),
(821, 87, 'RAV-4'),
(822, 87, 'Rush'),
(823, 87, 'Sequoia'),
(824, 87, 'Sienna'),
(825, 87, 'Supra'),
(826, 87, 'Tundra'),
(827, 87, 'xA'),
(828, 87, 'Yaris'),
(829, 87, 'Yaris Sedan'),
(830, 87, 'Zelas'),
(831, 88, 'Amarok'),
(832, 88, 'Arteon'),
(833, 88, 'Beetle'),
(834, 88, 'Beetle Cabriolet'),
(835, 88, 'Eos'),
(836, 88, 'Golf'),
(837, 88, 'Golf GTI'),
(838, 88, 'Golf Plus'),
(839, 88, 'Golf R'),
(840, 88, 'Golf R32'),
(841, 88, 'Jetta'),
(842, 88, 'Multivan'),
(843, 88, 'Passat'),
(844, 88, 'Passat CC'),
(845, 88, 'Phaeton'),
(846, 88, 'Polo'),
(847, 88, 'Polo Sedan'),
(848, 88, 'Scirocco'),
(849, 88, 'Scirocco R'),
(850, 88, 'Sharan'),
(851, 88, 'Teramont'),
(852, 88, 'Tiguan'),
(853, 88, 'Touareg'),
(854, 88, 'Touran'),
(855, 89, 'C30'),
(856, 89, 'C70'),
(857, 89, 'S40'),
(858, 89, 'S60'),
(859, 89, 'S60 Polestar'),
(860, 89, 'S80'),
(861, 89, 'S90'),
(862, 89, 'V40'),
(863, 89, 'V50'),
(864, 89, 'V60'),
(865, 89, 'V60 Polestar'),
(866, 89, 'V70'),
(867, 89, 'V90'),
(868, 89, 'XC40'),
(869, 89, 'XC60'),
(870, 89, 'XC70'),
(871, 89, 'XC90'),
(872, 90, 'Onting'),
(873, 90, 'Rich'),
(874, 90, 'Yumsun'),
(875, 91, 'T600'),
(876, 91, 'Z100'),
(878, 7, '228i'),
(879, 7, '228i xDrive'),
(880, 7, '320i'),
(881, 7, '320i xDrive'),
(882, 7, '328'),
(883, 7, '328d'),
(884, 7, '328d xDrive'),
(885, 7, '328i'),
(886, 1, '328i GT xDrive'),
(887, 7, '328i xDrive'),
(888, 7, '335'),
(889, 7, '335i'),
(890, 7, '335i GT xDrive'),
(891, 7, '335i xDrive'),
(892, 7, '428i'),
(893, 7, '428i Gran Coupe'),
(894, 7, '428i xDrive'),
(895, 7, '428i xDrive Gran Coupe'),
(896, 7, '435i'),
(897, 7, '435i Gran Coupe'),
(898, 7, '435i xDrive Gran Coupe'),
(899, 7, '528'),
(900, 7, '528i xDrive'),
(901, 7, '535d'),
(902, 1, '535d xDrive'),
(903, 7, '535d xDrive'),
(904, 7, '535i'),
(905, 7, '535i GT'),
(906, 7, '535i GT xDrive'),
(907, 7, '535i xDrive'),
(908, 7, '550'),
(909, 7, '640i'),
(910, 7, '640i Gran Coupe'),
(911, 7, '640i xDrive'),
(912, 7, '640i xDrive Gran Coupe'),
(913, 7, '650i'),
(914, 7, '650i Gran Coupe'),
(915, 7, '650i xDrive'),
(916, 7, '650i xDrive Gran Coupe'),
(917, 7, '740'),
(918, 7, '740i'),
(919, 7, '740Ld xDrive'),
(920, 7, '740Li'),
(921, 7, '740Li xDrive'),
(922, 7, '750'),
(923, 7, '750i'),
(924, 7, '750i xDrive'),
(925, 7, '750Li'),
(926, 7, '750Li xDrive'),
(927, 7, '760'),
(928, 7, '760Li'),
(929, 7, 'ActiveHybrid 3'),
(930, 7, 'ActiveHybrid 5'),
(931, 7, 'ActiveHybrid 7'),
(932, 7, 'Alpina B6'),
(933, 7, 'Alpina B6 xDrive Gran Coupe'),
(934, 7, 'Alpina B7'),
(935, 7, 'Alpina B7 xDrive'),
(936, 7, 'Alpina B7L'),
(937, 7, 'Alpina B7L xDrive'),
(938, 7, 'i3'),
(939, 7, 'i8'),
(940, 7, 'M235i'),
(941, 7, 'M235i xDrive'),
(945, 7, 'M6'),
(951, 92, 'Baleno');

-- --------------------------------------------------------

--
-- Table structure for table `car_type`
--

CREATE TABLE `car_type` (
  `id` int(11) NOT NULL,
  `type` text NOT NULL
) ENGINE=InnoDB DEFAULT CHARSET=utf8mb4;

--
-- Dumping data for table `car_type`
--

INSERT INTO `car_type` (`id`, `type`) VALUES
(1, 'Sedan'),
(2, 'SUV');

-- --------------------------------------------------------

--
-- Table structure for table `category`
--

CREATE TABLE `category` (
  `id` int(11) NOT NULL,
  `name` text NOT NULL,
  `parent_id` int(11) NOT NULL DEFAULT 0,
  `image` text NOT NULL
) ENGINE=InnoDB DEFAULT CHARSET=latin1;

--
-- Dumping data for table `category`
--

INSERT INTO `category` (`id`, `name`, `parent_id`, `image`) VALUES
(1, 'Electrical Repair & installation', 0, 'assets/images/Group66.png'),
(2, 'Carpenter Services', 0, 'assets/images/Group67.png'),
(3, 'Plumbing', 0, 'assets/images/Group68.png'),
(4, 'Events', 0, 'assets/images/Group70.png'),
(5, 'Packers & Movers', 0, 'assets/images/Group71.png'),
(6, 'Home appliances', 0, 'assets/images/Group74.png'),
(7, 'Sockets', 1, 'assets/images/Group66.png'),
(8, 'Fans', 2, 'assets/images/Group67.png'),
(13, 'Motor', 3, 'assets/images/Group66.png'),
(14, 'Fans 1', 4, 'assets/images/Group67.png'),
(15, 'Fans 2', 4, 'assets/images/Group67.png');

-- --------------------------------------------------------

--
-- Table structure for table `complain_query`
--

CREATE TABLE `complain_query` (
  `complain_id` int(11) NOT NULL,
  `type` enum('Complaint','Query') NOT NULL DEFAULT 'Complaint',
  `u_id` int(11) NOT NULL,
  `subject` text NOT NULL,
  `remarks` text NOT NULL,
  `date` date NOT NULL,
  `is_resolved` enum('Yes','No') NOT NULL DEFAULT 'No'
) ENGINE=InnoDB DEFAULT CHARSET=utf8mb4;

--
-- Dumping data for table `complain_query`
--

INSERT INTO `complain_query` (`complain_id`, `type`, `u_id`, `subject`, `remarks`, `date`, `is_resolved`) VALUES
(1, 'Query', 103, 'test', 'no remarks', '2020-11-03', 'Yes'),
(2, 'Query', 102, 'Jjvug', 'Kfififu', '2020-11-03', 'Yes'),
(3, 'Query', 104, 'Jjvug', 'Kfififu', '2020-11-03', 'No'),
(4, 'Query', 104, 'Test', 'Testing', '2020-11-03', 'No'),
(5, 'Query', 104, 'Bibib', 'Jvugug', '2020-11-03', 'No'),
(6, 'Query', 104, 'Hzhddy', 'Hdhdh', '2020-11-03', 'Yes'),
(7, 'Query', 104, 'Tesy', 'Test', '2020-11-11', 'No'),
(8, 'Complaint', 104, 'Test 2', 'Test2', '2020-11-11', 'No'),
(9, 'Query', 698, 'Test', 'Test', '2020-11-11', 'No'),
(10, 'Complaint', 699, 'Test', 'Fjjvgjjkkkk hjjjkk hjkkk', '2020-11-12', 'Yes'),
(11, 'Query', 104, 'Query by irfan', 'Testing quey to check results', '2020-11-13', 'No'),
(12, 'Complaint', 104, 'Query by irfan', 'Testing quey to check results', '2020-11-13', 'No'),
(13, 'Query', 104, 'test', 'for checking', '2020-11-17', 'No'),
(14, 'Query', 104, 'test', 'for checking', '2020-11-17', 'No'),
(15, 'Query', 104, 'test', 'for checking', '2020-11-17', 'No'),
(16, 'Query', 104, 'test', 'for checking', '2020-11-17', 'No'),
(17, 'Query', 104, 'test', 'for checking', '2020-11-17', 'No'),
(18, 'Query', 104, 'test', 'for checking', '2020-11-17', 'No'),
(19, 'Query', 104, 'test', 'for checking', '2020-11-17', 'No'),
(20, 'Query', 104, 'test', 'for checking', '2020-11-17', 'No'),
(21, 'Query', 104, 'test', 'for checking', '2020-11-17', 'No'),
(22, 'Query', 104, 'test', 'for checking', '2020-11-17', 'No'),
(23, 'Query', 104, 'test', 'for checking', '2020-11-17', 'No'),
(24, 'Query', 104, 'test', 'for checking', '2020-11-17', 'No'),
(25, 'Query', 104, 'test', 'for checking', '2020-11-17', 'No'),
(26, 'Query', 104, 'test', 'for checking', '2020-11-17', 'No'),
(27, 'Query', 104, 'test', 'for checking', '2020-11-17', 'No'),
(28, 'Query', 104, 'test', 'for checking', '2020-11-17', 'No'),
(29, 'Query', 104, 'test', 'for checking', '2020-11-17', 'No'),
(30, 'Query', 104, 'test', 'for checking', '2020-11-17', 'No'),
(31, 'Query', 104, 'test', 'for checking', '2020-11-17', 'No');

-- --------------------------------------------------------

--
-- Table structure for table `driver_locations`
--

CREATE TABLE `driver_locations` (
  `driver_location_id` int(11) NOT NULL,
  `lati` text NOT NULL,
  `longi` text NOT NULL,
  `u_id` int(11) NOT NULL
) ENGINE=InnoDB DEFAULT CHARSET=utf8mb4;

--
-- Dumping data for table `driver_locations`
--

INSERT INTO `driver_locations` (`driver_location_id`, `lati`, `longi`, `u_id`) VALUES
(1, '33.5687852', '73.1375297', 696),
(2, '33.5687852', '73.1375297', 696),
(3, '33.5687852', '73.1375297', 696),
(4, '33.5687852', '73.1375297', 696),
(5, '33.5687775', '73.1375403', 696),
(6, '33.5687775', '73.1375403', 696),
(7, '33.5687774', '73.1375404', 696),
(8, '33.5687774', '73.1375404', 696),
(9, '33.5687774', '73.1375404', 696),
(10, '33.5687774', '73.1375404', 696),
(11, '33.56878', '73.1375286', 696),
(12, '33.56878', '73.1375286', 696),
(13, '33.5687811', '73.1375238', 696),
(14, '33.5687811', '73.1375238', 696),
(15, '33.5687811', '73.1375238', 696),
(16, '33.5687811', '73.1375238', 696),
(17, '33.5687811', '73.1375238', 696),
(18, '33.5687811', '73.1375238', 696),
(19, '33.5687811', '73.1375238', 696),
(20, '33.5687811', '73.1375238', 696),
(21, '33.5687811', '73.1375238', 696),
(22, '33.5687811', '73.1375238', 696),
(23, '33.5687811', '73.1375238', 696),
(24, '33.5687811', '73.1375238', 696),
(25, '33.5687716', '73.1375365', 696),
(26, '33.5687716', '73.1375365', 696),
(27, '33.5687716', '73.1375365', 696),
(28, '33.5687716', '73.1375365', 696),
(29, '33.5687639', '73.1375323', 696),
(30, '33.5687639', '73.1375323', 696),
(31, '33.5687639', '73.1375323', 696),
(32, '33.5687639', '73.1375323', 696),
(33, '33.5687639', '73.1375323', 696),
(34, '33.5687639', '73.1375323', 696),
(35, '33.5687639', '73.1375323', 696),
(36, '33.5687639', '73.1375323', 696),
(37, '33.5687639', '73.1375323', 696),
(38, '33.5687639', '73.1375323', 696),
(39, '33.5687639', '73.1375323', 696),
(40, '33.5687639', '73.1375323', 696),
(41, '33.5687639', '73.1375323', 696),
(42, '33.5687639', '73.1375323', 696),
(43, '33.5687639', '73.1375323', 696),
(44, '33.5687639', '73.1375323', 696),
(45, '33.5687639', '73.1375323', 696),
(46, '33.5687639', '73.1375323', 696),
(47, '33.5687639', '73.1375323', 696),
(48, '33.5687639', '73.1375323', 696),
(49, '33.5687639', '73.1375323', 696),
(50, '33.5687639', '73.1375323', 696),
(51, '33.5687639', '73.1375323', 696),
(52, '33.5687639', '73.1375323', 696),
(53, '33.5687639', '73.1375323', 696),
(54, '33.5687639', '73.1375323', 696),
(55, '33.5687639', '73.1375323', 696),
(56, '33.5687639', '73.1375323', 696),
(57, '33.5687639', '73.1375323', 696),
(58, '33.5687639', '73.1375323', 696),
(59, '33.5687639', '73.1375323', 696),
(60, '33.5687639', '73.1375323', 696),
(61, '33.5687639', '73.1375323', 696),
(62, '33.5687639', '73.1375323', 696),
(63, '33.5687639', '73.1375323', 696),
(64, '33.5687639', '73.1375323', 696),
(65, '33.5687639', '73.1375323', 696),
(66, '33.5687639', '73.1375323', 696),
(67, '33.5687639', '73.1375323', 696),
(68, '33.5687639', '73.1375323', 696),
(69, '33.5687639', '73.1375323', 696),
(70, '33.5687639', '73.1375323', 696),
(71, '33.5687639', '73.1375323', 696),
(72, '33.5687639', '73.1375323', 696),
(73, '33.5687639', '73.1375323', 696),
(74, '33.5687639', '73.1375323', 696),
(75, '33.5687639', '73.1375323', 696),
(76, '33.5687639', '73.1375323', 696),
(77, '33.5687639', '73.1375323', 696),
(78, '33.5687639', '73.1375323', 696),
(79, '33.5687639', '73.1375323', 696),
(80, '33.5687639', '73.1375323', 696),
(81, '33.5687639', '73.1375323', 696),
(82, '33.5687639', '73.1375323', 696),
(83, '33.5687639', '73.1375323', 696),
(84, '33.5687639', '73.1375323', 696),
(85, '33.5687639', '73.1375323', 696),
(86, '33.5687639', '73.1375323', 696),
(87, '33.5687639', '73.1375323', 696),
(88, '33.5687639', '73.1375323', 696),
(89, '33.5687639', '73.1375323', 696),
(90, '33.5687639', '73.1375323', 696),
(91, '33.5687639', '73.1375323', 696),
(92, '33.5687639', '73.1375323', 696),
(93, '33.5687639', '73.1375323', 696),
(94, '33.5687639', '73.1375323', 696),
(95, '33.5687639', '73.1375323', 696),
(96, '33.5687639', '73.1375323', 696),
(97, '33.5687639', '73.1375323', 696),
(98, '33.5687639', '73.1375323', 696),
(99, '33.5687639', '73.1375323', 696),
(100, '33.5687639', '73.1375323', 696),
(101, '33.5687639', '73.1375323', 696),
(102, '33.5687639', '73.1375323', 696),
(103, '33.5687639', '73.1375323', 696),
(104, '33.5687639', '73.1375323', 696),
(105, '33.5687639', '73.1375323', 696),
(106, '33.5687639', '73.1375323', 696),
(107, '33.5687639', '73.1375323', 696),
(108, '33.5687639', '73.1375323', 696),
(109, '33.5687639', '73.1375323', 696),
(110, '33.5687639', '73.1375323', 696),
(111, '33.5687639', '73.1375323', 696),
(112, '33.5687639', '73.1375323', 696),
(113, '33.5687639', '73.1375323', 696),
(114, '33.5687639', '73.1375323', 696),
(115, '33.5687639', '73.1375323', 696),
(116, '33.5687639', '73.1375323', 696),
(117, '33.5687639', '73.1375323', 696),
(118, '33.5687639', '73.1375323', 696),
(119, '33.5687639', '73.1375323', 696),
(120, '33.5687639', '73.1375323', 696),
(121, '33.5687639', '73.1375323', 696),
(122, '33.5687639', '73.1375323', 696),
(123, '33.5687639', '73.1375323', 696),
(124, '33.5687639', '73.1375323', 696),
(125, '33.5687639', '73.1375323', 696),
(126, '33.5687639', '73.1375323', 696),
(127, '33.5687639', '73.1375323', 696),
(128, '33.5687639', '73.1375323', 696),
(129, '33.5687639', '73.1375323', 696),
(130, '33.5687639', '73.1375323', 696),
(131, '33.5687639', '73.1375323', 696),
(132, '33.5687639', '73.1375323', 696),
(133, '33.5687639', '73.1375323', 696),
(134, '33.5687639', '73.1375323', 696),
(135, '33.5687639', '73.1375323', 696),
(136, '33.5687639', '73.1375323', 696),
(137, '33.5687639', '73.1375323', 696),
(138, '33.5687639', '73.1375323', 696),
(139, '33.5687639', '73.1375323', 696),
(140, '33.5687639', '73.1375323', 696),
(141, '33.5687639', '73.1375323', 696),
(142, '33.5687639', '73.1375323', 696),
(143, '33.5687639', '73.1375323', 696),
(144, '33.5687639', '73.1375323', 696),
(145, '33.5687639', '73.1375323', 696),
(146, '33.5687639', '73.1375323', 696),
(147, '33.5687639', '73.1375323', 696),
(148, '33.5687639', '73.1375323', 696),
(149, '33.5687639', '73.1375323', 696),
(150, '33.5687639', '73.1375323', 696),
(151, '33.5687639', '73.1375323', 696),
(152, '33.5687639', '73.1375323', 696),
(153, '33.5687639', '73.1375323', 696),
(154, '33.5687639', '73.1375323', 696),
(155, '33.5687639', '73.1375323', 696),
(156, '33.5687639', '73.1375323', 696),
(157, '33.5687639', '73.1375323', 696),
(158, '33.5687639', '73.1375323', 696),
(159, '33.5687639', '73.1375323', 696),
(160, '33.5687639', '73.1375323', 696),
(161, '33.5687639', '73.1375323', 696),
(162, '33.5687639', '73.1375323', 696),
(163, '33.5687639', '73.1375323', 696),
(164, '33.5687639', '73.1375323', 696),
(165, '33.5687639', '73.1375323', 696),
(166, '33.5687639', '73.1375323', 696),
(167, '33.5687639', '73.1375323', 696),
(168, '33.5687639', '73.1375323', 696),
(169, '33.5687639', '73.1375323', 696),
(170, '33.5687639', '73.1375323', 696),
(171, '33.5687639', '73.1375323', 696),
(172, '33.5687639', '73.1375323', 696),
(173, '33.5687639', '73.1375323', 696),
(174, '33.5687639', '73.1375323', 696),
(175, '33.5687639', '73.1375323', 696),
(176, '33.5687639', '73.1375323', 696),
(177, '33.5687639', '73.1375323', 696),
(178, '33.5687639', '73.1375323', 696),
(179, '33.5687639', '73.1375323', 696),
(180, '33.5687639', '73.1375323', 696),
(181, '33.5687639', '73.1375323', 696),
(182, '33.5687639', '73.1375323', 696),
(183, '33.5687639', '73.1375323', 696),
(184, '33.5687639', '73.1375323', 696),
(185, '33.5687639', '73.1375323', 696),
(186, '33.5687639', '73.1375323', 696),
(187, '33.5687639', '73.1375323', 696),
(188, '33.5687639', '73.1375323', 696),
(189, '33.5687639', '73.1375323', 696),
(190, '33.5687639', '73.1375323', 696),
(191, '33.5687639', '73.1375323', 696),
(192, '33.5687639', '73.1375323', 696),
(193, '33.5687639', '73.1375323', 696),
(194, '33.5687639', '73.1375323', 696),
(195, '33.5687639', '73.1375323', 696),
(196, '33.5687639', '73.1375323', 696),
(197, '33.5687639', '73.1375323', 696),
(198, '33.5687639', '73.1375323', 696),
(199, '33.5687639', '73.1375323', 696),
(200, '33.5687639', '73.1375323', 696),
(201, '33.5687639', '73.1375323', 696),
(202, '33.5687639', '73.1375323', 696),
(203, '33.5687639', '73.1375323', 696),
(204, '33.5687639', '73.1375323', 696),
(205, '33.5687639', '73.1375323', 696),
(206, '33.5687639', '73.1375323', 696),
(207, '33.5687639', '73.1375323', 696),
(208, '33.5687639', '73.1375323', 696),
(209, '33.5687639', '73.1375323', 696),
(210, '33.5687639', '73.1375323', 696),
(211, '33.5687639', '73.1375323', 696),
(212, '33.5687639', '73.1375323', 696),
(213, '33.5687639', '73.1375323', 696),
(214, '33.5687639', '73.1375323', 696),
(215, '33.5687639', '73.1375323', 696),
(216, '33.5687639', '73.1375323', 696),
(217, '33.5687639', '73.1375323', 696),
(218, '33.5687639', '73.1375323', 696),
(219, '33.5687639', '73.1375323', 696),
(220, '33.5687639', '73.1375323', 696),
(221, '33.5687639', '73.1375323', 696),
(222, '33.5687639', '73.1375323', 696),
(223, '33.5687639', '73.1375323', 696),
(224, '33.5687639', '73.1375323', 696),
(225, '33.5687639', '73.1375323', 696),
(226, '33.5687639', '73.1375323', 696),
(227, '33.5687639', '73.1375323', 696),
(228, '33.5687639', '73.1375323', 696),
(229, '33.5687639', '73.1375323', 696),
(230, '33.5687639', '73.1375323', 696),
(231, '33.5687639', '73.1375323', 696),
(232, '33.5687639', '73.1375323', 696),
(233, '33.5687639', '73.1375323', 696),
(234, '33.5687639', '73.1375323', 696),
(235, '33.5687639', '73.1375323', 696),
(236, '33.5687639', '73.1375323', 696),
(237, '33.5687639', '73.1375323', 696),
(238, '33.5687639', '73.1375323', 696),
(239, '33.5687639', '73.1375323', 696),
(240, '33.5687639', '73.1375323', 696),
(241, '33.5687639', '73.1375323', 696),
(242, '33.5687639', '73.1375323', 696),
(243, '33.5687639', '73.1375323', 696),
(244, '33.5687639', '73.1375323', 696),
(245, '33.5687639', '73.1375323', 696),
(246, '33.5687639', '73.1375323', 696),
(247, '33.5687639', '73.1375323', 696),
(248, '33.5687639', '73.1375323', 696),
(249, '33.5687639', '73.1375323', 696),
(250, '33.5687639', '73.1375323', 696),
(251, '33.5687639', '73.1375323', 696),
(252, '33.5687639', '73.1375323', 696),
(253, '33.5687639', '73.1375323', 696),
(254, '33.5687639', '73.1375323', 696),
(255, '33.5687639', '73.1375323', 696),
(256, '33.5687639', '73.1375323', 696),
(257, '33.5687639', '73.1375323', 696),
(258, '33.5687639', '73.1375323', 696),
(259, '33.5687639', '73.1375323', 696),
(260, '33.5687639', '73.1375323', 696),
(261, '33.5687639', '73.1375323', 696),
(262, '33.5687639', '73.1375323', 696),
(263, '33.5687639', '73.1375323', 696),
(264, '33.5687639', '73.1375323', 696),
(265, '33.5687639', '73.1375323', 696),
(266, '33.5687639', '73.1375323', 696),
(267, '33.5687639', '73.1375323', 696),
(268, '33.5687639', '73.1375323', 696),
(269, '33.5687639', '73.1375323', 696),
(270, '33.5687639', '73.1375323', 696),
(271, '33.5687639', '73.1375323', 696),
(272, '33.5687639', '73.1375323', 696),
(273, '33.5687639', '73.1375323', 696),
(274, '33.5687639', '73.1375323', 696),
(275, '33.5687639', '73.1375323', 696),
(276, '33.5687639', '73.1375323', 696),
(277, '33.5687639', '73.1375323', 696),
(278, '33.5687639', '73.1375323', 696),
(279, '33.5687639', '73.1375323', 696),
(280, '33.5687639', '73.1375323', 696),
(281, '33.5687639', '73.1375323', 696),
(282, '33.5687639', '73.1375323', 696),
(283, '33.5687639', '73.1375323', 696),
(284, '33.5687639', '73.1375323', 696),
(285, '33.5687639', '73.1375323', 696),
(286, '33.5687639', '73.1375323', 696),
(287, '33.5687639', '73.1375323', 696),
(288, '33.5687639', '73.1375323', 696),
(289, '33.5687639', '73.1375323', 696),
(290, '33.5687639', '73.1375323', 696),
(291, '33.5687639', '73.1375323', 696),
(292, '33.5687639', '73.1375323', 696),
(293, '33.5687639', '73.1375323', 696),
(294, '33.5687639', '73.1375323', 696),
(295, '33.5687639', '73.1375323', 696),
(296, '33.5687639', '73.1375323', 696),
(297, '33.5687639', '73.1375323', 696),
(298, '33.5687639', '73.1375323', 696),
(299, '33.5687639', '73.1375323', 696),
(300, '33.5687639', '73.1375323', 696),
(301, '33.5687639', '73.1375323', 696),
(302, '33.5687639', '73.1375323', 696),
(303, '33.5687639', '73.1375323', 696),
(304, '33.5687639', '73.1375323', 696),
(305, '33.5687639', '73.1375323', 696),
(306, '33.5687639', '73.1375323', 696),
(307, '33.5687639', '73.1375323', 696),
(308, '33.5687639', '73.1375323', 696),
(309, '33.5687639', '73.1375323', 696),
(310, '33.5687639', '73.1375323', 696),
(311, '33.5687639', '73.1375323', 696),
(312, '33.5687639', '73.1375323', 696),
(313, '33.5687639', '73.1375323', 696),
(314, '33.5687639', '73.1375323', 696),
(315, '33.5687639', '73.1375323', 696),
(316, '33.5687639', '73.1375323', 696),
(317, '33.5687639', '73.1375323', 696),
(318, '33.5687639', '73.1375323', 696),
(319, '33.5687639', '73.1375323', 696),
(320, '33.5687639', '73.1375323', 696),
(321, '33.5687639', '73.1375323', 696),
(322, '33.5687639', '73.1375323', 696),
(323, '33.5687639', '73.1375323', 696),
(324, '33.5687639', '73.1375323', 696),
(325, '33.5687639', '73.1375323', 696),
(326, '33.5687639', '73.1375323', 696),
(327, '33.5687639', '73.1375323', 696),
(328, '33.5687639', '73.1375323', 696),
(329, '33.5687639', '73.1375323', 696),
(330, '33.5687639', '73.1375323', 696),
(331, '33.5687639', '73.1375323', 696),
(332, '33.5687639', '73.1375323', 696),
(333, '33.5687639', '73.1375323', 696),
(334, '33.5687639', '73.1375323', 696),
(335, '33.5687639', '73.1375323', 696),
(336, '33.5687639', '73.1375323', 696),
(337, '33.5687639', '73.1375323', 696),
(338, '33.5687639', '73.1375323', 696),
(339, '33.5687639', '73.1375323', 696),
(340, '33.5687639', '73.1375323', 696),
(341, '33.5687639', '73.1375323', 696),
(342, '33.5687639', '73.1375323', 696),
(343, '33.5687639', '73.1375323', 696),
(344, '33.5687639', '73.1375323', 696),
(345, '33.5687639', '73.1375323', 696),
(346, '33.5687639', '73.1375323', 696),
(347, '33.5687639', '73.1375323', 696),
(348, '33.5687639', '73.1375323', 696),
(349, '33.5687639', '73.1375323', 696),
(350, '33.5687639', '73.1375323', 696),
(351, '33.5687639', '73.1375323', 696),
(352, '33.5687639', '73.1375323', 696),
(353, '33.5687639', '73.1375323', 696),
(354, '33.5687639', '73.1375323', 696),
(355, '33.5687639', '73.1375323', 696),
(356, '33.5687639', '73.1375323', 696),
(357, '33.5687639', '73.1375323', 696),
(358, '33.5687639', '73.1375323', 696),
(359, '33.5687639', '73.1375323', 696),
(360, '33.5687639', '73.1375323', 696),
(361, '33.5687639', '73.1375323', 696),
(362, '33.5687639', '73.1375323', 696),
(363, '33.5687639', '73.1375323', 696),
(364, '33.5687639', '73.1375323', 696),
(365, '33.5687639', '73.1375323', 696),
(366, '33.5687639', '73.1375323', 696),
(367, '33.5687639', '73.1375323', 696),
(368, '33.5687639', '73.1375323', 696),
(369, '33.5687639', '73.1375323', 696),
(370, '33.5687639', '73.1375323', 696),
(371, '33.5687639', '73.1375323', 696),
(372, '33.5687639', '73.1375323', 696),
(373, '33.5687639', '73.1375323', 696),
(374, '33.5687639', '73.1375323', 696),
(375, '33.5687639', '73.1375323', 696),
(376, '31.4128842', '73.1149169', 696),
(377, '31.4128842', '73.1149169', 696),
(378, '31.4128842', '73.1149169', 696),
(379, '31.4128842', '73.1149169', 696),
(380, '31.4128842', '73.1149169', 696),
(381, '31.4128732', '73.1149668', 696),
(382, '31.4128732', '73.1149668', 696),
(383, '31.4128732', '73.1149668', 696),
(384, '31.4128732', '73.1149668', 696),
(385, '31.4128846', '73.1149197', 696),
(386, '31.4128846', '73.1149197', 696),
(387, '31.4128846', '73.1149197', 696),
(388, '31.4128845', '73.1149196', 696),
(389, '31.4128845', '73.1149196', 696),
(390, '31.4128845', '73.1149196', 696),
(391, '31.4128851', '73.114918', 696),
(392, '31.4128851', '73.114918', 696),
(393, '31.4128851', '73.114918', 696),
(394, '31.412884', '73.1149155', 696),
(395, '31.412884', '73.1149155', 696),
(396, '31.412884', '73.1149155', 696),
(397, '31.4128827', '73.1149179', 696),
(398, '31.4128827', '73.1149179', 696),
(399, '31.4128827', '73.1149179', 696),
(400, '31.412883', '73.1149186', 696),
(401, '31.412883', '73.1149186', 696),
(402, '31.412883', '73.1149186', 696),
(403, '31.412883', '73.1149186', 696),
(404, '31.4128848', '73.114919', 696),
(405, '31.4128848', '73.114919', 696),
(406, '31.4128848', '73.114919', 696),
(407, '31.4128847', '73.1149212', 696),
(408, '31.4128847', '73.1149212', 696),
(409, '31.4128847', '73.1149212', 696),
(410, '31.4128847', '73.1149212', 696),
(411, '31.4128835', '73.1149242', 696),
(412, '31.4128835', '73.1149242', 696),
(413, '31.4128835', '73.1149242', 696),
(414, '31.4128749', '73.1149292', 696),
(415, '31.4128749', '73.1149292', 696),
(416, '31.4128749', '73.1149292', 696),
(417, '31.4128723', '73.1149127', 696),
(418, '31.4128723', '73.1149127', 696),
(419, '31.4128723', '73.1149127', 696),
(420, '31.4128826', '73.11492', 696),
(421, '31.4128826', '73.11492', 696),
(422, '31.4128826', '73.11492', 696),
(423, '31.4128842', '73.1149252', 696),
(424, '31.4128842', '73.1149252', 696),
(425, '31.4128842', '73.1149252', 696),
(426, '31.4128856', '73.1149214', 696),
(427, '31.4128856', '73.1149214', 696),
(428, '31.4128856', '73.1149214', 696),
(429, '31.4128856', '73.1149214', 696),
(430, '31.4128847', '73.1149207', 696),
(431, '31.4128847', '73.1149207', 696),
(432, '31.4128847', '73.1149207', 696),
(433, '31.4128842', '73.114921', 696),
(434, '31.4128842', '73.114921', 696),
(435, '31.4128842', '73.114921', 696),
(436, '31.4128836', '73.1149088', 696),
(437, '31.4128836', '73.1149088', 696),
(438, '31.4128836', '73.1149088', 696),
(439, '31.4128836', '73.1149088', 696),
(440, '31.4128843', '73.1149104', 696),
(441, '31.4128843', '73.1149104', 696),
(442, '31.4128843', '73.1149104', 696),
(443, '31.4128843', '73.1149104', 696),
(444, '31.4128843', '73.1149104', 696),
(445, '31.4128843', '73.1149104', 696),
(446, '31.4128843', '73.1149104', 696),
(447, '31.4128843', '73.1149104', 696),
(448, '31.4128843', '73.1149104', 696),
(449, '31.4128843', '73.1149104', 696),
(450, '31.4128828', '73.1149155', 696),
(451, '31.4128828', '73.1149155', 696),
(452, '31.4128828', '73.1149155', 696),
(453, '31.4128828', '73.1149155', 696),
(454, '31.4128828', '73.1149155', 696),
(455, '31.4128828', '73.1149155', 696),
(456, '31.4128828', '73.1149155', 696),
(457, '31.4128828', '73.1149155', 696),
(458, '31.4128828', '73.1149155', 696),
(459, '31.4128828', '73.1149155', 696),
(460, '31.4128816', '73.1149184', 696),
(461, '31.4128816', '73.1149184', 696),
(462, '31.4128816', '73.1149184', 696),
(463, '31.4128816', '73.1149184', 696),
(464, '31.4128816', '73.1149184', 696),
(465, '31.4128816', '73.1149184', 696),
(466, '31.4128816', '73.1149184', 696),
(467, '31.4128816', '73.1149184', 696),
(468, '31.4128816', '73.1149184', 696),
(469, '31.4128816', '73.1149184', 696),
(470, '31.4128816', '73.1149184', 696),
(471, '31.4128853', '73.1149192', 696),
(472, '31.4128853', '73.1149192', 696),
(473, '31.4128853', '73.1149192', 696),
(474, '31.4128853', '73.1149192', 696),
(475, '31.4128853', '73.1149192', 696),
(476, '31.4128853', '73.1149192', 696),
(477, '31.4128853', '73.1149192', 696),
(478, '31.4128851', '73.1149164', 696),
(479, '31.4128851', '73.1149164', 696),
(480, '31.4128846', '73.1149112', 696),
(481, '31.4128846', '73.1149112', 696),
(482, '31.4128846', '73.1149112', 696),
(483, '31.4128846', '73.1149112', 696),
(484, '31.4128846', '73.1149112', 696),
(485, '31.4128846', '73.1149112', 696),
(486, '31.4128846', '73.1149112', 696),
(487, '31.4128846', '73.1149112', 696),
(488, '31.4128846', '73.1149112', 696),
(489, '31.4128846', '73.1149112', 696),
(490, '31.4128846', '73.1149112', 696),
(491, '31.4128846', '73.1149112', 696),
(492, '31.4128846', '73.1149112', 696),
(493, '31.4128846', '73.1149112', 696),
(494, '31.4128846', '73.1149112', 696),
(495, '31.4128846', '73.1149112', 696),
(496, '31.4128846', '73.1149112', 696),
(497, '31.4128832', '73.114911', 696),
(498, '31.4128832', '73.114911', 696),
(499, '31.4128832', '73.114911', 696),
(500, '31.4128832', '73.114911', 696),
(501, '31.4128862', '73.1149133', 696),
(502, '31.4128862', '73.1149133', 696),
(503, '31.4128862', '73.1149133', 696),
(504, '31.4128862', '73.1149133', 696),
(505, '31.4128862', '73.1149133', 696),
(506, '31.4128862', '73.1149133', 696),
(507, '31.4128862', '73.1149133', 696),
(508, '31.4128875', '73.1149132', 696),
(509, '31.4128875', '73.1149132', 696),
(510, '31.4128875', '73.1149132', 696),
(511, '31.4128875', '73.1149132', 696),
(512, '31.412884', '73.1149104', 696),
(513, '31.412884', '73.1149104', 696),
(514, '31.412884', '73.1149104', 696),
(515, '31.412884', '73.1149104', 696),
(516, '31.4128849', '73.1149109', 696),
(517, '31.4128849', '73.1149109', 696),
(518, '31.4128849', '73.1149109', 696),
(519, '31.4128833', '73.1149106', 696),
(520, '31.4128833', '73.1149106', 696),
(521, '25.2987883', '55.3825341', 696),
(522, '25.2987883', '55.3825341', 696),
(523, '25.2987883', '55.3825341', 696),
(524, '25.2987883', '55.3825341', 696),
(525, '25.2987883', '55.3825341', 696),
(526, '25.2989092', '55.382552', 696),
(527, '25.2989092', '55.382552', 696),
(528, '25.2989092', '55.382552', 696),
(529, '25.2989092', '55.382552', 696),
(530, '25.2989092', '55.382552', 696),
(531, '25.2989092', '55.382552', 696),
(532, '25.2987933', '55.3824997', 696),
(533, '25.2987933', '55.3824997', 696),
(534, '25.2987933', '55.3824997', 696),
(535, '25.2988237', '55.3824772', 696),
(536, '25.2988237', '55.3824772', 696),
(537, '25.2988237', '55.3824772', 696);

-- --------------------------------------------------------

--
-- Table structure for table `feedbackquestion`
--

CREATE TABLE `feedbackquestion` (
  `id` int(11) NOT NULL,
  `feedQuestion` text NOT NULL,
  `expiry` date NOT NULL,
  `status` int(11) NOT NULL
) ENGINE=InnoDB DEFAULT CHARSET=utf8mb4;

--
-- Dumping data for table `feedbackquestion`
--

INSERT INTO `feedbackquestion` (`id`, `feedQuestion`, `expiry`, `status`) VALUES
(6, 'Whats you City name tesr??', '0000-00-00', 0),
(9, 'Whats you City name 2??', '0000-00-00', 0),
(10, 'QUESTION FOR TESTING', '2020-11-14', 0);

-- --------------------------------------------------------

--
-- Table structure for table `general`
--

CREATE TABLE `general` (
  `id` int(11) NOT NULL,
  `name` text NOT NULL,
  `value` text NOT NULL
) ENGINE=InnoDB DEFAULT CHARSET=utf8mb4;

--
-- Dumping data for table `general`
--

INSERT INTO `general` (`id`, `name`, `value`) VALUES
(1, 'notifications', '0');

-- --------------------------------------------------------

--
-- Table structure for table `itemprices`
--

CREATE TABLE `itemprices` (
  `itempriceid` int(11) NOT NULL,
  `itemid` int(11) NOT NULL,
  `date` date NOT NULL,
  `price` text NOT NULL
) ENGINE=InnoDB DEFAULT CHARSET=latin1;

--
-- Dumping data for table `itemprices`
--

INSERT INTO `itemprices` (`itempriceid`, `itemid`, `date`, `price`) VALUES
(2, 2, '2020-03-25', '110.00'),
(4, 5, '2020-03-25', '85'),
(5, 6, '2020-03-25', '120'),
(6, 7, '2020-03-25', '170'),
(7, 9, '2020-03-25', '70'),
(8, 10, '2020-03-25', '90'),
(10, 12, '2020-03-25', '240'),
(11, 13, '2020-03-25', '80'),
(12, 14, '2020-03-25', '100'),
(13, 15, '2020-03-25', '180'),
(14, 16, '2020-03-25', '220'),
(16, 21, '2020-03-25', '90'),
(17, 23, '2020-03-25', '140'),
(20, 30, '2020-03-25', '90'),
(22, 32, '2020-03-25', '225'),
(23, 33, '2020-03-25', '75'),
(24, 34, '2020-03-25', '100'),
(25, 35, '2020-03-25', '160'),
(29, 41, '2020-05-13', '50'),
(30, 42, '2020-05-18', '500'),
(31, 43, '2020-06-03', '49'),
(33, 45, '2020-06-05', '49'),
(34, 46, '2020-06-05', '49'),
(35, 47, '2020-06-05', '49'),
(36, 48, '2020-06-06', '69'),
(37, 51, '2020-06-06', '69'),
(38, 50, '2020-06-06', '69'),
(39, 53, '2020-06-06', '49'),
(40, 54, '2020-06-06', '49'),
(41, 55, '2020-06-06', '49'),
(42, 56, '2020-06-07', '59'),
(43, 57, '2020-06-07', '59'),
(44, 58, '2020-06-07', '39'),
(45, 59, '2020-06-08', '75'),
(46, 60, '2020-06-08', '90'),
(47, 61, '2020-06-08', '150'),
(48, 62, '2020-06-08', '225'),
(53, 64, '2020-06-10', '130'),
(55, 65, '2020-06-10', '130'),
(56, 66, '2020-06-10', '130'),
(57, 70, '2020-06-10', '130'),
(58, 71, '2020-06-10', '150'),
(59, 72, '2020-06-10', '210'),
(60, 73, '2020-06-10', '290'),
(61, 74, '2020-06-10', '130'),
(62, 86, '2020-06-10', '130'),
(63, 78, '2020-06-10', '130'),
(64, 90, '2020-06-10', '130'),
(65, 94, '2020-06-10', '130'),
(66, 79, '2020-06-10', '170'),
(67, 80, '2020-06-10', '210'),
(68, 77, '2020-06-10', '310'),
(69, 83, '2020-06-10', '170'),
(70, 84, '2020-06-10', '210'),
(71, 85, '2020-06-10', '310'),
(72, 87, '2020-06-10', '170'),
(73, 88, '2020-06-10', '210'),
(74, 89, '2020-06-10', '310'),
(75, 91, '2020-06-10', '170'),
(76, 92, '2020-06-10', '210'),
(77, 93, '2020-06-10', '310'),
(78, 75, '2020-06-10', '170'),
(79, 82, '2020-06-10', '130'),
(80, 81, '2020-06-10', '310'),
(81, 95, '2020-06-10', '170'),
(82, 96, '2020-06-10', '210'),
(83, 97, '2020-06-10', '310'),
(84, 76, '2020-06-10', '210'),
(85, 40, '2020-06-10', '60'),
(86, 98, '2020-06-14', '90'),
(87, 99, '2020-06-25', '80'),
(88, 79, '2020-06-30', '130'),
(89, 83, '2020-06-30', '130'),
(90, 87, '2020-06-30', '130'),
(91, 91, '2020-06-30', '130'),
(92, 75, '2020-06-30', '130'),
(93, 95, '2020-06-30', '130'),
(94, 78, '2020-06-30', '80'),
(95, 86, '2020-06-30', '80'),
(96, 90, '2020-06-30', '80'),
(97, 74, '2020-06-30', '80'),
(98, 94, '2020-06-30', '80'),
(99, 82, '2020-06-30', '80'),
(100, 80, '2020-06-30', '170'),
(101, 76, '2020-06-30', '170'),
(102, 84, '2020-06-30', '170'),
(103, 88, '2020-06-30', '170'),
(104, 92, '2020-06-30', '170'),
(105, 96, '2020-06-30', '170'),
(106, 77, '2020-06-30', '270'),
(107, 85, '2020-06-30', '270'),
(108, 89, '2020-06-30', '270'),
(109, 97, '2020-06-30', '270'),
(110, 81, '2020-06-30', '270'),
(111, 93, '2020-06-30', '270'),
(112, 90, '2020-07-07', '70'),
(113, 94, '2020-07-07', '70'),
(114, 86, '2020-07-07', '80'),
(115, 82, '2020-07-07', '80'),
(116, 78, '2020-07-07', '100'),
(117, 74, '2020-07-07', '100'),
(118, 80, '2020-07-07', '150'),
(119, 88, '2020-07-07', '150'),
(120, 76, '2020-07-07', '130'),
(121, 92, '2020-07-07', '130'),
(122, 84, '2020-07-07', '100'),
(123, 96, '2020-07-07', '100'),
(124, 79, '2020-07-07', '130'),
(125, 77, '2020-07-07', '330'),
(126, 83, '2020-07-07', '100'),
(127, 87, '2020-07-07', '90'),
(128, 85, '2020-07-07', '280'),
(129, 89, '2020-07-07', '240'),
(130, 93, '2020-07-07', '330'),
(131, 81, '2020-07-07', '280'),
(132, 97, '2020-07-07', '240'),
(133, 75, '2020-07-07', '100'),
(134, 95, '2020-07-07', '90'),
(135, 101, '2020-07-08', '80'),
(136, 138, '2020-07-08', '50'),
(137, 137, '2020-07-08', '80'),
(138, 136, '2020-07-08', '80'),
(139, 135, '2020-07-08', '80'),
(140, 133, '2020-07-08', '80'),
(141, 132, '2020-07-08', '40'),
(142, 131, '2020-07-08', '80'),
(143, 130, '2020-07-08', '40'),
(144, 129, '2020-07-08', '40'),
(145, 128, '2020-07-08', '40'),
(146, 127, '2020-07-08', '40'),
(147, 125, '2020-07-08', '80'),
(148, 124, '2020-07-08', '50'),
(149, 123, '2020-07-08', '40'),
(150, 122, '2020-07-08', '40'),
(151, 121, '2020-07-08', '50'),
(152, 120, '2020-07-08', '40'),
(153, 118, '2020-07-08', '40'),
(154, 117, '2020-07-08', '80'),
(155, 116, '2020-07-08', '80'),
(156, 115, '2020-07-08', '50'),
(157, 114, '2020-07-08', '40'),
(158, 113, '2020-07-08', '40'),
(159, 112, '2020-07-08', '40'),
(160, 104, '2020-07-08', '40'),
(161, 103, '2020-07-08', '40'),
(162, 102, '2020-07-08', '80'),
(163, 100, '2020-07-08', '50'),
(164, 99, '2020-07-08', '40'),
(165, 44, '2020-07-08', '40'),
(166, 110, '2020-07-08', '40'),
(167, 105, '2020-07-08', '40'),
(168, 106, '2020-07-08', '80'),
(169, 107, '2020-07-08', '40'),
(170, 108, '2020-07-08', '40'),
(171, 119, '2020-07-08', '40'),
(172, 139, '2020-07-08', '40'),
(173, 140, '2020-07-08', '80'),
(174, 141, '2020-07-08', '80'),
(175, 142, '2020-07-08', '80'),
(176, 143, '2020-07-08', '50'),
(177, 144, '2020-07-08', '50'),
(178, 145, '2020-07-08', '80'),
(179, 146, '2020-07-08', '80'),
(180, 147, '2020-07-08', '40'),
(181, 148, '2020-07-08', '40'),
(182, 149, '2020-07-08', '40'),
(183, 150, '2020-07-08', '50'),
(184, 151, '2020-07-08', '50'),
(185, 152, '2020-07-08', '50'),
(186, 153, '2020-07-08', '40'),
(187, 154, '2020-07-08', '40'),
(188, 155, '2020-07-08', '40'),
(189, 156, '2020-07-08', '40'),
(190, 157, '2020-07-08', '40'),
(191, 158, '2020-07-08', '40'),
(192, 159, '2020-07-08', '40'),
(193, 162, '2020-07-10', '80'),
(194, 163, '2020-07-10', '80'),
(195, 164, '2020-07-10', '80'),
(196, 165, '2020-07-10', '80'),
(197, 166, '2020-07-10', '80'),
(198, 167, '2020-07-10', '80'),
(199, 168, '2020-07-10', '80'),
(200, 169, '2020-07-10', '80'),
(201, 170, '2020-07-10', '80'),
(202, 171, '2020-07-10', '80'),
(203, 172, '2020-07-10', '80'),
(204, 173, '2020-07-10', '80'),
(205, 174, '2020-07-10', '80'),
(206, 175, '2020-07-10', '80'),
(207, 176, '2020-07-10', '80'),
(208, 177, '2020-07-10', '120'),
(209, 178, '2020-07-10', '120'),
(210, 179, '2020-07-10', '120'),
(211, 180, '2020-07-10', '120'),
(212, 181, '2020-07-10', '120'),
(213, 182, '2020-07-10', '120'),
(214, 183, '2020-07-10', '120'),
(215, 184, '2020-07-10', '120'),
(216, 185, '2020-07-10', '120'),
(217, 186, '2020-07-10', '120'),
(218, 187, '2020-07-10', '120'),
(219, 188, '2020-07-10', '120'),
(220, 189, '2020-07-10', '120'),
(221, 190, '2020-07-10', '120'),
(222, 191, '2020-07-10', '120'),
(223, 192, '2020-07-10', '80'),
(224, 193, '2020-07-10', '80'),
(225, 194, '2020-07-10', '80'),
(226, 195, '2020-07-10', '80'),
(227, 196, '2020-07-10', '80'),
(228, 197, '2020-07-10', '80'),
(229, 198, '2020-07-10', '80'),
(230, 199, '2020-07-10', '80'),
(231, 200, '2020-07-10', '80'),
(232, 201, '2020-07-10', '80'),
(233, 202, '2020-07-10', '80'),
(234, 203, '2020-07-10', '80'),
(235, 204, '2020-07-10', '80'),
(236, 205, '2020-07-10', '80'),
(237, 206, '2020-07-10', '80'),
(238, 207, '2020-07-10', '80'),
(239, 208, '2020-07-10', '80'),
(240, 209, '2020-07-10', '80'),
(241, 210, '2020-07-10', '80'),
(242, 211, '2020-07-10', '80'),
(243, 212, '2020-07-10', '80'),
(244, 213, '2020-07-10', '80'),
(245, 214, '2020-07-10', '80'),
(246, 215, '2020-07-10', '80'),
(247, 216, '2020-07-10', '80'),
(248, 217, '2020-07-10', '80'),
(249, 218, '2020-07-10', '80'),
(250, 219, '2020-07-10', '80'),
(251, 220, '2020-07-10', '80'),
(252, 221, '2020-07-10', '80'),
(253, 222, '2020-07-10', '80'),
(254, 223, '2020-07-10', '60'),
(255, 224, '2020-07-10', '60'),
(256, 225, '2020-07-10', '60'),
(257, 236, '2020-07-10', '80'),
(258, 237, '2020-07-10', '80'),
(259, 238, '2020-07-10', '80'),
(260, 239, '2020-07-10', '80'),
(261, 240, '2020-07-10', '80'),
(262, 241, '2020-07-10', '80'),
(263, 242, '2020-07-10', '80'),
(264, 243, '2020-07-10', '80'),
(265, 244, '2020-07-10', '80'),
(266, 245, '2020-07-10', '80'),
(267, 246, '2020-07-10', '80'),
(268, 247, '2020-07-10', '80'),
(269, 248, '2020-07-10', '80'),
(270, 249, '2020-07-10', '80'),
(271, 250, '2020-07-10', '80'),
(272, 251, '2020-07-10', '80'),
(273, 252, '2020-07-10', '80'),
(274, 253, '2020-07-10', '80'),
(275, 254, '2020-07-10', '80'),
(276, 255, '2020-07-10', '80'),
(277, 256, '2020-07-10', '80'),
(278, 257, '2020-07-10', '80'),
(279, 258, '2020-07-10', '80'),
(280, 259, '2020-07-10', '80'),
(281, 260, '2020-07-10', '80'),
(282, 261, '2020-07-10', '80'),
(283, 262, '2020-07-10', '80'),
(284, 263, '2020-07-10', '80'),
(285, 264, '2020-07-10', '80'),
(286, 265, '2020-07-10', '80'),
(287, 266, '2020-07-10', '80'),
(288, 267, '2020-07-10', '80'),
(289, 268, '2020-07-10', '80'),
(290, 269, '2020-07-10', '80'),
(291, 270, '2020-07-10', '80'),
(292, 271, '2020-07-10', '80'),
(293, 284, '2020-07-10', '50'),
(294, 285, '2020-07-10', '50'),
(295, 286, '2020-07-10', '50'),
(296, 287, '2020-07-10', '50'),
(297, 288, '2020-07-10', '50'),
(298, 289, '2020-07-10', '50'),
(299, 290, '2020-07-10', '50'),
(300, 291, '2020-07-10', '50'),
(301, 292, '2020-07-10', '50'),
(302, 293, '2020-07-10', '50'),
(303, 294, '2020-07-10', '50'),
(304, 295, '2020-07-10', '50'),
(305, 296, '2020-07-10', '50'),
(306, 297, '2020-07-10', '50'),
(307, 298, '2020-07-10', '50'),
(308, 299, '2020-07-10', '50'),
(309, 300, '2020-07-10', '50'),
(310, 301, '2020-07-10', '50'),
(311, 303, '2020-07-10', '60'),
(312, 304, '2020-07-10', '60'),
(313, 305, '2020-07-10', '60'),
(314, 306, '2020-07-10', '60'),
(315, 307, '2020-07-10', '60'),
(316, 308, '2020-07-10', '60'),
(317, 309, '2020-07-10', '60'),
(318, 310, '2020-07-10', '60'),
(319, 311, '2020-07-10', '60'),
(320, 312, '2020-07-10', '60'),
(321, 313, '2020-07-10', '60'),
(322, 314, '2020-07-10', '60'),
(323, 315, '2020-07-10', '60'),
(324, 316, '2020-07-10', '60'),
(325, 317, '2020-07-10', '60'),
(326, 318, '2020-07-10', '60'),
(327, 319, '2020-07-10', '50'),
(328, 320, '2020-07-10', '50'),
(329, 321, '2020-07-10', '50'),
(330, 322, '2020-07-10', '50'),
(331, 323, '2020-07-10', '50'),
(332, 324, '2020-07-10', '50'),
(333, 325, '2020-07-10', '50'),
(334, 326, '2020-07-10', '50'),
(335, 327, '2020-07-10', '50'),
(336, 328, '2020-07-10', '50'),
(337, 329, '2020-07-10', '50'),
(338, 330, '2020-07-10', '50'),
(339, 331, '2020-07-10', '50'),
(340, 332, '2020-07-10', '50'),
(341, 333, '2020-07-10', '50'),
(342, 334, '2020-07-10', '50'),
(343, 335, '2020-07-10', '50'),
(344, 336, '2020-07-10', '50'),
(345, 337, '2020-07-10', '50'),
(346, 338, '2020-07-10', '50'),
(347, 339, '2020-07-10', '50'),
(348, 340, '2020-07-10', '50'),
(349, 341, '2020-07-10', '50'),
(350, 342, '2020-07-10', '50'),
(351, 343, '2020-07-10', '50'),
(352, 344, '2020-07-10', '50'),
(353, 345, '2020-07-10', '50'),
(354, 346, '2020-07-10', '50'),
(355, 347, '2020-07-10', '50'),
(356, 348, '2020-07-10', '50'),
(357, 349, '2020-07-10', '50'),
(358, 350, '2020-07-10', '50'),
(359, 351, '2020-07-10', '50'),
(360, 352, '2020-07-10', '50'),
(361, 353, '2020-07-10', '50'),
(362, 354, '2020-07-10', '50'),
(363, 355, '2020-07-10', '50'),
(364, 356, '2020-07-10', '50'),
(365, 357, '2020-07-10', '50'),
(366, 358, '2020-07-10', '80'),
(367, 359, '2020-07-10', '80'),
(368, 360, '2020-07-10', '80'),
(369, 361, '2020-07-10', '80'),
(370, 362, '2020-07-10', '80'),
(371, 363, '2020-07-10', '80'),
(372, 364, '2020-07-10', '80'),
(373, 365, '2020-07-10', '80'),
(374, 366, '2020-07-10', '80'),
(375, 367, '2020-07-10', '80'),
(376, 368, '2020-07-10', '80'),
(377, 369, '2020-07-10', '80'),
(378, 371, '2020-07-10', '40'),
(379, 372, '2020-07-10', '40'),
(380, 373, '2020-07-10', '40'),
(381, 374, '2020-07-10', '40'),
(382, 375, '2020-07-10', '40'),
(383, 376, '2020-07-10', '40'),
(384, 377, '2020-07-10', '40'),
(385, 378, '2020-07-10', '40'),
(386, 379, '2020-07-10', '50'),
(387, 380, '2020-07-10', '50'),
(388, 381, '2020-07-10', '50'),
(389, 382, '2020-07-10', '50'),
(390, 383, '2020-07-10', '50'),
(391, 384, '2020-07-10', '50'),
(392, 385, '2020-07-10', '50'),
(393, 386, '2020-07-10', '50'),
(394, 387, '2020-07-10', '50'),
(395, 388, '2020-07-10', '50'),
(396, 389, '2020-07-10', '50'),
(397, 390, '2020-07-10', '50'),
(398, 391, '2020-07-10', '50'),
(399, 412, '2020-07-10', '80'),
(400, 413, '2020-07-10', '80'),
(401, 414, '2020-07-10', '80'),
(402, 415, '2020-07-10', '80'),
(403, 416, '2020-07-10', '80'),
(404, 417, '2020-07-10', '80'),
(405, 418, '2020-07-10', '80'),
(406, 419, '2020-07-10', '80'),
(407, 420, '2020-07-10', '80'),
(408, 422, '2020-07-10', '40'),
(409, 423, '2020-07-10', '40'),
(410, 424, '2020-07-10', '40'),
(411, 425, '2020-07-10', '40'),
(412, 426, '2020-07-10', '40'),
(413, 427, '2020-07-10', '40'),
(414, 428, '2020-07-10', '40'),
(415, 429, '2020-07-10', '40'),
(416, 430, '2020-07-10', '40'),
(417, 431, '2020-07-10', '40'),
(418, 432, '2020-07-10', '40'),
(419, 433, '2020-07-10', '40'),
(420, 434, '2020-07-10', '40'),
(421, 435, '2020-07-10', '40'),
(422, 436, '2020-07-10', '40'),
(423, 437, '2020-07-10', '40'),
(424, 438, '2020-07-10', '40'),
(425, 439, '2020-07-10', '40'),
(426, 440, '2020-07-10', '40'),
(427, 441, '2020-07-10', '40'),
(428, 442, '2020-07-10', '40'),
(429, 443, '2020-07-10', '40'),
(430, 444, '2020-07-10', '40'),
(431, 445, '2020-07-10', '40'),
(432, 446, '2020-07-10', '40'),
(433, 447, '2020-07-10', '40'),
(434, 448, '2020-07-10', '40'),
(435, 449, '2020-07-10', '40'),
(436, 450, '2020-07-10', '60'),
(437, 451, '2020-07-10', '60'),
(438, 452, '2020-07-10', '60'),
(439, 453, '2020-07-10', '50'),
(440, 454, '2020-07-10', '50'),
(441, 455, '2020-07-10', '50'),
(442, 456, '2020-07-10', '50'),
(443, 457, '2020-07-10', '50'),
(444, 458, '2020-07-10', '50'),
(445, 459, '2020-07-10', '50'),
(446, 460, '2020-07-10', '50'),
(447, 461, '2020-07-10', '60'),
(448, 462, '2020-07-10', '60'),
(449, 463, '2020-07-10', '60'),
(450, 464, '2020-07-10', '60'),
(451, 465, '2020-07-10', '60'),
(452, 466, '2020-07-10', '60'),
(453, 467, '2020-07-10', '60'),
(454, 468, '2020-07-10', '60'),
(455, 469, '2020-07-10', '60'),
(456, 470, '2020-07-10', '60'),
(457, 471, '2020-07-10', '60'),
(458, 472, '2020-07-10', '50'),
(459, 473, '2020-07-10', '50'),
(460, 474, '2020-07-10', '50'),
(461, 475, '2020-07-10', '50'),
(462, 476, '2020-07-10', '50'),
(463, 477, '2020-07-10', '50'),
(464, 478, '2020-07-10', '50'),
(465, 479, '2020-07-10', '50'),
(466, 480, '2020-07-10', '60'),
(467, 481, '2020-07-10', '60'),
(468, 482, '2020-07-10', '60'),
(469, 483, '2020-07-10', '60'),
(470, 484, '2020-07-10', '60'),
(471, 485, '2020-07-10', '60'),
(472, 486, '2020-07-10', '40'),
(473, 487, '2020-07-10', '40'),
(474, 488, '2020-07-10', '40'),
(475, 489, '2020-07-10', '40'),
(476, 490, '2020-07-10', '40'),
(477, 491, '2020-07-10', '40'),
(478, 492, '2020-07-10', '40'),
(479, 493, '2020-07-10', '40'),
(480, 494, '2020-07-10', '40'),
(481, 495, '2020-07-10', '40'),
(482, 496, '2020-07-10', '40'),
(483, 497, '2020-07-10', '40'),
(484, 498, '2020-07-10', '40'),
(485, 499, '2020-07-10', '40'),
(486, 500, '2020-07-10', '40'),
(487, 501, '2020-07-10', '40'),
(488, 504, '2020-07-10', '50'),
(489, 505, '2020-07-10', '50'),
(490, 506, '2020-07-10', '40'),
(491, 507, '2020-07-10', '40'),
(492, 508, '2020-07-10', '40'),
(493, 509, '2020-07-10', '40'),
(494, 510, '2020-07-10', '40'),
(495, 511, '2020-07-10', '40'),
(496, 512, '2020-07-10', '40'),
(497, 513, '2020-07-10', '40'),
(498, 514, '2020-07-10', '40'),
(499, 515, '2020-07-10', '40'),
(500, 516, '2020-07-10', '40'),
(501, 517, '2020-07-10', '40'),
(502, 518, '2020-07-10', '40'),
(503, 519, '2020-07-10', '40'),
(504, 520, '2020-07-10', '40'),
(505, 521, '2020-07-10', '40'),
(506, 522, '2020-07-10', '40'),
(507, 523, '2020-07-10', '40'),
(508, 524, '2020-07-10', '40'),
(509, 525, '2020-07-10', '40'),
(510, 526, '2020-07-10', '40'),
(511, 527, '2020-07-10', '40'),
(512, 528, '2020-07-10', '40'),
(513, 529, '2020-07-10', '40'),
(514, 530, '2020-07-10', '40'),
(515, 531, '2020-07-10', '40'),
(516, 532, '2020-07-10', '40'),
(517, 533, '2020-07-10', '40'),
(518, 534, '2020-07-10', '40'),
(519, 535, '2020-07-10', '40'),
(520, 536, '2020-07-10', '40'),
(521, 537, '2020-07-10', '40'),
(522, 538, '2020-07-10', '40'),
(523, 539, '2020-07-10', '40'),
(524, 540, '2020-07-10', '40'),
(525, 541, '2020-07-10', '40'),
(526, 542, '2020-07-10', '40'),
(527, 543, '2020-07-10', '40'),
(528, 544, '2020-07-10', '40'),
(529, 545, '2020-07-10', '40'),
(530, 546, '2020-07-10', '40'),
(531, 547, '2020-07-10', '40'),
(532, 548, '2020-07-10', '40'),
(533, 549, '2020-07-10', '40'),
(534, 550, '2020-07-10', '40'),
(535, 551, '2020-07-10', '40'),
(536, 552, '2020-07-10', '40'),
(537, 553, '2020-07-10', '40'),
(538, 554, '2020-07-10', '40'),
(539, 555, '2020-07-10', '40'),
(540, 556, '2020-07-10', '40'),
(541, 557, '2020-07-10', '40'),
(542, 558, '2020-07-10', '40'),
(543, 560, '2020-07-10', '40'),
(544, 561, '2020-07-10', '40'),
(545, 562, '2020-07-10', '40'),
(546, 563, '2020-07-10', '40'),
(547, 564, '2020-07-10', '60'),
(548, 565, '2020-07-10', '60'),
(549, 566, '2020-07-10', '60'),
(550, 567, '2020-07-10', '60'),
(551, 568, '2020-07-10', '60'),
(552, 569, '2020-07-10', '120'),
(553, 570, '2020-07-10', '120'),
(554, 571, '2020-07-10', '120'),
(555, 572, '2020-07-10', '120'),
(556, 573, '2020-07-10', '120'),
(557, 574, '2020-07-10', '120'),
(558, 575, '2020-07-10', '120'),
(559, 576, '2020-07-10', '120'),
(560, 577, '2020-07-10', '120'),
(561, 578, '2020-07-10', '120'),
(562, 579, '2020-07-10', '120'),
(563, 580, '2020-07-10', '120'),
(564, 581, '2020-07-10', '120'),
(565, 582, '2020-07-10', '120'),
(566, 583, '2020-07-10', '120'),
(567, 584, '2020-07-10', '50'),
(568, 585, '2020-07-10', '50'),
(569, 586, '2020-07-10', '50'),
(570, 587, '2020-07-10', '50'),
(571, 588, '2020-07-10', '50'),
(572, 589, '2020-07-10', '50'),
(573, 590, '2020-07-10', '50'),
(574, 591, '2020-07-10', '50'),
(575, 592, '2020-07-10', '50'),
(576, 593, '2020-07-10', '50'),
(577, 594, '2020-07-10', '40'),
(578, 595, '2020-07-10', '40'),
(579, 596, '2020-07-10', '40'),
(580, 597, '2020-07-10', '40'),
(581, 598, '2020-07-10', '40'),
(582, 599, '2020-07-10', '40'),
(583, 600, '2020-07-10', '40'),
(584, 601, '2020-07-10', '40'),
(585, 602, '2020-07-10', '40'),
(586, 603, '2020-07-10', '40'),
(587, 604, '2020-07-10', '40'),
(588, 605, '2020-07-10', '40'),
(589, 606, '2020-07-10', '40'),
(590, 607, '2020-07-10', '40'),
(591, 608, '2020-07-10', '40'),
(592, 609, '2020-07-10', '40'),
(593, 610, '2020-07-10', '40'),
(594, 611, '2020-07-10', '40'),
(595, 612, '2020-07-10', '40'),
(596, 623, '2020-07-10', '120'),
(597, 624, '2020-07-10', '120'),
(598, 625, '2020-07-10', '120'),
(599, 626, '2020-07-10', '120'),
(600, 627, '2020-07-10', '120'),
(601, 628, '2020-07-10', '120'),
(602, 629, '2020-07-10', '120'),
(603, 630, '2020-07-10', '120'),
(604, 631, '2020-07-10', '120'),
(605, 632, '2020-07-10', '120'),
(606, 633, '2020-07-10', '120'),
(607, 634, '2020-07-10', '120'),
(608, 635, '2020-07-10', '120'),
(609, 636, '2020-07-10', '120'),
(610, 637, '2020-07-10', '40'),
(611, 638, '2020-07-10', '40'),
(612, 639, '2020-07-10', '40'),
(613, 640, '2020-07-10', '40'),
(614, 641, '2020-07-10', '40'),
(615, 642, '2020-07-10', '40'),
(616, 643, '2020-07-10', '40'),
(617, 644, '2020-07-10', '40'),
(618, 645, '2020-07-10', '40'),
(619, 646, '2020-07-10', '40'),
(620, 647, '2020-07-10', '40'),
(621, 648, '2020-07-10', '40'),
(622, 649, '2020-07-10', '40'),
(623, 650, '2020-07-10', '40'),
(624, 651, '2020-07-10', '40'),
(625, 652, '2020-07-10', '40'),
(626, 653, '2020-07-10', '40'),
(627, 654, '2020-07-10', '40'),
(628, 655, '2020-07-10', '40'),
(629, 656, '2020-07-10', '40'),
(630, 657, '2020-07-10', '40'),
(631, 658, '2020-07-10', '40'),
(632, 659, '2020-07-10', '40'),
(633, 660, '2020-07-10', '40'),
(634, 661, '2020-07-10', '40'),
(635, 662, '2020-07-10', '40'),
(636, 684, '2020-07-10', '40'),
(637, 685, '2020-07-10', '40'),
(638, 686, '2020-07-10', '40'),
(639, 687, '2020-07-10', '40'),
(640, 688, '2020-07-10', '40'),
(641, 689, '2020-07-10', '40'),
(642, 690, '2020-07-10', '40'),
(643, 691, '2020-07-10', '40'),
(644, 692, '2020-07-10', '40'),
(645, 693, '2020-07-10', '40'),
(646, 694, '2020-07-10', '40'),
(647, 695, '2020-07-10', '40'),
(648, 696, '2020-07-10', '40'),
(649, 697, '2020-07-10', '40'),
(650, 710, '2020-07-10', '80'),
(651, 711, '2020-07-10', '80'),
(652, 712, '2020-07-10', '80'),
(653, 713, '2020-07-10', '80'),
(654, 714, '2020-07-10', '80'),
(655, 715, '2020-07-10', '80'),
(656, 716, '2020-07-10', '80'),
(657, 717, '2020-07-10', '80'),
(658, 718, '2020-07-10', '80'),
(659, 719, '2020-07-10', '80'),
(660, 720, '2020-07-10', '80'),
(661, 721, '2020-07-10', '80'),
(662, 722, '2020-07-10', '80'),
(663, 723, '2020-07-10', '80'),
(664, 724, '2020-07-10', '80'),
(665, 725, '2020-07-10', '80'),
(666, 726, '2020-07-10', '80'),
(667, 727, '2020-07-10', '80'),
(668, 728, '2020-07-10', '80'),
(669, 729, '2020-07-10', '80'),
(670, 730, '2020-07-10', '80'),
(671, 731, '2020-07-10', '80'),
(672, 732, '2020-07-10', '80'),
(673, 733, '2020-07-10', '80'),
(674, 734, '2020-07-10', '80'),
(675, 735, '2020-07-10', '80'),
(676, 736, '2020-07-10', '80'),
(677, 737, '2020-07-10', '80'),
(678, 738, '2020-07-10', '80'),
(679, 739, '2020-07-10', '80'),
(680, 740, '2020-07-10', '80'),
(681, 741, '2020-07-10', '80'),
(682, 742, '2020-07-10', '80'),
(683, 743, '2020-07-10', '80'),
(684, 744, '2020-07-10', '80'),
(685, 745, '2020-07-10', '80'),
(686, 746, '2020-07-10', '80'),
(687, 747, '2020-07-10', '80'),
(688, 748, '2020-07-10', '80'),
(689, 749, '2020-07-10', '80'),
(690, 750, '2020-07-10', '80'),
(691, 751, '2020-07-10', '80'),
(692, 752, '2020-07-10', '80'),
(693, 753, '2020-07-10', '80'),
(694, 754, '2020-07-10', '80'),
(695, 755, '2020-07-10', '80'),
(696, 756, '2020-07-10', '80'),
(697, 757, '2020-07-10', '80'),
(698, 758, '2020-07-10', '80'),
(699, 759, '2020-07-10', '80'),
(700, 760, '2020-07-10', '80'),
(701, 761, '2020-07-10', '80'),
(702, 762, '2020-07-10', '80'),
(703, 763, '2020-07-10', '80'),
(704, 764, '2020-07-10', '80'),
(705, 765, '2020-07-10', '80'),
(706, 766, '2020-07-10', '80'),
(707, 767, '2020-07-10', '80'),
(708, 768, '2020-07-10', '80'),
(709, 769, '2020-07-10', '80'),
(710, 770, '2020-07-10', '80'),
(711, 771, '2020-07-10', '80'),
(712, 772, '2020-07-10', '80'),
(713, 773, '2020-07-10', '80'),
(714, 779, '2020-07-10', '120'),
(715, 780, '2020-07-10', '120'),
(716, 781, '2020-07-10', '120'),
(717, 782, '2020-07-10', '120'),
(718, 783, '2020-07-10', '120'),
(719, 784, '2020-07-10', '120'),
(720, 785, '2020-07-10', '120'),
(721, 786, '2020-07-10', '120'),
(722, 787, '2020-07-10', '120'),
(723, 788, '2020-07-10', '120'),
(724, 789, '2020-07-10', '120'),
(725, 790, '2020-07-10', '120'),
(726, 791, '2020-07-10', '120'),
(727, 792, '2020-07-10', '120'),
(728, 793, '2020-07-10', '120'),
(729, 794, '2020-07-10', '120'),
(730, 795, '2020-07-10', '120'),
(731, 796, '2020-07-10', '120'),
(732, 797, '2020-07-10', '40'),
(733, 798, '2020-07-10', '40'),
(734, 799, '2020-07-10', '40'),
(735, 800, '2020-07-10', '40'),
(736, 801, '2020-07-10', '40'),
(737, 802, '2020-07-10', '40'),
(738, 803, '2020-07-10', '40'),
(739, 804, '2020-07-10', '40'),
(740, 805, '2020-07-10', '40'),
(741, 806, '2020-07-10', '40'),
(742, 807, '2020-07-10', '40'),
(743, 808, '2020-07-10', '40'),
(744, 809, '2020-07-10', '40'),
(745, 810, '2020-07-10', '40'),
(746, 811, '2020-07-10', '40'),
(747, 812, '2020-07-10', '40'),
(748, 813, '2020-07-10', '40'),
(749, 814, '2020-07-10', '40'),
(750, 819, '2020-07-10', '40'),
(751, 820, '2020-07-10', '40'),
(752, 821, '2020-07-10', '40'),
(753, 822, '2020-07-10', '40'),
(754, 823, '2020-07-10', '40'),
(755, 824, '2020-07-10', '40'),
(756, 825, '2020-07-10', '40'),
(757, 826, '2020-07-10', '40'),
(758, 827, '2020-07-10', '40'),
(759, 828, '2020-07-10', '40'),
(760, 829, '2020-07-10', '40'),
(761, 830, '2020-07-10', '40'),
(762, 831, '2020-07-10', '40'),
(763, 832, '2020-07-10', '40'),
(764, 833, '2020-07-10', '40'),
(765, 834, '2020-07-10', '40'),
(766, 835, '2020-07-10', '40'),
(767, 836, '2020-07-10', '40'),
(768, 837, '2020-07-10', '40'),
(769, 838, '2020-07-10', '40'),
(770, 839, '2020-07-10', '40'),
(771, 840, '2020-07-10', '40'),
(772, 841, '2020-07-10', '40'),
(773, 842, '2020-07-10', '40'),
(774, 843, '2020-07-10', '40'),
(775, 844, '2020-07-10', '40'),
(776, 845, '2020-07-10', '40'),
(777, 862, '2020-07-10', '80'),
(778, 863, '2020-07-10', '80'),
(779, 864, '2020-07-10', '80'),
(780, 865, '2020-07-10', '80'),
(781, 866, '2020-07-10', '80'),
(782, 867, '2020-07-10', '80'),
(783, 868, '2020-07-10', '80'),
(784, 869, '2020-07-10', '80'),
(785, 870, '2020-07-10', '80'),
(786, 871, '2020-07-10', '80'),
(787, 872, '2020-07-10', '80'),
(788, 873, '2020-07-10', '80'),
(789, 874, '2020-07-10', '80'),
(790, 875, '2020-07-10', '80'),
(791, 876, '2020-07-10', '80'),
(792, 877, '2020-07-10', '80'),
(793, 878, '2020-07-10', '80'),
(794, 879, '2020-07-10', '80'),
(795, 880, '2020-07-10', '80'),
(796, 884, '2020-07-10', '80'),
(797, 885, '2020-07-10', '80'),
(798, 886, '2020-07-10', '80'),
(799, 887, '2020-07-10', '80'),
(800, 888, '2020-07-10', '80'),
(801, 889, '2020-07-10', '80'),
(802, 890, '2020-07-10', '80'),
(803, 891, '2020-07-10', '80'),
(804, 892, '2020-07-10', '80'),
(805, 893, '2020-07-10', '80'),
(806, 894, '2020-07-10', '80'),
(807, 895, '2020-07-10', '80'),
(808, 896, '2020-07-10', '60'),
(809, 897, '2020-07-10', '60'),
(810, 898, '2020-07-10', '60'),
(811, 899, '2020-07-10', '60'),
(812, 902, '2020-07-10', '80'),
(813, 903, '2020-07-10', '80'),
(814, 904, '2020-07-10', '80'),
(815, 905, '2020-07-10', '80'),
(816, 906, '2020-07-10', '80'),
(817, 907, '2020-07-10', '80'),
(818, 908, '2020-07-10', '80'),
(819, 909, '2020-07-10', '80'),
(820, 910, '2020-07-10', '80'),
(821, 911, '2020-07-10', '80'),
(822, 912, '2020-07-10', '80'),
(823, 913, '2020-07-10', '80'),
(824, 914, '2020-07-10', '80'),
(825, 915, '2020-07-10', '80'),
(826, 916, '2020-07-10', '80'),
(827, 917, '2020-07-10', '80'),
(828, 918, '2020-07-10', '80'),
(829, 919, '2020-07-10', '80'),
(830, 920, '2020-07-10', '80'),
(831, 921, '2020-07-10', '80'),
(832, 922, '2020-07-10', '80'),
(833, 923, '2020-07-10', '80'),
(834, 931, '2020-07-10', '80'),
(835, 932, '2020-07-10', '80'),
(836, 933, '2020-07-10', '80'),
(837, 934, '2020-07-10', '80'),
(838, 935, '2020-07-10', '80'),
(839, 936, '2020-07-10', '80'),
(840, 937, '2020-07-10', '80'),
(841, 938, '2020-07-10', '80'),
(842, 939, '2020-07-10', '80'),
(843, 940, '2020-07-10', '80'),
(844, 941, '2020-07-10', '80'),
(845, 942, '2020-07-10', '80'),
(846, 943, '2020-07-10', '80'),
(847, 944, '2020-07-10', '80'),
(848, 945, '2020-07-10', '80'),
(849, 947, '2020-07-10', '80'),
(850, 948, '2020-07-10', '80'),
(851, 949, '2020-07-10', '80'),
(852, 950, '2020-07-10', '80'),
(853, 951, '2020-07-10', '80'),
(854, 952, '2020-07-10', '80'),
(855, 953, '2020-07-10', '80'),
(856, 954, '2020-07-10', '50'),
(857, 955, '2020-07-10', '50'),
(858, 956, '2020-07-10', '50'),
(859, 957, '2020-07-10', '50'),
(860, 958, '2020-07-10', '50'),
(861, 959, '2020-07-10', '50'),
(862, 960, '2020-07-10', '50'),
(863, 961, '2020-07-10', '50'),
(864, 962, '2020-07-10', '50'),
(865, 966, '2020-07-10', '40'),
(866, 967, '2020-07-10', '40'),
(867, 968, '2020-07-10', '40'),
(868, 969, '2020-07-10', '40'),
(869, 970, '2020-07-10', '40'),
(870, 971, '2020-07-10', '40'),
(871, 972, '2020-07-10', '40'),
(872, 973, '2020-07-10', '40'),
(873, 974, '2020-07-10', '40'),
(874, 975, '2020-07-10', '40'),
(875, 976, '2020-07-10', '40'),
(876, 977, '2020-07-10', '40'),
(877, 978, '2020-07-10', '40'),
(878, 979, '2020-07-10', '40'),
(879, 980, '2020-07-10', '40'),
(880, 981, '2020-07-10', '40'),
(881, 982, '2020-07-10', '40'),
(882, 983, '2020-07-10', '40'),
(883, 984, '2020-07-10', '40'),
(884, 985, '2020-07-10', '40'),
(885, 986, '2020-07-10', '40'),
(886, 987, '2020-07-10', '40'),
(887, 988, '2020-07-10', '40'),
(888, 989, '2020-07-10', '40'),
(889, 990, '2020-07-10', '40'),
(890, 991, '2020-07-10', '40'),
(891, 992, '2020-07-10', '40'),
(892, 993, '2020-07-10', '40'),
(893, 994, '2020-07-10', '80'),
(894, 995, '2020-07-10', '80'),
(895, 996, '2020-07-10', '80'),
(896, 997, '2020-07-10', '80'),
(897, 998, '2020-07-10', '80'),
(898, 999, '2020-07-10', '80'),
(899, 1000, '2020-07-10', '80'),
(900, 1001, '2020-07-10', '80'),
(901, 1002, '2020-07-10', '80'),
(902, 1003, '2020-07-10', '80'),
(903, 1004, '2020-07-10', '80'),
(904, 1005, '2020-07-10', '80'),
(905, 1006, '2020-07-10', '80'),
(906, 1007, '2020-07-10', '80'),
(907, 1008, '2020-07-10', '80'),
(908, 1009, '2020-07-10', '80'),
(909, 1010, '2020-07-10', '80'),
(910, 1011, '2020-07-10', '80'),
(911, 1012, '2020-07-10', '80'),
(912, 1013, '2020-07-10', '80'),
(913, 1014, '2020-07-10', '80'),
(914, 1015, '2020-07-10', '80'),
(915, 1016, '2020-07-10', '80'),
(916, 1017, '2020-07-10', '80'),
(917, 1018, '2020-07-10', '80'),
(918, 1019, '2020-07-10', '80'),
(919, 1020, '2020-07-10', '80'),
(920, 1021, '2020-07-10', '80'),
(921, 1022, '2020-07-10', '80'),
(922, 1023, '2020-07-10', '80'),
(923, 1024, '2020-07-10', '80'),
(924, 1025, '2020-07-10', '80'),
(925, 1026, '2020-07-10', '80'),
(926, 1027, '2020-07-10', '80'),
(927, 1028, '2020-07-10', '80'),
(928, 1029, '2020-07-10', '80'),
(929, 1030, '2020-07-10', '80'),
(930, 1031, '2020-07-10', '80'),
(931, 1032, '2020-07-10', '80'),
(932, 1033, '2020-07-10', '80'),
(933, 1034, '2020-07-10', '80'),
(934, 634, '2020-07-12', '120'),
(935, 697, '2020-07-12', '40'),
(937, 1040, '2020-08-28', '40'),
(938, 40, '2020-09-01', '0.001'),
(939, 1041, '2020-09-01', '0.001'),
(940, 78, '2020-09-01', '110'),
(941, 74, '2020-09-01', '110'),
(942, 79, '2020-09-01', '140'),
(943, 91, '2020-09-01', '140'),
(944, 80, '2020-09-01', '160'),
(945, 88, '2020-09-01', '160'),
(946, 77, '2020-09-01', '340'),
(947, 93, '2020-09-01', '340'),
(948, 76, '2020-09-01', '140'),
(949, 83, '2020-09-01', '110'),
(950, 84, '2020-09-01', '110'),
(951, 85, '2020-09-01', '290'),
(952, 86, '2020-09-01', '90'),
(953, 87, '2020-09-01', '100'),
(954, 89, '2020-09-01', '250'),
(955, 90, '2020-09-01', '80'),
(956, 92, '2020-09-01', '140'),
(957, 75, '2020-09-01', '110'),
(958, 82, '2020-09-01', '90'),
(959, 81, '2020-09-01', '290'),
(960, 94, '2020-09-01', '80'),
(961, 95, '2020-09-01', '100'),
(962, 96, '2020-09-01', '110'),
(963, 97, '2020-09-01', '250');

-- --------------------------------------------------------

--
-- Table structure for table `jobs_msgs`
--

CREATE TABLE `jobs_msgs` (
  `msg_id` int(11) NOT NULL,
  `recv_id` int(11) NOT NULL,
  `send_id` int(11) NOT NULL,
  `content` text NOT NULL,
  `date` datetime NOT NULL
) ENGINE=InnoDB DEFAULT CHARSET=latin1;

--
-- Dumping data for table `jobs_msgs`
--

INSERT INTO `jobs_msgs` (`msg_id`, `recv_id`, `send_id`, `content`, `date`) VALUES
(153, 16, 15, 'Hello', '2021-03-25 23:58:21'),
(154, 16, 15, '45646', '2021-03-26 00:07:51'),
(155, 16, 15, '5445465456456', '2021-03-26 00:13:14'),
(156, 16, 15, '54646', '2021-03-26 00:20:35'),
(157, 15, 16, 'Hlo', '2021-03-26 00:32:54'),
(158, 16, 15, '465456', '2021-03-26 00:33:58'),
(159, 16, 15, 'Ffff', '2021-03-26 00:36:04'),
(160, 15, 16, 'Ddd', '2021-03-26 00:43:14'),
(161, 16, 15, '7897897', '2021-03-26 00:46:12'),
(162, 16, 15, '7897897', '2021-03-26 00:46:53'),
(163, 16, 15, 'Yyyy', '2021-03-26 00:46:59'),
(164, 16, 15, 'Tttt', '2021-03-26 00:47:03'),
(165, 16, 15, 'Rrrr', '2021-03-26 00:47:09'),
(166, 16, 15, 'Yyyy', '2021-03-26 00:48:07'),
(167, 16, 15, 'Tttt', '2021-03-26 00:48:13'),
(168, 15, 16, 'Hello', '2021-03-26 00:48:40'),
(169, 15, 16, 'Hi', '2021-03-26 00:48:47'),
(170, 16, 15, '8888', '2021-03-26 00:48:53'),
(171, 15, 16, 'Hello', '2021-03-26 00:53:39'),
(172, 16, 15, 'Rrr', '2021-03-26 01:02:24'),
(173, 15, 15, '456465', '2021-03-26 01:07:35'),
(174, 15, 16, 'Hi', '2021-03-26 01:25:37'),
(175, 16, 15, 'Hodj', '2021-03-26 01:25:43'),
(176, 15, 16, '', '2021-04-07 01:09:12'),
(177, 16, 15, 'Hi', '2021-04-07 01:09:17'),
(178, 15, 16, 'Hello', '2021-04-07 01:09:26'),
(179, 16, 15, 'How\'s ', '2021-04-07 01:09:35'),
(180, 15, 16, 'Hello', '2021-04-07 01:13:10'),
(181, 16, 15, 'Hi', '2021-04-07 01:13:15'),
(182, 15, 16, 'Order no', '2021-04-07 01:13:29'),
(183, 16, 15, 'Hi', '2021-04-26 06:02:22'),
(184, 40, 40, 'Hi', '2021-04-29 02:03:14'),
(185, 62, 61, 'Hi', '2021-05-18 01:19:49'),
(186, 61, 62, 'Hello', '2021-05-18 01:20:05'),
(187, 62, 61, 'Yy', '2021-05-18 01:20:14'),
(188, 62, 61, 'Ggggg', '2021-05-18 01:31:18'),
(189, 62, 61, 'Ssssss', '2021-05-18 01:31:23'),
(190, 62, 61, 'Jjjjjj', '2021-05-18 01:31:27'),
(191, 62, 61, 'Bbbbbf', '2021-05-18 01:31:45'),
(192, 62, 61, 'Dfjlfdjkadlf', '2021-05-18 01:53:07'),
(193, 62, 61, 'Tttttt', '2021-05-18 01:53:11'),
(194, 62, 61, 'Iiiiii', '2021-05-18 01:53:14'),
(195, 62, 61, 'Gggggg', '2021-05-18 01:53:16'),
(196, 62, 61, 'Gggggg', '2021-05-18 01:53:19'),
(197, 62, 61, 'Nnnnnn', '2021-05-18 01:53:23'),
(198, 62, 61, 'Tttttt', '2021-05-18 01:53:26'),
(199, 62, 61, 'Ddddd', '2021-05-18 01:53:29');

-- --------------------------------------------------------

--
-- Table structure for table `location`
--

CREATE TABLE `location` (
  `location_id` int(11) NOT NULL,
  `name` text NOT NULL,
  `lat` text NOT NULL,
  `longi` text NOT NULL,
  `address` text NOT NULL,
  `date` date NOT NULL,
  `u_id` int(11) NOT NULL
) ENGINE=InnoDB DEFAULT CHARSET=latin1;

--
-- Dumping data for table `location`
--

INSERT INTO `location` (`location_id`, `name`, `lat`, `longi`, `address`, `date`, `u_id`) VALUES
(2, 'TALIB HOME ', '25.024916137854888', '55.24564381688833', 'Brookfield, Akoya - DAMAC Hills - Dubai - United Arab Emirates', '2020-06-01', 103),
(3, 'AL WARQA 2', '25.196118817962805', '55.40972141548991', 'Unnamed Road - Al WarqaAl Warqa 2 - Dubai - United Arab Emirates', '2020-06-02', 106),
(4, 'SHABANA HOME', '25.02660919227754', '55.24733528494835', 'Damac Hills, Brookfield - DAMAC Hills - Dubai - United Arab Emirates', '2020-06-02', 109),
(5, 'JUMEIRAH VILLAGE CIRCLE SOMERSET MEWS VILLA 10', '25.0635288', '55.207573', 'JVC - Jumeirah Village - Dubai - United Arab Emirates', '2020-06-03', 110),
(6, 'HOME', '25.01971346975791', '55.27213951572776', 'Villa 605, Arabella 1 - ?????? - ??? - United Arab Emirates', '2020-06-03', 113),
(7, 'HOME', '25.1688949', '55.2491414', '19 29a St - Al QuozAl Quoz 1 - Dubai - United Arab Emirates', '2020-06-04', 120),
(8, 'AL KHAIL ', '25.14918489999999', '55.2462495', 'Al Khail Mall - Al QuozAl Quoz 4 - Dubai - United Arab Emirates', '2020-06-05', 135),
(9, 'MM TOWER', '25.110669872666143', '55.38416834548116', 'Unnamed Road - Dubai Silicon Oasis - Dubai - United Arab Emirates', '2020-06-05', 122),
(10, 'HOME', '25.1279484', '55.3862638', 'Dubai Silicon Oasis - Dubai - United Arab Emirates', '2020-06-06', 138),
(11, 'HOME', '25.2338269', '55.4175706', '51 91 B St - Mirdif - Dubai - United Arab Emirates', '2020-06-06', 105),
(12, 'MIRA3', '25.00789067634559', '55.310610104352236', 'Unnamed Road Dubai - ??? - United Arab Emirates', '2020-06-06', 143),
(14, 'ALWARQA ', '25.1889811', '55.4442034', 'Unnamed Road - Al WarqaAl Warqa 4 - Dubai - United Arab Emirates', '2020-06-06', 144),
(15, '90', '25.2044641', '55.41117130000001', 'Al WarqaAl Warqa 2 - Dubai - United Arab Emirates', '2020-06-06', 144),
(18, 'MUHAISNAH 4', '25.28098489852801', '55.41213506832719', 'Wasl Building R439 - MuhaisnahMuhaisnah 4 - Dubai - United Arab Emirates', '2020-06-08', 162),
(20, 'HOME', '25.116063469573668', '55.38933243602514', 'PowerZone Electrical Equipment Near SIT Tower - ???? ??? ????????? - ??? - United Arab Emirates', '2020-06-09', 164),
(21, 'AL MURAR', '25.277144247533464', '55.31464335608348', '239 Omar Bin Al Khattab St - Al Murar - Dubai - United Arab Emirates', '2020-06-09', 166),
(26, '37TH STREET BARSHA 2', '25.09520496498989', '55.21446632221341', '9 37th St - Al BarshaAl Barsha 2 - Dubai - United Arab Emirates', '2020-06-12', 181),
(27, 'LIVING LEGENDS ', '25.088192838947545', '55.30304800704814', 'Unnamed Road - Legends - Dubai - United Arab Emirates', '2020-06-12', 188),
(28, 'HOSPITAL', '25.235190784717382', '55.313350354042896', 'American Hospital,Oud metha - ?? ??? - ??? - United Arab Emirates', '2020-06-13', 195),
(29, 'DSO', '25.124345727289416', '55.37777002128652', 'Silicon Oasis Tennis and Basketball Courts - Dubai Silicon OasisIndustrial Area - Dubai - United Arab Emirates', '2020-06-13', 196),
(30, 'HOME - DUBAI', '25.09982123379752', '55.37786716595292', 'The Blue - Dubai land residence complex - ??? - United Arab Emirates', '2020-06-13', 201),
(32, 'JLT', '25.07179892584882', '55.14413930475712', 'Dubai Arch Tower - Jumeirah Lakes Towers - Dubai - United Arab Emirates', '2020-06-13', 204),
(34, 'HOME', '25.3457294', '55.4118204', 'Unnamed Road - Halwan SuburbAl Ghubaiba - Sharjah - United Arab Emirates', '2020-06-15', 210),
(35, 'HOME', '25.11907551492975', '55.39341442286968', 'Unnamed Road - Dubai Silicon Oasis - Dubai - United Arab Emirates', '2020-06-15', 211),
(37, 'TECOM BARSHA HEIGHTS', '25.21681371250247', '55.337880458682775', 'Office No. 32, DY-14 - Bur Dubai - Dubai - United Arab Emirates', '2020-06-17', 218),
(38, 'AL FURJAN ', '25.21681371250247', '55.337880458682775', 'Office No. 32, DY-14 - Bur Dubai - Dubai - United Arab Emirates', '2020-06-17', 218),
(40, 'MIRAGE RESIDENCE SILICON OASIS', '25.12666766808643', '55.40296325460076', 'Axis 4 Residence - Dubai Silicon Oasis - Dubai - United Arab Emirates', '2020-06-17', 219),
(41, 'LIWA DATES', '24.472842067651513', '54.37723455950618', '2 Al Ahjar St - Al Nahyan - Abu Dhabi - United Arab Emirates', '2020-06-18', 220),
(43, 'HOME', '25.30421345044837', '55.382645186036825', '38 Bukhara Street - Al Nahda - Sharjah - United Arab Emirates', '2020-06-18', 107),
(44, 'AL JADDAF ', '25.228741084870485', '55.335431937128305', 'E11 - Bur Dubai - Dubai - United Arab Emirates', '2020-06-19', 229),
(45, 'IRIS AMBER TOWER ', '25.228807807305344', '55.33549128100276', 'E11 - Bur Dubai - Dubai - United Arab Emirates', '2020-06-19', 229),
(46, 'AL JADAF ', '25.2247865', '55.33382210000001', 'Dubai-Sharjah Rd - ?? ???Jaddaf Waterfront - ??? - United Arab Emirates', '2020-07-08', 174),
(47, 'BARSHA HOUSE', '25.07563690413025', '55.22358700633049', 'Unnamed Road - Al BarshaAl Barsha South - Dubai - United Arab Emirates', '2020-06-20', 231),
(48, 'DUBAI SILICON OASIS', '25.10900267653978', '55.37648934870958', 'Dunes St - Dubai Silicon Oasis - Dubai - United Arab Emirates', '2020-06-20', 233),
(49, 'AL QUOZ', '25.1517007', '55.2662102', 'Unnamed Road - ?????????? 2 - ??? - United Arab Emirates', '2020-06-21', 234),
(50, 'VILLA 16 CENTRO COURTYARD CC4 THE VILLA', '25.089811443742494', '55.36654739860919', 'RS020), 16 Courtyard CC4, Centro - Dubai - The Villa - ??? - United Arab Emirates', '2020-06-21', 235),
(51, 'OFFICE', '25.1809878', '55.2631169', '1610 Marasi Dr - Business Bay - Dubai - United Arab Emirates', '2020-06-21', 236),
(52, 'HOME', '24.95137001596104', '55.23100918158889', 'E611 - Dubai - United Arab Emirates', '2020-06-21', 236),
(53, 'AL BARSHA 3', '25.0878096', '55.202576', '68 31c St - Al BarshaAl Barsha 3 - Dubai - United Arab Emirates', '2020-06-21', 237),
(54, 'OFFICE', '25.257345662993952', '55.33097216582542', 'Office no 12 5th floor Green House - ????? ???? - ??? - United Arab Emirates', '2020-06-21', 233),
(55, 'HOME', '25.046850492499306', '55.24451594799757', 'Widcombe St - Motor CityUp Town Motor City - Dubai - United Arab Emirates', '2020-06-21', 239),
(56, 'BABY PARK CENTRE AL NABBAHA', '25.3679998386467', '55.39556169882416', '768 Al Sharq St - Al SharqAl Mujarrah - Sharjah - United Arab Emirates', '2020-06-22', 136),
(57, 'L.I.U.4 BUILDING A5', '25.13140675219422', '55.38695700983389', 'Unnamed Road - Dubai Silicon OasisIndustrial Area - Dubai - Emirati Arabi Uniti', '2020-06-22', 241),
(58, 'HOME', '25.013762470275886', '55.30056741088629', 'Unnamed Road - Dubai - United Arab Emirates', '2020-06-22', 242),
(59, 'DGW', '25.09336669999999', '55.4055744', 'Dubai - United Arab Emirates', '2020-06-22', 243),
(61, 'HOME', '25.0608825', '55.2365434', 'Arjan-DubailandAl Barsha South - Dubai - United Arab Emirates', '2020-06-22', 244),
(62, 'HOME ', '25.231624929045246', '55.26199523359537', '24 4 A St - JumeirahJumeirah 1 - Dubai - United Arab Emirates', '2020-06-23', 246),
(63, 'HOME', '25.19048013074297', '55.39545809850097', 'Sheikh Mohammed Bin Zayed Rd - Al Warqa - Dubai - United Arab Emirates', '2020-06-23', 247),
(64, 'HOME', '25.062451787764584', '55.157712288200855', '21 6 St - Springs 1 - Dubai - United Arab Emirates', '2020-06-23', 248),
(65, 'HOME - PARK RESIDENCE', '25.2545583189645', '55.30164197087288', '1 26 A St - Bur Dubai - Dubai - United Arab Emirates', '2020-06-23', 249),
(66, 'AZURE RESIDENCE ', '25.120213', '55.3737772', 'Benaa - Dubai Silicon OasisIndustrial Area - Dubai - United Arab Emirates', '2020-06-23', 146),
(67, 'TEST', '25.1633188', '55.3875296', 'Sheikh Mohammed Bin Zayed Road, Exit 52 Fruit and Vegetable Market - Ras Al Khor Industrial AreaRas Al Khor Industrial Area 3 - Dubai - United Arab Emirates', '2020-06-23', 252),
(68, 'HOME', '25.071855008692026', '55.20844845101237', 'JVC - ???? ????? - ??? - United Arab Emirates', '2020-06-24', 253),
(69, 'ELITE 9 BUILDING SPORTS CITY', '25.0344299', '55.2227273', 'Dubai - Dubai Sports City - Dubai - United Arab Emirates', '2020-06-24', 255),
(70, 'FD', '25.1105671', '55.2192751', '59 1st St - Al BarshaAl Barsha 2 - Dubai - United Arab Emirates', '2020-06-24', 257),
(71, 'DUBAI LAND RESIDENCE', '25.091423996507597', '55.385060012340546', 'Dubai Sky Courts - Dubai - United Arab Emirates', '2020-06-25', 258),
(72, 'KOORA DOME', '25.21751545242106', '55.31657684594393', 'Unnamed Road - Bur Dubai - Dubai - United Arab Emirates', '2020-06-25', 259),
(73, 'BABA RESTURANT', '25.163344893104835', '55.40136205522721', 'Naif Rd, Nr Khalid Mosque, Abdulla Sherif Bldg - International CitySpain Cluster - ??? - United Arab Emirates', '2020-06-25', 260),
(74, 'WELLCOAT PAINTS ', '24.99629226386681', '55.101036205887794', 'Wellcoat Paints - Sheikh Khalifa Bin Zayed Al Nahyan International Rd - Jebel Ali Industrial AreaJebel Ali Industrial - Dubai - United Arab Emirates', '2020-06-25', 261),
(75, 'HOME', '25.06338249956603', '55.18905306234956', '66 Street 4 - Springs 7 - Dubai - United Arab Emirates', '2020-06-25', 262),
(76, 'HOME', '25.048268072100264', '55.20488731563091', 'JVC - ???? ????? - ??? - United Arab Emirates', '2020-06-26', 264),
(77, 'T20 BUILDING', '25.31036482563545', '55.37273492664099', 'Al Taween Road Opposite of sharjah expo centre Al Qemah Tower 1 , M floor , office number 1 - Al Taawun - Sharjah - United Arab Emirates', '2020-06-26', 267),
(78, 'VILLA 49, CA10', '25.085133390439914', '55.356400944292545', 'Unnamed Rd - The Villa - ??? - United Arab Emirates', '2020-06-26', 268),
(79, 'DEWA BUILDING', '25.2770597', '55.4095078', 'Lebenese Private School 11 - MuhaisnahMuhaisnah 4 - Dubai - United Arab Emirates', '2020-06-27', 271),
(80, 'HOME', '25.01030697078614', '55.28669938445091', 'Unnamed Road - Dubai - United Arab Emirates', '2020-06-27', 272),
(81, 'GALAH  RESIDENCE ', '25.09015053733886', '55.383331663906574', 'Desert Sun Tower - Wadi Al Safa 5  Residential - Dubai - United Arab Emirates', '2020-06-27', 273),
(82, 'HOME', '25.38484964436203', '55.4575252532959', '14 119 St - Al Nuaimia 1 - Ajman - United Arab Emirates', '2020-06-28', 275),
(83, 'WARSAN TOWER', '25.101674803695403', '55.17903735861182', 'D61 - Dubai - United Arab Emirates', '2020-06-28', 276),
(84, 'MAZAYA 6', '25.114619958849424', '55.36319699138403', 'Queue Point - Dubai - Al Ain Rd - Liwan - Dubai - United Arab Emirates', '2020-06-28', 277),
(85, 'MIRA 5 , VILLA 196 , MIRA COMMUNITY ', '25.009590221505242', '55.306034088134766', 'Mira 5 Community - Dubai - United Arab Emirates', '2020-06-28', 278),
(86, 'D06 CHINA CLUSTER', '25.166905163762713', '55.41607674211264', 'D-03, China Cluster, International City, Shop No. 14 - International CityChina Cluster - ??? - United Arab Emirates', '2020-06-28', 279),
(87, 'HOME', '25.058601611571795', '55.28966926038265', 'Street 4 - Arabian RanchesAl Reem 2 - Dubai - United Arab Emirates', '2020-06-28', 281),
(88, 'HOME', '25.276298934935355', '55.31302124261856', 'Opp Al Futhaim Mosque - Naif St - ????? - ??? - United Arab Emirates', '2020-06-28', 282),
(89, 'AL KHAIL GATE ', '25.14176679814858', '55.251235384494066', '1-13 - Al QuozAl Quoz Industrial Area 2 - Dubai - United Arab Emirates', '2020-06-28', 283),
(90, 'AL WAHDA', '25.172544470016824', '55.24900053870841', '12 19a St - Al QuozAl Quoz 1 - Dubai - United Arab Emirates', '2020-06-28', 284),
(91, 'HOME ', '25.3751151', '55.4044507', '80 S128 - Al Heerah SuburbSharqan - Sharjah - United Arab Emirates', '2020-06-28', 285),
(92, 'HOME', '25.252836384912452', '55.29245520353663', '107 Al Mankhool Rd - Bur Dubai - Dubai - United Arab Emirates', '2020-06-29', 265),
(93, 'HOME', '25.317611522765596', '55.37875413894653', 'Unnamed Road - Al Taawun - Sharjah - United Arab Emirates', '2020-06-29', 287),
(94, 'OFFICE', '25.10713702470555', '55.19846236797972', 'Al Barsha, Roots Saloon 2 - Al BarshaAl Barsha 1 - Dubai - United Arab Emirates', '2020-06-29', 288),
(95, 'AL QUSAIS 2', '25.271162700515802', '55.38170322775841', '15 7a St - Al Qusais 1Al Qusais 2 - Dubai - United Arab Emirates', '2020-06-29', 289),
(97, 'ALFARGAN', '25.03561390488357', '55.13653138652444', 'Unnamed Road - ???? ??? ??? - ??? - United Arab Emirates', '2020-06-29', 290),
(98, 'DSO', '25.115614376982382', '55.38872799059181', 'Silicon Oasis Palace Tower 1 - Dubai Silicon Oasis - Dubai - United Arab Emirates', '2020-06-30', 291),
(99, 'ALDEA CA13, VILLA 30', '25.083945489182113', '55.3548975661397', 'Unnamed Road - The Villa - ??? - United Arab Emirates', '2020-06-30', 296),
(100, 'HOME', '25.052805618535526', '55.175211019814014', '10 6th St - Springs 14 - Dubai - United Arab Emirates', '2020-06-30', 297),
(101, 'VILLA 9', '25.268350514297985', '55.44595462064627', 'Unnamed Road - Oud Al MuteenaArea 4 - Dubai - United Arab Emirates', '2020-06-30', 298),
(102, 'TOPAZ RESIDENCE 1', '25.128096922497612', '55.40259126573801', 'Axis 3 Residence - Dubai Silicon Oasis - Dubai - United Arab Emirates', '2020-07-01', 301),
(103, 'HOME', '25.29003483188211', '55.40307419941995', 'Al Qusais Industrial Area 5 Terminus - Al Qusais Industrial AreaAl Qusais Industrial Area 5 - Dubai - United Arab Emirates', '2020-07-01', 303),
(104, 'HOME', '25.3112208395388', '55.45140130085915', 'Unnamed Road - ??????? ?????????????? ????? - ??????? - United Arab Emirates', '2020-07-01', 305),
(105, 'OFFICE', '25.3123464', '55.3644086', 'AL MAMZAR TOWERS - Al Mamzar - Sharjah - United Arab Emirates', '2020-07-02', 308),
(106, 'AL MANAL TOWER', '25.218055215412548', '55.27874244377016', '1 Sheikh Zayed Rd - Trade CentreTrade Centre 1 - Dubai - United Arab Emirates', '2020-07-03', 310),
(107, 'EMIRATES CITY AJMAN', '25.39373865683185', '55.57447727769613', 'C09 Sheikh Mohammed Bin Zayed Rd - Al Amerah - Ajman - United Arab Emirates', '2020-07-04', 311),
(108, 'JAMAL BUILDING, PRODUCTION CITY', '25.0261724', '55.1908282', 'Dubai Production City - Dubai - United Arab Emirates', '2020-07-04', 313),
(109, 'FRANKFURT', '25.0382625', '55.2047499', '508 Golf Course Dr - Dubai - United Arab Emirates', '2020-07-04', 314),
(110, 'HOME', '25.0362104', '55.2016321', 'Unnamed Road - Dubai Production City - Dubai - United Arab Emirates', '2020-07-04', 315),
(111, 'AL SARAYA', '25.18353284964228', '55.408866271649124', 'Abdullah Al Gobash - 414 - Al WarqaAl Warqa 1 - Dubai - United Arab Emirates', '2020-07-04', 316),
(112, 'AL MANAL TOWER', '25.218315465332566', '55.27779864147306', '5 308th Rd - Trade CentreTrade Centre 1 - Dubai - United Arab Emirates', '2020-07-04', 318),
(113, 'LEPRESIDIUM TOWER 1 SILICON OASIS DUBAI', '25.110881170503138', '55.37668230012059', 'Silicon Oasis Avenue Mall 1 - Dubai Silicon Oasis - Dubai - United Arab Emirates', '2020-07-05', 319),
(114, 'ETISALAT ', '25.25887609257567', '55.41157747596826', 'Muhaisnah 2, Etisalat Academy - MuhaisnahMuhaisanah 2 - Dubai - United Arab Emirates', '2020-07-05', 322),
(115, 'STARVILLAGE ', '24.339244883113444', '54.54173628240824', '86 Al Aqsa St - Mohamed Bin Zayed City - Abu Dhabi - United Arab Emirates', '2020-07-05', 325),
(116, 'DSO', '25.11394642748961', '55.38698560554239', 'Unnamed Road - Dubai Silicon Oasis - Dubai - United Arab Emirates', '2020-07-06', 328),
(117, 'HOUSE', '25.196852987066933', '55.4366541467607', '73 St - Al WarqaAl Warqa 4 - Dubai - United Arab Emirates', '2020-07-06', 329),
(118, 'VILLA 124', '25.05902317409641', '55.29654610902071', 'Street 2 - Arabian RanchesAl Reem 1 - Dubai - United Arab Emirates', '2020-07-07', 331),
(119, 'BEHIND EGHQ', '25.241090484450122', '55.36559958010912', 'Emirates - 35th Street - Garhoud - Dubai - United Arab Emirates', '2020-07-07', 287),
(120, 'PARADISE VIEW 1', '25.095516345991662', '55.32173875719309', 'Unnamed Road - Majan - Dubai - United Arab Emirates', '2020-07-07', 332),
(121, 'HOME ', '25.384499710368104', '55.43507808232421', 'Unnamed Road - Al Riqa SuburbAl Sabkha - Sharjah - United Arab Emirates', '2020-07-07', 334),
(122, 'HOME', '25.093927456990567', '55.219939202070236', '74 50th St - Al BarshaAl Barsha 2 - Dubai - United Arab Emirates', '2020-07-07', 335),
(123, 'ELITE 10 SPORTS RESIDENCE ', '25.03586048714118', '55.20561327287411', 'Al Fay Rd - Dubai Production City - Dubai - United Arab Emirates', '2020-07-08', 336),
(124, 'HOME - MIRDIF', '25.220482830357263', '55.41956629604101', '84 25D Street - Mirdif - Dubai - United Arab Emirates', '2020-07-08', 337),
(125, 'SKY COURTS TOWERS ', '25.091706682253527', '55.38569066673517', 'Skycourts Towers - ??? - United Arab Emirates', '2020-07-08', 339),
(126, 'AL JADAF ', '25.21661844087485', '55.33802507170294', 'Bitec - Bur Dubai - Dubai - United Arab Emirates', '2020-07-08', 174),
(127, 'AL JADAF ', '25.2175883', '55.3225793', 'Dubai - Bur Dubai - Dubai - United Arab Emirates', '2020-07-08', 156),
(128, 'WAREHOUSE', '25.170495071878033', '55.39093807975482', '28th St - Ras Al Khor Industrial AreaRas Al Khor Industrial Area 3 - Dubai - United Arab Emirates', '2020-07-08', 340),
(129, 'NEAR IN MOSQUE ', '25.216757', '55.3309395', 'Al Jaddaf - Dubai - United Arab Emirates', '2020-07-08', 157),
(130, 'HOME', '25.276748088516435', '55.37835432216525', '10 30b St - Al QusaisAl Qusais 1 - Dubai - United Arab Emirates', '2020-07-09', 341),
(131, 'SILICON', '25.122738310079825', '55.375134497880936', 'Dubai Silicon Oasis - Dubai Technology Entrepreneur Centre (DTEC) - ???? ??? ?????????????? ?????? - ??? - United Arab Emirates', '2020-07-09', 344),
(132, 'HOME', '25.31160601370041', '55.454688134351805', 'Unnamed Road - ??????? ?????????????? ????? - ??????? - United Arab Emirates', '2020-07-09', 345),
(133, 'ROSE KING ', '25.118107', '55.200608', 'Sheikh Zayed Rd - Al BarshaAl Barsha 1 - Dubai - United Arab Emirates', '2020-07-09', 348),
(134, 'HOME ', '25.110629182672348', '55.190890027601846', 'Shop #3, Al Thowima Residences Near Al Maya Super Market - Al BarshaAl Barsha 1 - Dubai - United Arab Emirates', '2020-07-09', 348),
(135, 'HOME ', '25.11832690912746', '55.20398676395416', 'Ground Floor, Mall of the Emirates. (Inside) the Food Court? Metro station - ??? ???????? - ???? ????? ???? - ?????????????? 1 - ??? - United Arab Emirates', '2020-07-09', 347),
(136, 'VILLA 91', '25.2061119', '55.4174539', '50C Street - Al WarqaAl Warqa 2 - Dubai - United Arab Emirates', '2020-07-10', 351),
(137, 'QUSAIS HOUSE', '25.276306209542046', '55.37910148501396', '55 19 c St - Al QusaisAl Qusais 1 - Dubai - United Arab Emirates', '2020-07-10', 352),
(138, 'JOYA VERDE RESIDENCE ', '25.065816293765344', '55.212254963999285', 'JVC - Jumeirah Village - Dubai - United Arab Emirates', '2020-07-11', 353),
(139, 'H131 THE VILLA ', '25.088760140498948', '55.36092007940183', 'Unnamed Road - The Villa - Dubai - United Arab Emirates', '2020-07-11', 354),
(140, 'OFFICE', '25.216638728252867', '55.33805228588258', 'Bitec - Bur Dubai - Dubai - United Arab Emirates', '2020-07-11', 199),
(141, 'OUTSOURCE ZONE', '25.12635273565271', '55.42369790375233', 'Dubai Outsourcing, Al Shiba Complex - ??????? ?????????? - ??? - United Arab Emirates', '2020-07-12', 356),
(142, 'LAVENUE ', '25.1119667', '55.3678056', 'Liwan - Dubai - United Arab Emirates', '2020-07-12', 358),
(144, 'HOME', '25.295402107303282', '55.3830835595727', 'Al Shawi Tower - Al NahdaAl Nahda 2 - Dubai - United Arab Emirates', '2020-07-13', 362),
(145, 'HOME ', '25.1438687', '55.4041287', 'Unnamed Road - International City Phase(2) - Dubai - United Arab Emirates', '2020-07-13', 363),
(146, 'ROYCE PLASTICS INTERNATIONAL FZE', '24.936205478370024', '55.066608879715204', 'Plot # TP010104,Technology Park - Mina Jebel AliTechnology Park - Dubai - United Arab Emirates', '2020-07-13', 364),
(147, 'HOME 903', '24.999744049186646', '55.16080068424344', 'Unnamed Road - ???? ??????? ???????Green Community West - ??? - United Arab Emirates', '2020-07-13', 365),
(149, 'SAHARI VILLAGE ', '25.175766123926863', '55.378301108795654', 'Unnamed Road - Ras Al Khor Industrial AreaRas Al Khor Industrial Area 3 - Dubai - United Arab Emirates', '2020-07-14', 370),
(150, 'JVT', '25.04356784998184', '55.19370183348656', 'District4JPlot8 - Jumeirah VillageJumeirah Village Triangle - Dubai - United Arab Emirates', '2020-07-15', 373),
(151, 'HAHAH ', '25.301944351472635', '55.368162766098976', 'Mohammed Al Mulla Tower - Al Ittihad St - Al Nahda - Sharjah - United Arab Emirates', '2020-07-15', 374),
(152, 'NAD AL HAMAR', '25.2064364', '55.3812179', '5 16 C St - Nadd Al Hamar - Dubai - United Arab Emirates', '2020-07-15', 376),
(153, 'MIRA', '25.01201190315917', '55.29461605792201', 'D63 - Dubai - United Arab Emirates', '2020-07-15', 377),
(154, 'LINCOLN PARK SHEFFIELD ', '25.062305096781607', '55.24027403444052', 'Unnamed Road - Arjan-DubailandAl Barsha South - Dubai - United Arab Emirates', '2020-07-15', 378),
(156, 'SPORTS CITY ', '25.04305795636982', '55.21544928747934', 'Zenith Tower A1 - Dubai Sports City - Dubai - United Arab Emirates', '2020-07-15', 380),
(157, 'AL KHAN ', '25.332950577992268', '55.36198084630421', 'AL KHAN AL - Al Khan - Sharjah - United Arab Emirates', '2020-07-15', 333),
(158, 'ALMAJAZ 3', '25.32930907106584', '55.37671411649349', 'Unnamed Road - ??????Al Majaz 3 - ????? ???????? - ???????? ??????? ???????', '2020-07-16', 381),
(159, 'HOME ', '24.988887572778395', '55.201097689568996', 'Unnamed Rd - ???? ??? ????????? - ??? - United Arab Emirates', '2020-07-16', 382),
(160, 'HOME', '25.039135216827134', '55.19442183896899', 'Centrium Tower 4 Entrance Rd - Dubai Production City - Dubai - United Arab Emirates', '2020-07-17', 386),
(161, 'STREET H VILLA H-06', '25.028399182174716', '55.28443191200495', 'Road O - Layan - Dubai - United Arab Emirates', '2020-07-17', 384),
(162, 'IMPZ ', '25.036523100782887', '55.20218515768647', 'Unnamed Road - Dubai Production City - Dubai - United Arab Emirates', '2020-07-17', 387),
(163, 'HOME', '25.085380562752952', '55.24408981204033', 'Street 60 - Al BarshaAl Barsha South - Dubai - United Arab Emirates', '2020-07-17', 389),
(164, 'VILLA11 SIKKA 45 JAFILIYAH', '25.2352974', '55.2822762', '17 12 B St - Al Jaffiliya - Dubai - United Arab Emirates', '2020-07-18', 390),
(165, 'HOME PICKUP', '25.171064617478617', '55.23472873494029', '25 35th St - Al SafaAl Safa 1 - Dubai - United Arab Emirates', '2020-07-18', 391),
(166, 'UMM ALDAMAN', '25.063593935319318', '55.42425647377968', 'Unnamed Road - ??? - ???????? ??????? ???????', '2020-07-18', 392),
(167, 'DAMAC HILLS, LONGVIEW ', '25.020983065754752', '55.258186496794224', 'Unnamed Road - DAMAC Hills - Dubai - United Arab Emirates', '2020-07-18', 256),
(168, 'MY HOUSE. VILLA NUMBER 2', '25.0713562', '55.2199074', 'Unnamed Road - Al BarshaAl Barsha South - Dubai - United Arab Emirates', '2020-07-18', 393),
(169, 'HOME', '25.098543017379093', '55.17341176047921', 'Plot C-003-002 - Barsha Heights - Dubai - United Arab Emirates', '2020-07-19', 394),
(170, 'HOME', '25.2375322', '55.300649', '145 Sheikh Rashid Rd - Bur Dubai - Dubai - United Arab Emirates', '2020-07-19', 397),
(171, 'SILCON OASIS,  SEVANHAM CROWN BLDG', '25.121719', '55.3738242', 'SUNTECH Tower - Dubai Silicon OasisIndustrial Area - Dubai - United Arab Emirates', '2020-07-20', 401),
(172, 'ENGLAND CLUSTER X15 INTERNATIONAL CITY DUBAI', '25.1712738', '55.4080777', 'Dubai - International CityEngland Cluster - Dubai - United Arab Emirates', '2020-07-20', 321),
(173, 'TEST ', '33.5687674', '73.1375053', 'Unnamed Road, Block C Police Foundation, Islamabad, Rawalpindi, Punjab, Pakistan', '2020-07-21', 107),
(174, 'SAMARI RETAIL , RAS AL KHOR ', '25.178136726154218', '55.37875466486402', 'Unnamed Road - Ras Al Khor Industrial AreaRas Al Khor Industrial Area 3 - Dubai - United Arab Emirates', '2020-07-21', 409),
(175, 'MOROCCO I-04', '25.161673283142825', '55.41883271187544', 'Morocco I 4 - International CityMorocco Cluster - Dubai - United Arab Emirates', '2020-07-22', 196),
(176, 'HOME', '25.294004818956836', '55.367101449519396', '3rd St - Al NahdaAl Nahda 1 - Dubai - United Arab Emirates', '2020-07-22', 410),
(177, 'CEDRE VILLAS H106', '25.130513251605137', '55.39995669955289', 'Unnamed Road - ???? ??? ?????????Cedre Villas - ??? - Emirados rabes Unidos', '2020-07-22', 411),
(178, 'HOME', '25.3301265', '55.4230129', 'Unnamed Road - Industrial AreaIndustrial Area 6 - Sharjah - United Arab Emirates', '2020-07-22', 412),
(179, 'IMPZ', '25.0341277', '55.2016811', 'Dubai - Dubai Production City - Dubai - United Arab Emirates', '2020-07-23', 415),
(180, 'HOME', '25.396629180640574', '55.483338329941034', 'Amr Ibn El Aas St - Al Jerf 2 - Ajman - United Arab Emirates', '2020-07-26', 432),
(181, 'HOME', '25.050537', '55.2175542', 'JVC - Jumeirah Village - Dubai - United Arab Emirates', '2020-07-26', 434),
(182, 'AL QADASIA BUILDING BLOCK D SHARJAH ', '25.299443505213418', '55.37970783188939', 'Unnamed Road - Al Qusais Industrial AreaAl Qusais Industrial Area 3 - Sharjah - United Arab Emirates', '2020-07-27', 438),
(183, 'ELASH 2', '25.1408551', '55.4056356', 'International City Phase(2) - Dubai - United Arab Emirates', '2020-07-27', 440),
(184, 'HOME', '25.2622877', '55.2992316', '5 76a St - Bur DubaiAl Fahidi - Dubai - United Arab Emirates', '2020-07-27', 441),
(185, 'HOME', '25.016966612908277', '55.29988378286362', 'Mira Oasis 2 - Street 5 - Dubai - United Arab Emirates', '2020-07-27', 442),
(186, 'PARKING OF THE CAR', '25.0307752807573', '55.15737919136882', '222 Street 11 - Jebel Ali VillageDiscovery Gardens - Dubai - United Arab Emirates', '2020-07-29', 445),
(187, 'AL TAWUUN', '25.315721510057337', '55.3680076499279', 'Helipad, Majestic Tower - Al Khan - Sharjah - United Arab Emirates', '2020-07-29', 446),
(188, 'WORK', '25.1791576', '55.2651791', 'Al A\'amal St - Business Bay - Dubai - United Arab Emirates', '2020-07-29', 107),
(189, 'GYGG', '25.356962670440684', '55.391312409192324', '24 Al Rolla Street - Al GharbAl Ghuwair - Sharjah - United Arab Emirates', '2020-07-29', 448),
(190, 'KARAMA', '25.24447623327039', '55.298193488270044', 'ADCB Metro Station - Sheikh Khalifa Bin Zayed St - Bur Dubai - Dubai - United Arab Emirates', '2020-07-29', 449),
(191, 'QUEENS MEADOWS 106', '25.033688417190202', '55.260712559063805', 'Al Hebiah Third Queens Meadow at DAMAC Hills - ????? ???? - ??? - United Arab Emirates', '2020-07-30', 453),
(192, 'VILLA 35, ALDEA COURTYARD 13', '25.083464504123757', '55.35455156117678', 'Unnamed Road - The Villa - ??? - United Arab Emirates', '2020-07-30', 454),
(193, 'BUILDING 25', '25.2888084', '55.37796290000001', 'Al NahdaAl Nahda 2 - Dubai - United Arab Emirates', '2020-07-30', 455),
(194, 'HOME', '25.329309433620395', '55.3746803663671', 'S108 - Al MajazAl Majaz 3 - Sharjah - United Arab Emirates', '2020-07-30', 456),
(195, 'HOME', '25.0455058', '55.1333755', '39 - Jebel Ali VillageDiscovery Gardens - Dubai - United Arab Emirates', '2020-07-30', 457),
(197, 'HOME', '25.0431038', '55.2462063', 'Dickens Circus - Motor CityUp Town Motor City - ??? - United Arab Emirates', '2020-07-31', 460),
(198, 'P20, CAMINO 3', '25.080668098551573', '55.34924045205116', 'P-18, Ponderosa Camino 3 - Emirates Rd - The Villa - Dubai - United Arab Emirates', '2020-08-01', 462),
(199, 'MAMZAR HOME', '25.29281996999999', '55.34428786999998', '40 3C Street - Al Mamzar - Dubai - United Arab Emirates', '2020-08-01', 423),
(200, 'VILLA 96A, 33D MIRDIFF', '25.217251106373098', '55.43455230072141', '96 33 D St - Mirdif - Dubai - United Arab Emirates', '2020-08-01', 466),
(201, 'HOME ', '25.076557335393566', '55.22391054779291', 'Unnamed Road - Al BarshaAl Barsha South - Dubai - United Arab Emirates', '2020-08-02', 468),
(202, 'ALRAMTH 43', '25.0022766', '55.25639710000001', 'Dubai - Remraam - Dubai - United Arab Emirates', '2020-08-02', 469),
(203, 'THE GARDENS', '25.046584864248445', '55.12675205245614', 'Jebel Ali Gardens 4 - Jebel Ali VillageThe Gardens - Dubai - United Arab Emirates', '2020-08-02', 112),
(204, 'HOME SKY COURTS', '25.092719456324183', '55.38504475727677', 'Unnamed Road - Dubai - United Arab Emirates', '2020-08-02', 472),
(205, 'ABU HAIL RESIDENCE ', '25.2789347926015', '55.3467850328452', '28 18 St - Hor Al Anz East - Dubai - United Arab Emirates', '2020-08-03', 473),
(206, 'AL HABBAI BUILDING', '25.284423800127854', '55.39950370788574', 'Noora Building - MuhaisnahMuhaisnah 4 - Dubai - United Arab Emirates', '2020-08-03', 476),
(207, 'ELITE3', '25.047829658666497', '55.21467750086997', 'Prime Business Centre - Jumeirah Village - Dubai - United Arab Emirates', '2020-08-03', 477),
(208, 'TEST', '31.4128799', '73.1149713', 'Unnamed Road, Kohinoor City Faisalabad, Punjab, Pakistan', '2020-08-04', 424),
(209, 'TEST', '31.412877312591093', '73.1149653531611', 'Unnamed Road, Kohinoor City Faisalabad, Punjab, Pakistan', '2020-08-04', 421),
(210, 'OFFICE', '25.185530666848514', '55.281651467084885', '13 Marasi Dr - Business Bay - Dubai - United Arab Emirates', '2020-08-04', 482),
(211, 'PALACIO RESIDENCE', '25.1125142', '55.2065513', 'Al Samrya - Al BarshaAl Barsha 1 - Dubai - United Arab Emirates', '2020-08-04', 484),
(212, 'OFFICE', '25.2168124', '55.3379874', 'Bitec - Bur Dubai - Dubai - United Arab Emirates', '2020-08-04', 485),
(213, 'HOME ', '25.24658218018041', '55.31105753034353', '9 15 B St - Bur Dubai - Dubai - United Arab Emirates', '2020-08-04', 486),
(214, '99', '25.15671727343373', '55.40379940026449', 'International City, Greece 1 - International City - Dubai - United Arab Emirates', '2020-08-04', 488),
(215, 'HOME', '25.1033204', '55.366943', 'Liwan Mazaya 24 - Liwan - Dubai - United Arab Emirates', '2020-08-05', 489),
(216, 'AL MUSALLA', '25.355632', '55.3950662', '31 Muhrez Bin Amer St - Al GharbAl Musalla - Sharjah - United Arab Emirates', '2020-08-05', 491),
(217, 'LAMCY PLAZA', '25.234953773312434', '55.308853425085545', '25 6b St - Bur Dubai - Dubai - United Arab Emirates', '2020-08-05', 493),
(219, 'AL KHAIL HEIGHTS RB04A / QUOZ 4/DUBAI', '25.154213639406812', '55.25184944272041', 'Unnamed Road - Al QuozAl Quoz 4 - Dubai - United Arab Emirates', '2020-08-05', 500),
(220, 'HOME', '25.00691113368243', '55.30707985976272', 'Unnamed Road - Dubai - United Arab Emirates', '2020-08-06', 503),
(221, 'AL TAWOUN', '25.316629771222015', '55.37824284588865', 'Landmark Group Accomodation - Al Taawun - Sharjah - United Arab Emirates', '2020-08-06', 490),
(222, 'AL SONDOS ORCHID', '25.098416402297765', '55.38007898256183', 'Unnamed Road - Dubai - United Arab Emirates', '2020-08-06', 507),
(223, 'MANARA HOUSE', '25.144881548700404', '55.217737443745136', '24 Street 16A - Al Manara - Dubai - United Arab Emirates', '2020-08-07', 231),
(224, 'HOME', '25.056325195839968', '55.236509122359855', 'Arjan-Dubailand - Al Barsha South - Dubai - United Arab Emirates', '2020-08-07', 509),
(225, 'HOME', '25.163530906006535', '55.399353336542845', 'France R9 - International CityFrance Cluster - Dubai - United Arab Emirates', '2020-08-07', 511),
(226, 'JADAF OFFICE', '25.216790813386694', '55.3380760923028', 'Bitec - Bur Dubai - Dubai - United Arab Emirates', '2020-08-08', 103),
(227, 'AL NASEEM C3', '25.024248610935558', '55.27414901157993', 'Unnamed Road - Mudon - Dubai - United Arab Emirates', '2020-08-08', 516),
(228, 'DURAR A', '25.091742662911074', '55.3837395273149', 'Unnamed Road - Dubai - United Arab Emirates', '2020-08-09', 518),
(229, 'JADE RESIDENCE', '25.1102177', '55.38140920000001', 'Dubai - Dubai Silicon Oasis - Dubai - United Arab Emirates', '2020-08-09', 519),
(230, 'HOME', '25.419275465627802', '55.46658314691627', '32 ???? ??? - ?????? - Ajman - United Arab Emirates', '2020-08-09', 520),
(231, 'MADINA MALL QUSAIS ', '25.28608664128225', '55.39804458618164', 'Middle East - ???? ????? - ?????? ????? ???????????? ????? ?????? ? - ??? - United Arab Emirates', '2020-08-09', 521),
(232, 'DESERT SUN TOWER', '25.089352085121178', '55.38400225309306', 'Dubai Sky Courts - Desert Sun Tower - ??? - United Arab Emirates', '2020-08-09', 508),
(233, 'HOME', '25.024077604380523', '55.1578145576242', 'Zone R - Jebel Ali VillageAl Furjan - Dubai - United Arab Emirates', '2020-08-10', 523),
(234, 'HOME', '25.2304931', '55.4192683', '8 75a St - Mirdif - Dubai - United Arab Emirates', '2020-08-10', 430),
(235, 'VILLA 162', '25.02918175179018', '55.21027486771345', 'Esmeralda 1 St - Dubai Sports City - Dubai - United Arab Emirates', '2020-08-10', 492),
(236, 'LOCY1', '25.28622361858741', '55.35849306732416', '229 Al Ittihad Rd - Hor Al Anz East - Dubai - United Arab Emirates', '2020-08-10', 524),
(237, 'LIWAN', '25.1072763', '55.3704717', 'Liwan Mazaya 18 - Liwan - Dubai - United Arab Emirates', '2020-08-11', 527),
(238, 'ROLLA STREET', '25.2552847', '55.2917623', '15 19th St - Al Raffa - Dubai - United Arab Emirates', '2020-08-11', 528),
(239, 'KORESH PLAZA ', '33.5687799', '73.1375073', 'Unnamed Road, Block C Police Foundation, Islamabad, Rawalpindi, Punjab, Pakistan', '2020-08-11', 413),
(240, 'DISCOVERY GARDENS ', '25.0447118', '55.1350725', 'Street 3 - Jebel Ali VillageDiscovery Gardens - Dubai - United Arab Emirates', '2020-08-11', 529),
(241, 'ACASIA ', '25.110518382106665', '55.244738068431616', 'Unnamed Road - Dubai - United Arab Emirates', '2020-08-11', 512),
(242, 'ACACIA ', '25.11051868519658', '55.24473840370774', 'Unnamed Road - Dubai - United Arab Emirates', '2020-08-11', 512),
(243, 'EXCEL RESIDENCES ', '25.088598774496283', '55.38701048120856', 'Unnamed Road - Dubai - United Arab Emirates', '2020-08-12', 534),
(244, '603', '24.995481206243554', '55.16060572117567', 'Elderberry Ln - Green Community VillageGreen Community West - Dubai - United Arab Emirates', '2020-08-12', 483),
(245, 'AL-KHAN ', '25.329370496552603', '55.36949850618839', '1 Al Khan St - Al Khan - Sharjah - United Arab Emirates', '2020-08-13', 539),
(246, 'SUBSTANTIAL CITY CLUSTER 4VILLA GO3', '25.030561683447036', '55.282591514021746', 'Al Waha - Dubai - United Arab Emirates', '2020-08-13', 542),
(247, 'ROWAD MIDDLE EAST', '25.54244', '55.6920993', 'Unnamed Road - Umm Al Thuoob - Umm Al Quawain - United Arab Emirates', '2020-08-13', 543),
(248, 'MAG 218', '25.088180813210577', '55.148998126387596', 'Al Khayay St - Dubai - ???????????? ???????? ???????', '2020-08-14', 544),
(249, 'BIN HURAIZ 5', '25.18707877056986', '55.40539434179664', 'Unnamed Road - Al WarqaAl Warqa 1 - Dubai - United Arab Emirates', '2020-08-14', 547),
(250, 'HOME ', '25.390064858255865', '55.435203037142514', 'Unnamed Road - 3 Al Nuaimia - Ajman - United Arab Emirates', '2020-08-15', 549),
(251, 'SILICON RESIDENCE 2 2', '25.1357776', '55.3874783', 'Unnamed Road - Dubai Silicon OasisIndustrial Area - Dubai - United Arab Emirates', '2020-08-15', 510),
(252, 'ALBLOOSHI ', '25.40878354198141', '55.49415976143805', '12 59 St - Al Jerf 2 - Ajman - United Arab Emirates', '2020-08-15', 551),
(253, 'HOME', '25.1234544', '55.39936530000001', 'Dubai - Dubai Silicon Oasis - Dubai - United Arab Emirates', '2020-08-15', 552),
(254, 'J1 201', '25.40378182989932', '55.507566556334496', 'Block #7, Near Etisalat Contact Center - 184 Sheikh Ammar Bin Humaid St - Al Hamidiya 1 - Ajman - United Arab Emirates', '2020-08-15', 553),
(255, 'VILLA 34', '25.302471462282213', '55.50675082951784', 'S131 - Al GharayenAl Juraina - Sharjah - United Arab Emirates', '2020-08-16', 557),
(256, 'AREX BULIDING', '25.2167999', '55.3378989', 'Bitec - Al Jaddaf - Dubai - United Arab Emirates', '2020-08-17', 561),
(257, 'HOR AL ANZ EAST', '25.2837724', '55.3515398', '34 20th St - Hor Al Anz East - Dubai - United Arab Emirates', '2020-08-17', 565),
(258, 'DUBAI AIRPORTS ', '25.250527951833515', '55.351470486341434', 'Airport Terminal 1, Arrival - Dubai - United Arab Emirates', '2020-08-18', 567),
(259, 'HOME ', '25.008941785913645', '55.29171545058489', 'E Street - Dubai - United Arab Emirates', '2020-08-18', 567),
(260, 'AL NAHDA 1 ', '25.29240124730133', '55.369899846815564', '54 D97 - Al Nahda - Dubai - United Arab Emirates', '2020-08-18', 568),
(261, 'HOME', '25.09053149527574', '55.14777168631554', 'Mina Seyahi - Al Sufouh Rd - Dubai - United Arab Emirates', '2020-08-18', 570),
(263, 'EXCELLENCE DRIVING  ', '25.28298531282568', '55.410987166967', 'Tipping Area Turnoff 2 - Muhaisnah - Dubai - United Arab Emirates', '2020-08-19', 577),
(264, 'NEW AL ASMAWI BUILDING WARSAN ', '25.142263039396497', '55.39826536551118', 'International City Phase 2 - International City Phase(2) - Dubai - United Arab Emirates', '2020-08-20', 580),
(265, 'KUWAITAT ', '24.21900207055984', '55.78154232088539', '11th - Al Murabaa - Abu Dhabi - United Arab Emirates', '2020-08-20', 568),
(266, 'VILLA 53 CA10 THE VILLA', '25.249089276044252', '55.300412345677614', 'Centre Point Shopping Centre 2 - Dubai - United Arab Emirates', '2020-08-20', 582),
(267, 'HOME', '25.0777117', '55.1516764', 'Gold Crest Views 2 - Jumeirah Lakes Towers - Dubai - United Arab Emirates', '2020-08-21', 585),
(268, 'HOME', '25.10440241883449', '55.34494237974286', 'Unnamed Road - Falconcity of Wonders - Dubai - United Arab Emirates', '2020-08-21', 586),
(269, 'HOME', '25.25509109434983', '55.298403203487396', '5 5 A St - Al Mankhool - Dubai - United Arab Emirates', '2020-08-21', 587),
(270, 'BUSINESS BAY', '25.1831647', '55.272887', 'Business Bay - Dubai - United Arab Emirates', '2020-08-21', 588),
(271, 'PALM JUMEIRAH FROND E VILLA 69', '25.128112107227476', '55.133775536419215', 'Frond E - The Palm Jumeirah - Dubai - United Arab Emirates', '2020-08-21', 589),
(272, 'KARAMA', '25.23961084816609', '55.302265249192715', '36 41st St - Al Karama - Dubai - United Arab Emirates', '2020-08-22', 590),
(273, 'HOME', '25.08737897196571', '55.380581226199865', 'Unnamed Road - ??? - United Arab Emirates', '2020-08-22', 591),
(274, 'CEDRE VILLA A27', '25.125405183532433', '55.39280204102397', '17a - Dubai Silicon OasisCedre Villas - Dubai - United Arab Emirates', '2020-08-22', 594),
(275, 'AL NAYLI BUILDING, SILICON OASIS ', '25.113023576366782', '55.38676841184497', 'Silicon Oasis SP Oasis 1 - Dubai Silicon Oasis - Dubai - United Arab Emirates', '2020-08-22', 595),
(276, 'AL RAFFA BUR DUBAI ', '25.2584047479947', '55.287301540374756', '20 7b St - Al Raffa - Dubai - United Arab Emirates', '2020-08-24', 599),
(277, 'ALKAN ', '25.328673160700507', '55.37482062951896', '86a ???? ????? - ??????Al Majaz 3 - ????? ???????? - ???????? ??????? ???????', '2020-08-24', 600),
(278, 'ALMAJAZ3', '25.328684804830335', '55.374708294445384', '86a ???? ????? - ??????Al Majaz 3 - ????? ???????? - ???????? ??????? ???????', '2020-08-24', 600),
(279, 'ABU SHAGARA', '25.3371699', '55.3921404', 'Abu Shagara Bldg. - Abu Shagara - Sharjah - United Arab Emirates', '2020-08-24', 601),
(280, 'DIP', '24.98903185653549', '55.20088422995181', 'Unnamed Rd - ???? ??? ????????? - ??? - United Arab Emirates', '2020-08-24', 602),
(281, 'MOWAILEH', '25.2864971', '55.4543283', 'Liberty Building - Industrial AreaMuwailih Commercial - Sharjah - United Arab Emirates', '2020-08-25', 604),
(282, 'PALM JUMEIRAH ', '25.110820300975035', '55.13991851359606', 'North Residence - The Palm Jumeirah - Dubai - United Arab Emirates', '2020-08-26', 607),
(283, 'TECOM ', '25.096538733418186', '55.171864956575355', '18 Al Khareef 1 St - Barsha Heights - Dubai - United Arab Emirates', '2020-08-26', 608),
(284, 'ALSAUDI TOWER', '25.31655939985297', '55.37825306877494', 'Landmark Group Accomodation - Al Taawun - Sharjah - United Arab Emirates', '2020-08-26', 610),
(285, 'AL NAHDA ', '25.30271919148689', '55.371190147559204', 'Al Nahda 2, beside Al arz bakery - Al Nahda - Sharjah - United Arab Emirates', '2020-08-26', 611),
(286, 'HOME ', '25.248972025355403', '55.39901307524115', '33 25c St - Al TwarAl Twar 3 - Dubai - United Arab Emirates', '2020-08-26', 612),
(287, 'AL YUSUF TOWER 1', '25.249083211154286', '55.300411339849234', 'Centre Point Shopping Centre 2 - Dubai - United Arab Emirates', '2020-08-26', 556),
(288, 'AL SHAHAMA ', '24.556244454051274', '54.68882879242301', '40 ???? ???????? - Al BahyahAl Shahama Old - Abu Dhabi - United Arab Emirates', '2020-08-26', 613),
(289, 'Q MOTORS DUBAI ', '25.1280214', '55.2103689', 'Level 1, Liberty Building, Above the Cadillac Showroom - Sheikh Zayed Rd - Al QuozAl Quoz Industrial Area 3 - Dubai - United Arab Emirates', '2020-08-27', 614),
(290, 'BIN KAMIL BLDG, ABOVE SIND DARBAR HOTEL, NEAR MARCOPOLO HOTEL.', '25.274021439883438', '55.320433296988014', '31 Al Mateena St - Muteena - Dubai - United Arab Emirates', '2020-08-27', 616),
(291, 'ABUSGAHARA', '25.332401048172603', '55.39611517261334', '18 14th Street - Abu Shagara - Sharjah - United Arab Emirates', '2020-08-27', 617),
(292, 'HOME', '25.30031526983223', '55.373166259378195', 'Unnamed Road - Al Nahda - Sharjah - United Arab Emirates', '2020-08-28', 619),
(293, 'HOME- AL THOWIMA BLDG', '25.11085430329198', '55.19107427448034', 'Street 27 - Al BarshaAl Barsha 1 - Dubai - United Arab Emirates', '2020-08-28', 620),
(294, 'AFRA BLDG', '25.2618286671485', '55.32390531152487', '15 36 A St - Deira - Dubai - United Arab Emirates', '2020-08-28', 621),
(295, 'MEYDAN SOUTH G1-18', '25.123157828229548', '55.34598458558321', 'Unnamed Road - ??? - United Arab Emirates', '2020-08-28', 623),
(296, 'IMPZ', '25.035232259646396', '55.20127129732647', 'Unnamed Road - Dubai Production City - Dubai - United Arab Emirates', '2020-08-28', 624),
(297, 'VILLA 415, NOOR TOWNHOUSE ', '25.02042960999999', '55.287700649999984', 'Unnamed Road - Dubai - United Arab Emirates', '2020-08-28', 622),
(298, 'ARJAAN ', '25.095991673044814', '55.15383565798402', 'Royal Mirage Hotel 2 2 - Al SufouhDubai Media City - Dubai - United Arab Emirates', '2020-08-29', 629),
(299, 'TAWAFOQ ', '25.169953267254762', '55.34979533404112', '93 Manama St - Ras Al Khor Industrial AreaRas Al Khor Industrial Area 2 - Dubai - United Arab Emirates', '2020-08-29', 630),
(300, 'DERIA ', '25.26917240789082', '55.31348476186395', 'Deira, Nr - Tibo Company - 19 A St - ????????? - ??? - United Arab Emirates', '2020-08-30', 631),
(301, 'HOME - MANSURA', '25.36718505931602', '55.41658569127321', '213 S128 - Al Riqa SuburbAL Mansoura - Sharjah - United Arab Emirates', '2020-08-30', 632),
(302, 'HOME', '25.2164332', '55.3839773', '17 9b St - Nad Shamma - Dubai - United Arab Emirates', '2020-08-31', 633),
(303, 'HOME', '24.48994311278099', '54.3740076944232', '14 ???? ??????????? - Zone 1E11 - Abu Dhabi - United Arab Emirates', '2020-08-31', 634),
(304, 'MOHAMEDALBLUOOSHI', '25.1015919', '55.1991683', '24 23 St - Al BarshaAl Barsha 3 - Dubai - United Arab Emirates', '2020-08-31', 635),
(305, 'AL MUYHAT  ', '25.367689048895024', '55.48519182024103', 'Gharnatah St - Ajman - United Arab Emirates', '2020-09-01', 636),
(306, 'BUR DUBAI', '25.259749', '55.2869004', '17 Khalid Bin Al Waleed Rd - Al Fahidi - Dubai - United Arab Emirates', '2020-09-01', 637),
(307, '23A VILLA 18', '25.240137608549126', '55.28430953621864', '21 23 A St - Al Jaffiliya - Dubai - United Arab Emirates', '2020-09-01', 516),
(308, 'HOME', '25.08868030286407', '55.38699120283127', 'Unnamed Road - Dubai - Verenigde Arabische Emiraten', '2020-09-01', 638),
(309, 'TELAL 17', '25.190834667166094', '55.39409603906572', 'Unnamed Road - Nadd Al Hamar - Dubai - United Arab Emirates', '2020-09-02', 641),
(310, 'HOME', '25.054123806279947', '55.213100239634514', 'D12-H03 - Jumeirah Village - Dubai - United Arab Emirates', '2020-09-02', 643),
(311, 'ALKHOORY EXECUTIVE HOTEL', '25.23166540466971', '55.27136703953147', '56 6 A St - Al Bada\'a - Dubai - United Arab Emirates', '2020-09-02', 645),
(312, 'HOME', '24.291440298767437', '55.77592693269253', 'Unnamed Road - Al Hili - Abu Dhabi - United Arab Emirates', '2020-09-03', 647),
(313, 'WORK', '24.84669038011964', '55.05998432636261', 'Unnamed Road - Dubai Industrial City - Dubai - United Arab Emirates', '2020-09-03', 647),
(314, 'HOME 1', '25.04707784635645', '55.20646629855037', 'JVC, Shoba Daffodil Apartments 1 - Jumeirah Village - Dubai - United Arab Emirates', '2020-09-03', 648),
(315, 'HOME', '25.0799664', '55.1390821', '8 Jumeirah Beach Rd - ??? ?????? - ??? - United Arab Emirates', '2020-09-04', 650),
(316, '302,BUILDING 13, AL KHAIL GATE ', '25.141965750380898', '55.25500237941742', '13 - ?????????? ????? ???????? 2 - ??? - United Arab Emirates', '2020-09-04', 651),
(317, 'HOME', '25.009984446454176', '55.30130686238408', 'Mira Towncentre - Dubai - United Arab Emirates', '2020-09-05', 655),
(318, 'HOME', '25.20975908489554', '55.42718695476651', 'Unnamed Road - MirdifShorooq - Dubai - United Arab Emirates', '2020-09-05', 657),
(319, 'AL MEEZA BUILDING DEIRA AL MUTEENA', '25.272536', '55.3179947', '25 3b St - Muteena - Dubai - United Arab Emirates', '2020-09-06', 659),
(320, 'HOME - MIRA OASIS VILLA 161', '25.01208350870745', '55.30122171970144', 'Mira Oasis - Dubai - United Arab Emirates', '2020-09-06', 661),
(321, 'AL GHAFIA', '25.37701339610475', '55.43640537187457', 'Unnamed Road - Al Riqa SuburbAl Ghafia - Sharjah - United Arab Emirates', '2020-09-06', 662),
(322, 'HOME', '25.1673196', '55.2248158', '33 34 A St - Umm SuqeimUmm Suqeim 1 - Dubai - United Arab Emirates', '2020-09-07', 665),
(323, 'WASL', '25.2700731', '55.313822', '91 Al Maktoum Hospital Rd - Deira - Dubai - United Arab Emirates', '2020-09-07', 667),
(324, 'MINA AL ARAB MALIBU VILLA 97', '25.7163343', '55.8433459', 'Unnamed Road - Mina Al Arab - Ras al Khaimah - United Arab Emirates', '2020-09-07', 669),
(325, 'SPRINGS 11', '25.0556066', '55.1775999', 'Emirates HillsSprings 11 - Dubai - United Arab Emirates', '2020-09-08', 671),
(326, 'ENGLAND CLUSTER', '25.1747155', '55.4021242', 'England Y9 - International CityEngland Cluster - Dubai - United Arab Emirates', '2020-09-08', 674),
(327, 'AKOYA', '24.9969738', '55.3976404', 'Al Yufrah 2 Juniper at AKOYA - ????? - ??? - United Arab Emirates', '2020-09-08', 676),
(328, 'NABODA BULDING ', '25.2291573', '55.2728146', 'Satwa, Emirat Petrol Dubai - ????? - ??? - United Arab Emirates', '2020-09-10', 681),
(329, 'JVC , CIRCLE VILLA , VILLA 39', '25.0556505', '55.2087142', 'JVC - Jumeirah Village - Dubai - United Arab Emirates', '2020-09-10', 682),
(330, 'SKYCOURT TOWER C ROOM C1704', '25.09031161771742', '55.38632148876786', 'Dubai Sky Courts - Dubai - United Arab Emirates', '2020-09-11', 683),
(331, 'BINGHATTI PEARLS ', '25.10881578909398', '55.37746702539104', 'Dunes St - Dubai Silicon Oasis - Dubai - United Arab Emirates', '2020-09-11', 687),
(332, 'MIRA3 VILLA 381', '25.008394147140088', '55.30784555449256', 'Unnamed Road - Dubai - United Arab Emirates', '2020-09-13', 690),
(333, 'DUBAILAND ', '25.0911878', '55.383922', 'Shop 1, Durar Building Wadi Al Safa 5, Dubai - Dubai - United Arab Emirates', '2020-09-16', 695),
(341, 'OFFICE', '31.4128891', '73.1149199', 'Vistabit technologies', '2020-11-06', 104),
(344, 'TEST', '31.412876168047344', '73.11494523659348', 'Test', '2020-11-11', 698),
(345, 'EVISION', '33.5687783400555', '73.137482162565', 'undefined', '2020-11-12', 699),
(346, 'RESTAURANTS', '25.21791592372562', '55.321796257048845', 'undefined', '2020-12-08', 107),
(348, 'CIVIC CENTER', '33.552204295932015', '73.12334390357137', '377 Khayaban-e-Taimur, Bahria Town Phase II Phase 2 Bahria Town, Rawalpindi, Islamabad, Islamabad Capital Territory, Pakistan', '2021-02-09', 702),
(349, 'RYK', '28.42225683779401', '70.29829585924745', 'Satellite Town 64-B, near Jugnoo Chowk Ground, Rahim Yar Khan, Punjab 64200, Pakistan', '2021-02-09', 702),
(350, 'OFFICE', '33.550318235668186', '73.12331339344382', '1 Western Ave, Civic Center Bahria Town Civic Center Bahria Town, Rawalpindi, Islamabad, Islamabad Capital Territory, Pakistan', '2021-02-09', 704);

-- --------------------------------------------------------

--
-- Table structure for table `main_menu`
--

CREATE TABLE `main_menu` (
  `id` int(2) NOT NULL,
  `pagename` varchar(25) NOT NULL,
  `icon` varchar(40) NOT NULL
) ENGINE=InnoDB DEFAULT CHARSET=latin1;

--
-- Dumping data for table `main_menu`
--

INSERT INTO `main_menu` (`id`, `pagename`, `icon`) VALUES
(1, 'Dashboard', 'entypo-gauge'),
(2, 'Configurations', 'glyphicon glyphicon-cog');

-- --------------------------------------------------------

--
-- Table structure for table `notifications`
--

CREATE TABLE `notifications` (
  `noti_id` int(11) NOT NULL,
  `notification` text NOT NULL,
  `noti_date` datetime NOT NULL,
  `noti_recvr_id` int(11) NOT NULL,
  `noti_sender_id` int(11) NOT NULL,
  `is_read` enum('Yes','No') NOT NULL DEFAULT 'No',
  `link` text NOT NULL
) ENGINE=InnoDB DEFAULT CHARSET=latin1;

--
-- Dumping data for table `notifications`
--

INSERT INTO `notifications` (`noti_id`, `notification`, `noti_date`, `noti_recvr_id`, `noti_sender_id`, `is_read`, `link`) VALUES
(1, 'You have received a new complain/query', '2020-11-17 16:40:37', 0, 104, 'No', 'Complaint/viewComplaint/25'),
(2, 'You have received a new complain/query', '2020-11-17 16:41:30', 0, 104, 'No', 'Complaint/viewComplaint/26'),
(3, 'You have received a new complain/query', '2020-11-17 16:42:33', 0, 104, 'No', 'Complaint/viewComplaint/27'),
(4, 'You have received a new complain/query', '2020-11-17 16:43:02', 0, 104, 'No', 'Complaint/viewComplaint/28'),
(5, 'You have received a new complain/query', '2020-11-17 16:53:44', 0, 104, 'No', 'Complaint/viewComplaint/29'),
(6, 'You have received a new complain/query', '2020-11-17 16:56:15', 0, 104, 'No', 'Complaint/viewComplaint/30'),
(7, 'You have received a new complain/query', '2020-11-17 16:56:48', 0, 104, 'No', 'Complaint/viewComplaint/31');

-- --------------------------------------------------------

--
-- Table structure for table `orders`
--

CREATE TABLE `orders` (
  `order_id` int(11) NOT NULL,
  `u_id` int(11) NOT NULL,
  `timeslot` int(2) NOT NULL,
  `order_date` datetime NOT NULL,
  `order_execution_date` datetime NOT NULL,
  `net_payable` text COLLATE utf8_unicode_ci NOT NULL,
  `status` enum('0','1','2','3') COLLATE utf8_unicode_ci NOT NULL DEFAULT '0' COMMENT '1=Pay by cash,2= pay by machine 3= credit card',
  `assigned_to` int(11) NOT NULL,
  `order_status` enum('0','1','2') COLLATE utf8_unicode_ci NOT NULL DEFAULT '2' COMMENT '0=Pending,1=Complete,2=NotReceived',
  `amountpaid` text COLLATE utf8_unicode_ci NOT NULL,
  `order_no` text COLLATE utf8_unicode_ci NOT NULL,
  `lat` text COLLATE utf8_unicode_ci NOT NULL,
  `longi` text COLLATE utf8_unicode_ci NOT NULL,
  `description` text COLLATE utf8_unicode_ci NOT NULL,
  `geo_address` text COLLATE utf8_unicode_ci NOT NULL,
  `cat` int(11) NOT NULL,
  `subcat` int(11) NOT NULL,
  `driver_rating` text COLLATE utf8_unicode_ci DEFAULT NULL,
  `user_rating` text COLLATE utf8_unicode_ci DEFAULT NULL,
  `time` text COLLATE utf8_unicode_ci NOT NULL
) ENGINE=MyISAM DEFAULT CHARSET=utf8 COLLATE=utf8_unicode_ci;

--
-- Dumping data for table `orders`
--

INSERT INTO `orders` (`order_id`, `u_id`, `timeslot`, `order_date`, `order_execution_date`, `net_payable`, `status`, `assigned_to`, `order_status`, `amountpaid`, `order_no`, `lat`, `longi`, `description`, `geo_address`, `cat`, `subcat`, `driver_rating`, `user_rating`, `time`) VALUES
(577, 62, 0, '2021-05-18 02:36:56', '2021-05-18 07:35:33', '', '0', 62, '0', '', '', '33.549028425916', '73.123563844711', '32323', '168 Block D St, opp. Maryam Hospital, Civic Center Bahria Town Civic Center Bahria Town, Rawalpindi, Islamabad, Punjab, Pakistan', 1, 7, NULL, NULL, '06:25'),
(579, 63, 0, '2021-05-23 05:19:00', '2021-05-23 10:18:30', '', '0', 0, '2', '', '', '31.452917207964', '74.201911780983', 'Abc', 'Plot C 10, Jasmine Block Topaz Block Park View, Lahore, Punjab, Pakistan', 1, 7, NULL, NULL, '15:18'),
(578, 61, 0, '2021-05-18 02:42:59', '2021-05-18 07:42:27', '', '0', 62, '0', '', '', '33.549028425569', '73.123563844711', '2323', '168 Block D St, opp. Maryam Hospital, Civic Center Bahria Town Civic Center Bahria Town, Rawalpindi, Islamabad, Punjab, Pakistan', 1, 7, NULL, NULL, '18:30'),
(576, 62, 0, '2021-05-18 02:36:00', '2021-05-18 07:35:33', '', '0', 62, '0', '', '', '33.549028425916', '73.123563844711', '32323', '168 Block D St, opp. Maryam Hospital, Civic Center Bahria Town Civic Center Bahria Town, Rawalpindi, Islamabad, Punjab, Pakistan', 1, 7, NULL, NULL, '06:25'),
(575, 62, 0, '2021-05-18 02:35:22', '2021-05-18 07:32:15', '', '0', 62, '0', '', '', '33.549028425569', '73.123563844711', '323232', '168 Block D St, opp. Maryam Hospital, Civic Center Bahria Town Civic Center Bahria Town, Rawalpindi, Islamabad, Punjab, Pakistan', 1, 7, NULL, NULL, '06:32'),
(574, 62, 0, '2021-05-18 02:34:30', '2021-05-18 07:32:15', '', '0', 62, '0', '', '', '33.549028425569', '73.123563844711', '323232', '168 Block D St, opp. Maryam Hospital, Civic Center Bahria Town Civic Center Bahria Town, Rawalpindi, Islamabad, Punjab, Pakistan', 1, 7, NULL, NULL, '06:32'),
(573, 62, 0, '2021-05-18 02:34:29', '2021-05-18 07:32:15', '', '0', 0, '2', '', '', '33.549028425569', '73.123563844711', '323232', '168 Block D St, opp. Maryam Hospital, Civic Center Bahria Town Civic Center Bahria Town, Rawalpindi, Islamabad, Punjab, Pakistan', 1, 7, NULL, NULL, '06:32'),
(572, 62, 0, '2021-05-18 02:34:06', '2021-05-18 07:32:15', '', '0', 62, '0', '', '', '33.549028425569', '73.123563844711', '323232', '168 Block D St, opp. Maryam Hospital, Civic Center Bahria Town Civic Center Bahria Town, Rawalpindi, Islamabad, Punjab, Pakistan', 1, 7, NULL, NULL, '06:32'),
(571, 62, 0, '2021-05-18 02:32:44', '2021-05-18 07:32:15', '', '0', 62, '0', '', '', '33.549028425569', '73.123563844711', '323232', '168 Block D St, opp. Maryam Hospital, Civic Center Bahria Town Civic Center Bahria Town, Rawalpindi, Islamabad, Punjab, Pakistan', 1, 7, NULL, NULL, '06:32'),
(570, 61, 0, '2021-05-18 02:25:15', '2021-05-18 07:23:51', '', '0', 62, '0', '', '', '33.549031778651', '73.123560491949', '23232323', '168 Block D St, opp. Maryam Hospital, Civic Center Bahria Town Civic Center Bahria Town, Rawalpindi, Islamabad, Punjab, Pakistan', 1, 7, NULL, NULL, '06:30'),
(569, 61, 0, '2021-05-18 02:24:16', '2021-05-18 07:23:51', '', '0', 62, '0', '', '', '33.549031778651', '73.123560491949', '23232323', '168 Block D St, opp. Maryam Hospital, Civic Center Bahria Town Civic Center Bahria Town, Rawalpindi, Islamabad, Punjab, Pakistan', 1, 7, NULL, NULL, '06:30'),
(568, 61, 0, '2021-05-18 01:52:59', '2021-05-18 06:52:22', '', '0', 0, '2', '', '', '33.54903', '73.1235641', '232332', '168 Block D St, opp. Maryam Hospital, Civic Center Bahria Town Civic Center Bahria Town, Rawalpindi, Islamabad, Punjab, Pakistan', 1, 7, NULL, NULL, '06:30'),
(567, 61, 0, '2021-05-18 01:52:42', '2021-05-18 06:52:22', '', '0', 62, '0', '', '', '33.54903', '73.1235641', '232332', '168 Block D St, opp. Maryam Hospital, Civic Center Bahria Town Civic Center Bahria Town, Rawalpindi, Islamabad, Punjab, Pakistan', 1, 7, NULL, NULL, '06:30'),
(566, 61, 0, '2021-05-18 01:50:39', '2021-05-18 06:50:18', '', '0', 62, '0', '', '', '33.54903', '73.1235641', '6767', '168 Block D St, opp. Maryam Hospital, Civic Center Bahria Town Civic Center Bahria Town, Rawalpindi, Islamabad, Punjab, Pakistan', 1, 7, NULL, NULL, '06:30'),
(565, 61, 0, '2021-05-18 01:48:53', '2021-05-18 06:48:34', '', '0', 62, '0', '', '', '33.549117282214', '73.12367985025', '34343', '168 Block D St, opp. Maryam Hospital, Civic Center Bahria Town Civic Center Bahria Town, Rawalpindi, Islamabad, Punjab, Pakistan', 1, 7, NULL, NULL, '06:30'),
(563, 61, 0, '2021-05-18 01:39:42', '2021-05-18 06:39:10', '', '0', 62, '0', '', '', '33.549117282214', '73.12367985025', '2323', '168 Block D St, opp. Maryam Hospital, Civic Center Bahria Town Civic Center Bahria Town, Rawalpindi, Islamabad, Punjab, Pakistan', 1, 7, NULL, NULL, '06:30'),
(564, 61, 0, '2021-05-18 01:46:14', '2021-05-18 06:45:09', '', '0', 62, '0', '', '', '33.549117282214', '73.12367985025', '232323', '168 Block D St, opp. Maryam Hospital, Civic Center Bahria Town Civic Center Bahria Town, Rawalpindi, Islamabad, Punjab, Pakistan', 1, 7, NULL, NULL, '06:30'),
(562, 61, 0, '2021-05-18 01:30:46', '2021-05-18 06:29:46', '', '0', 62, '0', '', '', '33.549117282214', '73.12367985025', '6767', '168 Block D St, opp. Maryam Hospital, Civic Center Bahria Town Civic Center Bahria Town, Rawalpindi, Islamabad, Punjab, Pakistan', 1, 7, NULL, NULL, '06:29'),
(561, 61, 0, '2021-05-18 01:22:13', '2021-05-17 20:19:15', '', '0', 62, '1', '', '', '33.549117282214', '73.12367985025', '3434', '168 Block D St, opp. Maryam Hospital, Civic Center Bahria Town Civic Center Bahria Town, Rawalpindi, Islamabad, Punjab, Pakistan', 1, 7, '5', '5', '06:30'),
(560, 61, 0, '2021-05-18 01:05:08', '2021-05-18 06:04:47', '', '0', 0, '2', '', '', '33.549034293555', '73.123562838882', '232323', '168 Block D St, opp. Maryam Hospital, Civic Center Bahria Town Civic Center Bahria Town, Rawalpindi, Islamabad, Punjab, Pakistan', 1, 7, NULL, NULL, '18:30'),
(558, 61, 0, '2021-05-18 01:00:28', '2021-05-18 06:00:02', '', '0', 0, '2', '', '', '33.549034293463', '73.123562838882', '2323', '168 Block D St, opp. Maryam Hospital, Civic Center Bahria Town Civic Center Bahria Town, Rawalpindi, Islamabad, Punjab, Pakistan', 1, 7, NULL, NULL, '06:30'),
(559, 61, 0, '2021-05-18 01:03:41', '2021-05-18 06:03:24', '', '0', 0, '2', '', '', '33.549034293512', '73.123562838882', '32323', '168 Block D St, opp. Maryam Hospital, Civic Center Bahria Town Civic Center Bahria Town, Rawalpindi, Islamabad, Punjab, Pakistan', 1, 7, NULL, NULL, '06:03'),
(556, 61, 0, '2021-05-18 00:52:17', '2021-05-18 05:51:29', '', '0', 0, '2', '', '', '33.549034293463', '73.123562838882', '3434', '168 Block D St, opp. Maryam Hospital, Civic Center Bahria Town Civic Center Bahria Town, Rawalpindi, Islamabad, Punjab, Pakistan', 1, 7, NULL, NULL, '06:30'),
(557, 61, 0, '2021-05-18 00:53:38', '2021-05-18 05:53:19', '', '0', 0, '2', '', '', '33.54903429381', '73.123562838882', '2323', '168 Block D St, opp. Maryam Hospital, Civic Center Bahria Town Civic Center Bahria Town, Rawalpindi, Islamabad, Punjab, Pakistan', 1, 7, NULL, NULL, '19:35'),
(547, 16, 0, '2021-04-30 07:12:34', '2021-04-30 12:12:19', '', '0', 0, '2', '', '', '33.5489533', '73.1233968', ' C. Xmx', '0, Civic Center Bahria Town Phase 4 Bahria Town, Rawalpindi, Islamabad, Punjab, Pakistan', 1, 7, NULL, NULL, '06:30'),
(548, 16, 0, '2021-04-30 07:13:17', '2021-04-30 12:13:00', '', '0', 0, '2', '', '', '33.5489533', '73.1233968', 'Bx ns', '0, Civic Center Bahria Town Phase 4 Bahria Town, Rawalpindi, Islamabad, Punjab, Pakistan', 4, 14, NULL, NULL, '06:30'),
(549, 16, 0, '2021-04-30 07:15:25', '2021-04-30 12:14:15', '', '0', 0, '2', '', '', '33.5489533', '73.1233968', 'Bxnznz', '0, Civic Center Bahria Town Phase 4 Bahria Town, Rawalpindi, Islamabad, Punjab, Pakistan', 1, 7, NULL, NULL, '06:30'),
(550, 16, 0, '2021-04-30 07:31:39', '2021-04-30 12:31:20', '', '0', 0, '2', '', '', '33.5489533', '73.1233968', 'Bxnzjs', '0, Civic Center Bahria Town Phase 4 Bahria Town, Rawalpindi, Islamabad, Punjab, Pakistan', 1, 7, NULL, NULL, '06:31'),
(551, 54, 0, '2021-05-05 08:04:21', '2021-05-05 13:03:52', '', '0', 0, '2', '', '', '33.556465802763', '73.024620171636', 'Cjcjcjvjh', 'Dhamial Rd, Shadman Town, Rawalpindi, Punjab, Pakistan', 1, 7, NULL, NULL, '21:03'),
(552, 61, 0, '2021-05-18 00:38:12', '2021-05-18 05:37:46', '', '0', 0, '2', '', '', '33.548899', '73.123297', 'Hello', '0, Civic Center Bahria Town Phase 4 Bahria Town, Rawalpindi, Islamabad, Punjab, Pakistan', 1, 7, NULL, NULL, '18:30'),
(553, 61, 0, '2021-05-18 00:39:31', '2021-05-18 05:39:14', '', '0', 0, '2', '', '', '33.548899', '73.123297', 'Hello', '0, Civic Center Bahria Town Phase 4 Bahria Town, Rawalpindi, Islamabad, Punjab, Pakistan', 1, 7, NULL, NULL, '06:30'),
(554, 61, 0, '2021-05-18 00:50:00', '2021-05-18 05:49:38', '', '0', 0, '2', '', '', '33.54903429381', '73.123562838882', '6767', '168 Block D St, opp. Maryam Hospital, Civic Center Bahria Town Civic Center Bahria Town, Rawalpindi, Islamabad, Punjab, Pakistan', 1, 7, NULL, NULL, '18:49'),
(555, 61, 0, '2021-05-18 00:51:48', '2021-05-18 05:51:29', '', '0', 0, '2', '', '', '33.549034293463', '73.123562838882', '3434', '168 Block D St, opp. Maryam Hospital, Civic Center Bahria Town Civic Center Bahria Town, Rawalpindi, Islamabad, Punjab, Pakistan', 1, 7, NULL, NULL, '06:30'),
(546, 16, 0, '2021-04-30 07:10:37', '2021-04-30 12:10:18', '', '0', 0, '2', '', '', '33.5489533', '73.1233968', 'Bxndnd', '0, Civic Center Bahria Town Phase 4 Bahria Town, Rawalpindi, Islamabad, Punjab, Pakistan', 3, 13, NULL, NULL, '06:29'),
(543, 16, 0, '2021-04-30 07:09:20', '2021-04-30 12:09:05', '', '0', 0, '2', '', '', '33.5489533', '73.1233968', 'Bxnxbd', '0, Civic Center Bahria Town Phase 4 Bahria Town, Rawalpindi, Islamabad, Punjab, Pakistan', 4, 14, NULL, NULL, '01:09'),
(544, 16, 0, '2021-04-30 07:09:55', '2021-04-30 12:09:31', '', '0', 0, '2', '', '', '33.5489533', '73.1233968', 'Nxndns', '0, Civic Center Bahria Town Phase 4 Bahria Town, Rawalpindi, Islamabad, Punjab, Pakistan', 1, 7, NULL, NULL, '06:30'),
(545, 16, 0, '2021-04-30 07:09:56', '2021-04-30 12:09:31', '', '0', 0, '2', '', '', '33.5489533', '73.1233968', 'Nxndns', '0, Civic Center Bahria Town Phase 4 Bahria Town, Rawalpindi, Islamabad, Punjab, Pakistan', 1, 7, NULL, NULL, '06:30'),
(542, 16, 0, '2021-04-30 07:09:02', '2021-04-30 12:08:48', '', '0', 0, '2', '', '', '33.5489533', '73.1233968', 'Bxmxnx', '0, Civic Center Bahria Town Phase 4 Bahria Town, Rawalpindi, Islamabad, Punjab, Pakistan', 4, 14, NULL, NULL, '06:08'),
(541, 16, 0, '2021-04-30 07:04:47', '2021-04-30 12:04:29', '', '0', 0, '2', '', '', '33.5489533', '73.1233968', 'Vfdc', '0, Civic Center Bahria Town Phase 4 Bahria Town, Rawalpindi, Islamabad, Punjab, Pakistan', 1, 7, NULL, NULL, '06:30'),
(539, 16, 0, '2021-04-30 07:03:50', '2021-04-30 11:49:07', '', '0', 0, '2', '', '', '33.5489559', '73.123386', 'Bxnxxn', '0, Civic Center Bahria Town Phase 4 Bahria Town, Rawalpindi, Islamabad, Punjab, Pakistan', 4, 14, NULL, NULL, '06:25'),
(540, 16, 0, '2021-04-30 07:04:46', '2021-04-30 12:04:29', '', '0', 0, '2', '', '', '33.5489533', '73.1233968', 'Vfdc', '0, Civic Center Bahria Town Phase 4 Bahria Town, Rawalpindi, Islamabad, Punjab, Pakistan', 1, 7, NULL, NULL, '06:30'),
(538, 16, 0, '2021-04-30 07:03:49', '2021-04-30 11:49:07', '', '0', 0, '2', '', '', '33.5489559', '73.123386', 'Bxnxxn', '0, Civic Center Bahria Town Phase 4 Bahria Town, Rawalpindi, Islamabad, Punjab, Pakistan', 4, 14, NULL, NULL, '06:25'),
(537, 16, 0, '2021-04-30 07:03:17', '2021-04-30 11:49:07', '', '0', 0, '2', '', '', '33.5489559', '73.123386', 'Bxnxxn', '0, Civic Center Bahria Town Phase 4 Bahria Town, Rawalpindi, Islamabad, Punjab, Pakistan', 4, 14, NULL, NULL, '06:25'),
(536, 16, 0, '2021-04-30 07:03:14', '2021-04-30 11:49:07', '', '0', 0, '2', '', '', '33.5489559', '73.123386', 'Bxnxxn', '0, Civic Center Bahria Town Phase 4 Bahria Town, Rawalpindi, Islamabad, Punjab, Pakistan', 4, 14, NULL, NULL, '06:25'),
(535, 16, 0, '2021-04-30 07:03:09', '2021-04-30 11:49:07', '', '0', 0, '2', '', '', '33.5489559', '73.123386', 'Bxnxxn', '0, Civic Center Bahria Town Phase 4 Bahria Town, Rawalpindi, Islamabad, Punjab, Pakistan', 4, 14, NULL, NULL, '06:25'),
(534, 16, 0, '2021-04-30 07:03:04', '2021-04-30 11:49:07', '', '0', 0, '2', '', '', '33.5489559', '73.123386', 'Bxnxxn', '0, Civic Center Bahria Town Phase 4 Bahria Town, Rawalpindi, Islamabad, Punjab, Pakistan', 4, 14, NULL, NULL, '06:25'),
(532, 16, 0, '2021-04-30 07:02:57', '2021-04-30 11:49:07', '', '0', 0, '2', '', '', '33.5489559', '73.123386', 'Bxnxxn', '0, Civic Center Bahria Town Phase 4 Bahria Town, Rawalpindi, Islamabad, Punjab, Pakistan', 4, 14, NULL, NULL, '06:25'),
(533, 16, 0, '2021-04-30 07:02:59', '2021-04-30 11:49:07', '', '0', 0, '2', '', '', '33.5489559', '73.123386', 'Bxnxxn', '0, Civic Center Bahria Town Phase 4 Bahria Town, Rawalpindi, Islamabad, Punjab, Pakistan', 4, 14, NULL, NULL, '06:25'),
(531, 16, 0, '2021-04-30 06:34:22', '2021-04-30 11:34:05', '', '0', 0, '2', '', '', '33.5489559', '73.123386', 'Bxndn', '0, Civic Center Bahria Town Phase 4 Bahria Town, Rawalpindi, Islamabad, Punjab, Pakistan', 1, 7, NULL, NULL, '06:34'),
(530, 16, 0, '2021-04-30 06:32:27', '2021-04-30 11:31:37', '', '0', 0, '2', '', '', '33.5489559', '73.123386', 'Bcnxnd', '0, Civic Center Bahria Town Phase 4 Bahria Town, Rawalpindi, Islamabad, Punjab, Pakistan', 1, 7, NULL, NULL, '06:31'),
(522, 38, 0, '2021-04-28 00:40:45', '2021-04-28 05:40:24', '', '0', 0, '2', '', '', '37.4220882', '-122.084235', '12345678', '1600 Charleston Rd, Mountain View, CA 94043, USA', 1, 7, NULL, NULL, '20:35'),
(521, 23, 0, '2021-04-26 06:30:22', '2021-04-26 11:30:08', '', '0', 0, '2', '', '', '31.452932938719', '74.201869871467', 'T', 'Plot C 9, Jasmine Block Topaz Block Park View, Lahore, Punjab, Pakistan', 1, 7, NULL, NULL, '16:30'),
(520, 23, 0, '2021-04-26 06:28:15', '2021-04-26 11:28:01', '', '0', 0, '2', '', '', '31.45291005762', '74.201920833439', 'Fan', 'Plot C 8, Jasmine Block Topaz Block Park View, Lahore, Punjab, Pakistan', 1, 8, NULL, NULL, '16:28'),
(527, 46, 0, '2021-04-30 04:57:56', '2021-04-30 09:57:40', '', '0', 0, '2', '', '', '33.5490081', '73.1233594', 'Jdndnd', '0, Civic Center Bahria Town Phase 4 Bahria Town, Rawalpindi, Islamabad, Punjab, Pakistan', 1, 7, NULL, NULL, '05:25'),
(519, 23, 0, '2021-04-26 05:02:18', '2021-04-26 10:01:50', '', '0', 0, '2', '', '', '31.452810819392', '74.201818238944', 'Fan', 'Plot C 38, Jasmine Block Topaz Block Park View, Lahore, Punjab, Pakistan', 1, 7, NULL, NULL, '15:01'),
(528, 40, 0, '2021-04-30 05:25:38', '2021-04-30 10:24:24', '', '0', 0, '2', '', '', '33.549205', '73.1237303', 'Hxjddn', '168 Block D St, opp. Maryam Hospital, Civic Center Bahria Town Civic Center Bahria Town, Rawalpindi, Islamabad, Punjab, Pakistan', 1, 7, NULL, NULL, '04:20'),
(525, 42, 0, '2021-04-29 09:42:06', '2021-04-29 14:41:46', '', '0', 0, '2', '', '', '31.452935226824', '74.201878923923', 'Socket 1', 'Plot C 9, Jasmine Block Topaz Block Park View, Lahore, Punjab, Pakistan', 1, 7, NULL, NULL, '19:41'),
(515, 15, 0, '2021-04-26 04:36:22', '2021-04-26 09:36:07', '', '0', 0, '2', '', '', '33.5490283', '73.1234573', 'Dfbv', '0, Civic Center Bahria Town Phase 4 Bahria Town, Rawalpindi, Islamabad, Punjab, Pakistan', 1, 7, NULL, NULL, '06:30'),
(516, 15, 0, '2021-04-26 04:37:10', '2021-04-26 09:37:00', '', '0', 0, '2', '', '', '33.5490283', '73.1234573', 'Xxc', '0, Civic Center Bahria Town Phase 4 Bahria Town, Rawalpindi, Islamabad, Punjab, Pakistan', 1, 7, NULL, NULL, '20:37'),
(492, 16, 0, '2021-04-26 02:59:57', '2021-04-26 07:59:39', '', '0', 0, '2', '', '', '33.549090178293', '73.123492430896', 'Hxbdnsbs', 'Civic Center Street 2 Civic Center Bahria Town Civic Center Bahria Town, Rawalpindi, Islamabad, Punjab, Pakistan', 1, 7, NULL, NULL, '06:59'),
(523, 16, 0, '2021-04-29 01:07:00', '2021-04-29 06:06:32', '', '0', 0, '2', '', '', '33.5489363', '73.1233937', 'Hsbsjs', '0, Civic Center Bahria Town Phase 4 Bahria Town, Rawalpindi, Islamabad, Punjab, Pakistan', 1, 7, NULL, NULL, '06:30'),
(524, 40, 0, '2021-04-29 01:23:45', '2021-04-29 06:23:27', '', '0', 0, '2', '', '', '33.5490285', '73.1234294', 'Trewq', '0, Civic Center Bahria Town Phase 4 Bahria Town, Rawalpindi, Islamabad, Punjab, Pakistan', 1, 7, NULL, NULL, '06:30'),
(526, 42, 0, '2021-04-30 04:41:51', '2021-04-30 09:41:40', '', '0', 0, '2', '', '', '31.452912917758', '74.201919157058', 'Fan', 'Plot C 8, Jasmine Block Topaz Block Park View, Lahore, Punjab, Pakistan', 1, 8, NULL, NULL, '14:41'),
(496, 16, 0, '2021-04-26 03:14:37', '2021-04-26 08:06:16', '', '0', 0, '2', '', '', '33.5492597', '73.1239113', 'Xhdbsjhd', '168 Block D St, opp. Maryam Hospital, Civic Center Bahria Town Civic Center Bahria Town, Rawalpindi, Islamabad, Punjab, Pakistan', 1, 7, NULL, NULL, '06:06'),
(497, 16, 0, '2021-04-26 03:15:23', '2021-04-26 08:06:16', '', '0', 0, '2', '', '', '33.5492597', '73.1239113', 'Xhdbsjhd', '168 Block D St, opp. Maryam Hospital, Civic Center Bahria Town Civic Center Bahria Town, Rawalpindi, Islamabad, Punjab, Pakistan', 1, 7, NULL, NULL, '06:06'),
(498, 16, 0, '2021-04-26 03:58:53', '2021-04-26 08:58:35', '', '0', 0, '2', '', '', '33.549015851508', '73.123467285186', 'Gzgznsgn', '0, Civic Center Bahria Town Phase 4 Bahria Town, Rawalpindi, Islamabad, Punjab, Pakistan', 1, 7, NULL, NULL, '18:58'),
(499, 16, 0, '2021-04-26 04:00:15', '2021-04-26 08:58:35', '', '0', 0, '2', '', '', '33.549015851605', '73.123467285186', 'Gzgznsgn', '0, Civic Center Bahria Town Phase 4 Bahria Town, Rawalpindi, Islamabad, Punjab, Pakistan', 1, 7, NULL, NULL, '14:00'),
(500, 16, 0, '2021-04-26 04:00:54', '2021-04-26 08:58:35', '', '0', 0, '2', '', '', '33.549015851605', '73.123467285186', 'Gzgznsgn', '0, Civic Center Bahria Town Phase 4 Bahria Town, Rawalpindi, Islamabad, Punjab, Pakistan', 1, 7, NULL, NULL, '14:00'),
(501, 16, 0, '2021-04-26 04:02:47', '2021-04-26 09:02:32', '', '0', 0, '2', '', '', '33.5490158516', '73.123467285186', 'Gnzvz gz ', '0, Civic Center Bahria Town Phase 4 Bahria Town, Rawalpindi, Islamabad, Punjab, Pakistan', 1, 7, NULL, NULL, '18:02'),
(502, 16, 0, '2021-04-26 04:03:03', '2021-04-26 09:02:32', '', '0', 0, '2', '', '', '33.5490158516', '73.123467285186', 'Gnzvz gz ', '0, Civic Center Bahria Town Phase 4 Bahria Town, Rawalpindi, Islamabad, Punjab, Pakistan', 1, 7, NULL, NULL, '18:02'),
(503, 16, 0, '2021-04-26 04:04:45', '2021-04-26 09:02:32', '', '0', 0, '2', '', '', '33.549015851716', '73.123467285186', 'Gnzvz gz ', '0, Civic Center Bahria Town Phase 4 Bahria Town, Rawalpindi, Islamabad, Punjab, Pakistan', 1, 7, NULL, NULL, '14:04'),
(504, 16, 0, '2021-04-26 04:06:08', '2021-04-26 09:05:57', '', '0', 0, '2', '', '', '33.549015851807', '73.123467285186', 'Zg. Vzv z', '0, Civic Center Bahria Town Phase 4 Bahria Town, Rawalpindi, Islamabad, Punjab, Pakistan', 1, 7, NULL, NULL, '06:05'),
(505, 16, 0, '2021-04-26 04:06:50', '2021-04-26 09:05:57', '', '0', 0, '2', '', '', '33.549015851807', '73.123467285186', 'Zg. Vzv z', '0, Civic Center Bahria Town Phase 4 Bahria Town, Rawalpindi, Islamabad, Punjab, Pakistan', 1, 7, NULL, NULL, '06:05'),
(506, 16, 0, '2021-04-26 04:08:32', '2021-04-26 09:08:19', '', '0', 0, '2', '', '', '33.5490283', '73.1234573', 'Hvff', '0, Civic Center Bahria Town Phase 4 Bahria Town, Rawalpindi, Islamabad, Punjab, Pakistan', 1, 7, NULL, NULL, '06:30'),
(507, 16, 0, '2021-04-26 04:11:03', '2021-04-26 09:09:41', '', '0', 0, '2', '', '', '33.5490283', '73.1234573', 'Fjbg', '0, Civic Center Bahria Town Phase 4 Bahria Town, Rawalpindi, Islamabad, Punjab, Pakistan', 1, 7, NULL, NULL, '06:09'),
(508, 16, 0, '2021-04-26 04:14:38', '2021-04-26 09:13:59', '', '0', 0, '2', '', '', '33.5490283', '73.1234573', 'Yekgjsgns', '0, Civic Center Bahria Town Phase 4 Bahria Town, Rawalpindi, Islamabad, Punjab, Pakistan', 1, 7, NULL, NULL, '06:23'),
(529, 16, 0, '2021-04-30 06:32:20', '2021-04-30 11:31:37', '', '0', 0, '2', '', '', '33.5489559', '73.123386', 'Bcnxnd', '0, Civic Center Bahria Town Phase 4 Bahria Town, Rawalpindi, Islamabad, Punjab, Pakistan', 1, 7, NULL, NULL, '06:31'),
(510, 16, 0, '2021-04-26 04:16:09', '2021-04-26 09:15:46', '', '0', 0, '2', '', '', '33.5490283', '73.1234573', 'Dhbxb', '0, Civic Center Bahria Town Phase 4 Bahria Town, Rawalpindi, Islamabad, Punjab, Pakistan', 1, 7, NULL, NULL, '05:15'),
(511, 16, 0, '2021-04-26 04:16:16', '2021-04-26 09:15:46', '', '0', 0, '2', '', '', '33.5490283', '73.1234573', 'Dhbxb', '0, Civic Center Bahria Town Phase 4 Bahria Town, Rawalpindi, Islamabad, Punjab, Pakistan', 1, 7, NULL, NULL, '05:15'),
(513, 40, 0, '2021-04-26 04:18:35', '2021-04-26 09:18:20', '', '0', 40, '1', '', '', '33.5490283', '73.1234573', 'Bxnxb', '0, Civic Center Bahria Town Phase 4 Bahria Town, Rawalpindi, Islamabad, Punjab, Pakistan', 1, 7, NULL, '5', '06:18');

-- --------------------------------------------------------

--
-- Table structure for table `order_details`
--

CREATE TABLE `order_details` (
  `order_detail_id` int(11) NOT NULL,
  `order_id` int(11) NOT NULL,
  `brand_id` int(11) NOT NULL,
  `qty` varchar(15) COLLATE utf8_unicode_ci NOT NULL,
  `amount` text COLLATE utf8_unicode_ci NOT NULL
) ENGINE=MyISAM DEFAULT CHARSET=utf8 COLLATE=utf8_unicode_ci;

--
-- Dumping data for table `order_details`
--

INSERT INTO `order_details` (`order_detail_id`, `order_id`, `brand_id`, `qty`, `amount`) VALUES
(3, 1, 11, '1', '170'),
(8, 2, 3, '1', '180'),
(5, 3, 31, '1', '150'),
(12, 4, 44, '1', '49'),
(11, 4, 29, '1', '75'),
(90, 58, 92, '1', '130'),
(19, 8, 1, '1', '75'),
(71, 49, 76, '1', '210'),
(37, 19, 76, '1', '210'),
(67, 46, 80, '1', '210'),
(63, 43, 76, '1', '210'),
(64, 44, 76, '1', '210'),
(85, 56, 83, '1', '100'),
(87, 57, 76, '1', '130'),
(80, 54, 76, '1', '170'),
(77, 52, 76, '1', '210'),
(91, 59, 90, '1', '70'),
(195, 111, 330, '1', '50'),
(97, 62, 124, '1', '50'),
(96, 62, 84, '1', '100'),
(103, 63, 105, '1', '40'),
(102, 63, 76, '1', '130'),
(107, 66, 811, '1', '40'),
(205, 110, 971, '1', '40'),
(106, 66, 88, '1', '150'),
(204, 110, 83, '1', '100'),
(233, 109, 980, '1', '40'),
(114, 68, 490, '1', '40'),
(113, 68, 96, '1', '100'),
(124, 70, 119, '1', '40'),
(123, 70, 80, '1', '150'),
(120, 73, 88, '1', '150'),
(232, 109, 87, '1', '90'),
(185, 105, 429, '1', '40'),
(184, 105, 80, '1', '150'),
(187, 104, 84, '1', '100'),
(137, 78, 608, '1', '40'),
(133, 77, 686, '1', '40'),
(132, 77, 96, '1', '100'),
(136, 78, 96, '1', '100'),
(161, 94, 835, '1', '40'),
(149, 84, 76, '1', '130'),
(150, 84, 121, '1', '50'),
(160, 94, 80, '1', '150'),
(167, 95, 797, '1', '40'),
(166, 95, 84, '1', '100'),
(169, 96, 805, '1', '40'),
(168, 96, 78, '1', '100'),
(194, 111, 84, '1', '100'),
(199, 112, 297, '1', '50'),
(198, 112, 84, '1', '100'),
(203, 113, 628, '1', '120'),
(202, 113, 80, '1', '150'),
(209, 114, 118, '1', '40'),
(208, 114, 90, '1', '70'),
(213, 115, 100, '1', '50'),
(212, 115, 84, '1', '100'),
(225, 116, 429, '1', '40'),
(224, 116, 94, '1', '70'),
(221, 117, 325, '1', '50'),
(220, 117, 84, '1', '100'),
(223, 118, 150, '1', '50'),
(222, 118, 84, '1', '100'),
(229, 119, 803, '1', '40'),
(228, 119, 90, '1', '70'),
(246, 124, 819, '1', '40'),
(245, 124, 79, '1', '130'),
(241, 123, 80, '1', '150'),
(242, 123, 822, '1', '40'),
(250, 125, 647, '1', '40'),
(249, 125, 84, '1', '100'),
(256, 127, 490, '1', '40'),
(255, 127, 84, '1', '100'),
(260, 128, 955, '1', '50'),
(259, 128, 90, '1', '70'),
(272, 132, 347, '1', '50'),
(268, 130, 812, '1', '40'),
(267, 130, 92, '1', '130'),
(276, 133, 195, '1', '80'),
(271, 132, 87, '1', '90'),
(275, 133, 90, '1', '70'),
(280, 134, 765, '1', '80'),
(279, 134, 84, '1', '100'),
(294, 136, 295, '1', '50'),
(293, 136, 88, '1', '150'),
(288, 137, 1040, '1', '40'),
(287, 137, 84, '1', '100'),
(292, 138, 101, '1', '80'),
(291, 138, 84, '1', '100'),
(302, 139, 40, '1', '0.001'),
(301, 139, 267, '1', '80'),
(300, 139, 40, '1', '60'),
(299, 139, 96, '1', '110'),
(303, 139, 1041, '1', '0.001'),
(307, 140, 822, '1', '40'),
(306, 140, 84, '1', '110'),
(311, 141, 541, '1', '40'),
(310, 141, 84, '1', '110'),
(315, 142, 263, '1', '80'),
(314, 142, 84, '1', '110'),
(319, 143, 646, '1', '40'),
(318, 143, 90, '1', '80'),
(327, 144, 40, '1', '0.001'),
(326, 144, 556, '1', '40'),
(325, 144, 40, '1', '60'),
(324, 144, 84, '1', '110'),
(328, 144, 1041, '1', '0.001'),
(340, 147, 330, '1', '50'),
(339, 147, 90, '1', '80'),
(336, 146, 641, '1', '40'),
(335, 146, 84, '1', '110'),
(349, 149, 630, '1', '120'),
(348, 149, 40, '1', '60'),
(347, 149, 80, '1', '160'),
(350, 149, 40, '1', '0.001'),
(354, 150, 797, '1', '40'),
(353, 150, 76, '1', '140'),
(358, 151, 124, '1', '50'),
(357, 151, 76, '1', '140'),
(370, 152, 40, '1', '0.001'),
(369, 152, 835, '1', '40'),
(368, 152, 40, '1', '60'),
(367, 152, 76, '1', '140'),
(375, 153, 40, '1', '0.001'),
(374, 153, 830, '1', '40'),
(373, 153, 40, '1', '60'),
(372, 153, 75, '1', '110'),
(371, 152, 1041, '1', '0.001'),
(376, 153, 1041, '1', '0.001'),
(377, 154, 92, '1', '140'),
(378, 155, 90, '1', '80'),
(379, 155, 970, '1', '40'),
(380, 156, 90, '1', '80'),
(381, 156, 103, '1', '40'),
(386, 159, 77, '1', '340'),
(393, 158, 81, '1', '290'),
(387, 159, 513, '1', '40'),
(388, 159, 40, '1', '0.001'),
(389, 159, 1041, '1', '0.001'),
(390, 160, 78, '1', '110'),
(392, 161, 86, '1', '90'),
(397, 162, 513, '1', '40'),
(396, 162, 77, '1', '340'),
(398, 163, 86, '1', '90'),
(399, 164, 96, '1', '110'),
(400, 164, 513, '1', '40'),
(401, 165, 97, '1', '250'),
(407, 166, 1041, '1', '0.001'),
(406, 166, 644, '1', '40'),
(405, 166, 94, '1', '80'),
(409, 167, 97, '1', '250'),
(410, 168, 77, '1', '340'),
(411, 168, 40, '1', '0.001'),
(412, 169, 76, '1', '140'),
(413, 169, 40, '1', '0.001'),
(414, 169, 1041, '1', '0.001'),
(415, 170, 74, '1', '110'),
(416, 170, 493, '1', '40'),
(417, 171, 90, '1', '80');

-- --------------------------------------------------------

--
-- Table structure for table `order_process_status`
--

CREATE TABLE `order_process_status` (
  `process_id` int(11) NOT NULL,
  `order_id` int(11) NOT NULL,
  `process_status` enum('0','1','2','3','4','5','6') COLLATE utf8_unicode_ci NOT NULL COMMENT '0=start trip,1=on the way,2=reach at destination,3=start a job,4=take a snap,5=finish job,6=finish job'
) ENGINE=MyISAM DEFAULT CHARSET=utf8 COLLATE=utf8_unicode_ci;

--
-- Dumping data for table `order_process_status`
--

INSERT INTO `order_process_status` (`process_id`, `order_id`, `process_status`) VALUES
(1, 1, '0'),
(2, 1, '1'),
(3, 1, '2'),
(4, 1, '3'),
(5, 1, '4'),
(6, 1, '5'),
(7, 3, '0'),
(8, 3, '1'),
(9, 3, '2'),
(10, 3, '3'),
(11, 3, '4'),
(12, 3, '5'),
(13, 2, '0'),
(14, 2, '1'),
(15, 2, '1'),
(16, 2, '1'),
(17, 2, '2'),
(18, 2, '3'),
(19, 2, '4'),
(20, 2, '5'),
(21, 4, '0'),
(22, 4, '1'),
(23, 4, '2'),
(24, 4, '3'),
(25, 4, '4'),
(26, 4, '5'),
(27, 8, '0'),
(28, 8, '1'),
(29, 8, '2'),
(30, 8, '3'),
(31, 8, '4'),
(32, 8, '5'),
(33, 19, '0'),
(34, 19, '1'),
(35, 19, '2'),
(36, 19, '3'),
(37, 19, '4'),
(38, 19, '5'),
(39, 45, '0'),
(40, 45, '1'),
(41, 45, '2'),
(42, 45, '3'),
(43, 45, '4'),
(44, 43, '0'),
(45, 43, '1'),
(46, 43, '2'),
(47, 43, '3'),
(48, 43, '4'),
(49, 43, '5'),
(50, 44, '0'),
(51, 44, '1'),
(52, 44, '2'),
(53, 44, '3'),
(54, 44, '4'),
(55, 44, '5'),
(56, 46, '0'),
(57, 46, '1'),
(58, 46, '2'),
(59, 46, '3'),
(60, 46, '4'),
(61, 46, '5'),
(62, 48, '0'),
(63, 48, '1'),
(64, 49, '0'),
(65, 49, '1'),
(66, 49, '2'),
(67, 49, '3'),
(68, 49, '4'),
(69, 49, '5'),
(70, 52, '0'),
(71, 52, '1'),
(72, 52, '2'),
(73, 52, '3'),
(74, 52, '4'),
(75, 52, '5'),
(76, 54, '0'),
(77, 54, '1'),
(78, 54, '2'),
(79, 54, '3'),
(80, 54, '4'),
(81, 54, '5'),
(82, 56, '0'),
(83, 56, '1'),
(84, 56, '2'),
(85, 56, '3'),
(86, 56, '4'),
(87, 56, '5'),
(88, 57, '0'),
(89, 57, '1'),
(90, 57, '2'),
(91, 57, '3'),
(92, 57, '4'),
(93, 57, '5'),
(94, 58, '0'),
(95, 58, '1'),
(96, 58, '2'),
(97, 58, '3'),
(98, 58, '4'),
(99, 58, '5'),
(100, 59, '0'),
(101, 59, '1'),
(102, 59, '2'),
(103, 59, '3'),
(104, 59, '4'),
(105, 59, '5'),
(106, 62, '0'),
(107, 62, '1'),
(108, 62, '1'),
(109, 62, '1'),
(110, 62, '1'),
(111, 62, '1'),
(112, 62, '2'),
(113, 62, '3'),
(114, 62, '4'),
(115, 62, '5'),
(116, 63, '0'),
(117, 63, '1'),
(118, 63, '2'),
(119, 63, '3'),
(120, 63, '4'),
(121, 63, '5'),
(122, 66, '0'),
(123, 66, '1'),
(124, 66, '2'),
(125, 66, '3'),
(126, 66, '4'),
(127, 66, '5'),
(128, 68, '0'),
(129, 68, '1'),
(130, 68, '2'),
(131, 68, '3'),
(132, 68, '4'),
(133, 68, '5'),
(134, 73, '0'),
(135, 73, '1'),
(136, 73, '2'),
(137, 73, '3'),
(138, 73, '4'),
(139, 73, '5'),
(140, 70, '0'),
(141, 70, '1'),
(142, 70, '2'),
(143, 70, '3'),
(144, 70, '4'),
(145, 70, '5'),
(146, 77, '0'),
(147, 77, '1'),
(148, 77, '2'),
(149, 77, '3'),
(150, 77, '4'),
(151, 77, '5'),
(152, 78, '0'),
(153, 78, '1'),
(154, 78, '2'),
(155, 78, '3'),
(156, 78, '4'),
(157, 78, '5'),
(158, 84, '0'),
(159, 84, '1'),
(160, 84, '2'),
(161, 84, '3'),
(162, 84, '4'),
(163, 84, '5'),
(164, 94, '0'),
(165, 94, '1'),
(166, 94, '2'),
(167, 94, '3'),
(168, 94, '4'),
(169, 94, '5'),
(170, 95, '0'),
(171, 95, '1'),
(172, 95, '2'),
(173, 95, '3'),
(174, 95, '4'),
(175, 95, '5'),
(176, 96, '0'),
(177, 96, '1'),
(178, 96, '2'),
(179, 96, '3'),
(180, 96, '4'),
(181, 96, '5'),
(182, 105, '0'),
(183, 105, '1'),
(184, 105, '2'),
(185, 105, '3'),
(186, 105, '4'),
(187, 105, '5'),
(188, 104, '0'),
(189, 104, '1'),
(190, 104, '2'),
(191, 104, '3'),
(192, 104, '4'),
(193, 104, '5'),
(194, 111, '0'),
(195, 111, '1'),
(196, 111, '2'),
(197, 111, '3'),
(198, 111, '4'),
(199, 111, '5'),
(200, 112, '0'),
(201, 112, '1'),
(202, 112, '2'),
(203, 112, '3'),
(204, 112, '4'),
(205, 112, '5'),
(206, 113, '0'),
(207, 113, '1'),
(208, 113, '2'),
(209, 113, '3'),
(210, 113, '4'),
(211, 113, '5'),
(212, 110, '0'),
(213, 110, '1'),
(214, 110, '2'),
(215, 110, '3'),
(216, 110, '4'),
(217, 110, '5'),
(218, 114, '0'),
(219, 114, '1'),
(220, 114, '2'),
(221, 114, '3'),
(222, 114, '4'),
(223, 114, '5'),
(224, 115, '0'),
(225, 115, '1'),
(226, 115, '2'),
(227, 115, '3'),
(228, 115, '4'),
(229, 115, '5'),
(230, 117, '0'),
(231, 117, '1'),
(232, 117, '2'),
(233, 117, '3'),
(234, 117, '4'),
(235, 117, '5'),
(236, 118, '0'),
(237, 118, '1'),
(238, 118, '2'),
(239, 118, '3'),
(240, 118, '4'),
(241, 118, '5'),
(242, 116, '0'),
(243, 116, '1'),
(244, 116, '2'),
(245, 116, '3'),
(246, 116, '4'),
(247, 116, '5'),
(248, 119, '0'),
(249, 119, '1'),
(250, 119, '2'),
(251, 119, '3'),
(252, 119, '4'),
(253, 119, '5'),
(254, 109, '0'),
(255, 109, '1'),
(256, 109, '2'),
(257, 109, '3'),
(258, 109, '4'),
(259, 109, '5'),
(260, 123, '0'),
(261, 123, '1'),
(262, 123, '2'),
(263, 123, '3'),
(264, 123, '4'),
(265, 123, '5'),
(266, 124, '0'),
(267, 124, '1'),
(268, 124, '2'),
(269, 124, '3'),
(270, 124, '4'),
(271, 124, '5'),
(272, 125, '0'),
(273, 125, '1'),
(274, 125, '2'),
(275, 125, '3'),
(276, 125, '4'),
(277, 125, '5'),
(278, 127, '0'),
(279, 127, '1'),
(280, 127, '2'),
(281, 127, '3'),
(282, 127, '4'),
(283, 127, '5'),
(284, 128, '0'),
(285, 128, '1'),
(286, 128, '2'),
(287, 128, '3'),
(288, 128, '4'),
(289, 128, '5'),
(290, 130, '0'),
(291, 130, '1'),
(292, 130, '2'),
(293, 130, '3'),
(294, 130, '4'),
(295, 130, '5'),
(296, 132, '0'),
(297, 132, '1'),
(298, 132, '2'),
(299, 132, '3'),
(300, 132, '4'),
(301, 132, '5'),
(302, 133, '0'),
(303, 133, '1'),
(304, 133, '2'),
(305, 133, '3'),
(306, 133, '4'),
(307, 133, '5'),
(308, 134, '0'),
(309, 134, '1'),
(310, 134, '2'),
(311, 134, '3'),
(312, 134, '4'),
(313, 134, '5'),
(314, 137, '0'),
(315, 137, '1'),
(316, 137, '2'),
(317, 137, '3'),
(318, 137, '4'),
(319, 137, '5'),
(320, 138, '0'),
(321, 138, '1'),
(322, 138, '2'),
(323, 138, '3'),
(324, 138, '4'),
(325, 138, '5'),
(326, 136, '0'),
(327, 136, '1'),
(328, 136, '2'),
(329, 136, '3'),
(330, 136, '4'),
(331, 136, '5'),
(332, 139, '0'),
(333, 139, '1'),
(334, 139, '2'),
(335, 139, '3'),
(336, 139, '4'),
(337, 139, '5'),
(338, 140, '0'),
(339, 140, '1'),
(340, 140, '2'),
(341, 140, '3'),
(342, 140, '4'),
(343, 140, '5'),
(344, 141, '0'),
(345, 141, '1'),
(346, 141, '2'),
(347, 141, '3'),
(348, 141, '4'),
(349, 141, '5'),
(350, 142, '0'),
(351, 142, '1'),
(352, 142, '2'),
(353, 142, '3'),
(354, 142, '4'),
(355, 142, '5'),
(356, 143, '0'),
(357, 143, '1'),
(358, 143, '2'),
(359, 143, '3'),
(360, 143, '4'),
(361, 143, '5'),
(362, 144, '0'),
(363, 144, '1'),
(364, 144, '2'),
(365, 144, '3'),
(366, 144, '4'),
(367, 144, '5'),
(368, 146, '0'),
(369, 146, '1'),
(370, 146, '2'),
(371, 146, '3'),
(372, 146, '4'),
(373, 146, '5'),
(374, 147, '0'),
(375, 147, '1'),
(376, 147, '2'),
(377, 147, '3'),
(378, 147, '4'),
(379, 147, '5'),
(380, 149, '0'),
(381, 149, '1'),
(382, 149, '2'),
(383, 149, '3'),
(384, 149, '4'),
(385, 149, '5'),
(386, 150, '0'),
(387, 150, '1'),
(388, 150, '2'),
(389, 150, '3'),
(390, 150, '4'),
(391, 150, '5'),
(392, 151, '0'),
(393, 151, '1'),
(394, 151, '2'),
(395, 151, '3'),
(396, 151, '4'),
(397, 151, '5'),
(398, 152, '0'),
(399, 152, '1'),
(400, 152, '2'),
(401, 152, '3'),
(402, 152, '4'),
(403, 152, '5'),
(404, 153, '0'),
(405, 153, '1'),
(406, 153, '2'),
(407, 153, '3'),
(408, 153, '4'),
(409, 153, '5'),
(410, 154, '0'),
(411, 154, '1'),
(412, 154, '2'),
(413, 157, '0'),
(414, 157, '1'),
(415, 157, '1'),
(416, 157, '1'),
(417, 157, '1'),
(418, 157, '1'),
(419, 157, '1'),
(420, 157, '1'),
(421, 157, '1'),
(422, 157, '1'),
(423, 157, '1'),
(424, 157, '1'),
(425, 157, '1'),
(426, 158, '0'),
(427, 158, '1'),
(428, 158, '1'),
(429, 158, '1'),
(430, 158, '1'),
(431, 158, '1'),
(432, 158, '1'),
(433, 158, '1'),
(434, 158, '1'),
(435, 158, '1'),
(436, 158, '1'),
(437, 161, '0'),
(438, 161, '1'),
(439, 161, '2'),
(440, 161, '3'),
(441, 161, '4'),
(442, 161, '5'),
(443, 158, '1'),
(444, 158, '1'),
(445, 158, '1'),
(446, 158, '1'),
(447, 158, '1'),
(448, 158, '1'),
(449, 158, '2'),
(450, 158, '3'),
(451, 158, '4'),
(452, 158, '5'),
(453, 166, '0'),
(454, 166, '1'),
(455, 166, '2'),
(456, 166, '3'),
(457, 166, '4'),
(458, 166, '5'),
(459, 167, '0'),
(460, 167, '1'),
(461, 167, '2'),
(462, 167, '3'),
(463, 167, '4'),
(464, 167, '5');

-- --------------------------------------------------------

--
-- Table structure for table `promocode`
--

CREATE TABLE `promocode` (
  `id` int(11) NOT NULL,
  `description` text NOT NULL,
  `u_id` int(11) NOT NULL,
  `promocode` text NOT NULL,
  `image` text DEFAULT NULL,
  `start_date` date NOT NULL,
  `end_date` date NOT NULL,
  `discount` int(11) NOT NULL
) ENGINE=InnoDB DEFAULT CHARSET=utf8mb4;

--
-- Dumping data for table `promocode`
--

INSERT INTO `promocode` (`id`, `description`, `u_id`, `promocode`, `image`, `start_date`, `end_date`, `discount`) VALUES
(97, 'test', 104, 'test promo', 'uploads/gettyimages-637623678-612x61214.jpg', '2020-11-23', '2020-12-12', 12),
(98, '15% off', 104, 'p15', 'uploads/gettyimages-637623678-612x61215.jpg', '2020-11-23', '2020-12-03', 15),
(99, 'image testing', 104, 'test24', 'uploads/gettyimages-637623678-612x61216.jpg', '2020-11-23', '2020-12-04', 12),
(100, 'test promo codes ', 107, 'xcdfg', 'uploads/Capture001.png', '2020-11-25', '2020-11-26', 10),
(101, 'test entry for checking', 107, 'xdsdf', 'uploads/WhatsApp_Image_2020-11-04_at_12_48_25.jpeg', '2020-11-29', '2020-12-02', 10),
(102, 'testing', 90, '12', 'uploads/Screenshot_(371).png', '2020-12-02', '2020-12-03', 0),
(107, 'for testing', 104, '12', 'uploads/Screenshot_(371)3.png', '2020-12-02', '2020-12-03', 0);

-- --------------------------------------------------------

--
-- Table structure for table `referralcode`
--

CREATE TABLE `referralcode` (
  `id` int(11) NOT NULL,
  `u_id` int(11) NOT NULL,
  `referralcode` text NOT NULL
) ENGINE=InnoDB DEFAULT CHARSET=utf8mb4;

--
-- Dumping data for table `referralcode`
--

INSERT INTO `referralcode` (`id`, `u_id`, `referralcode`) VALUES
(1, 104, 'some thing1'),
(3, 102, 'ttererer'),
(8, 105, 'some thing2');

-- --------------------------------------------------------

--
-- Table structure for table `snaps`
--

CREATE TABLE `snaps` (
  `snap_id` int(11) NOT NULL,
  `order_id` int(11) NOT NULL,
  `img` text COLLATE utf8_unicode_ci NOT NULL
) ENGINE=MyISAM DEFAULT CHARSET=utf8 COLLATE=utf8_unicode_ci;

--
-- Dumping data for table `snaps`
--

INSERT INTO `snaps` (`snap_id`, `order_id`, `img`) VALUES
(1, 1, 'uploads/image26'),
(2, 3, 'uploads/image31'),
(3, 2, 'uploads/image35'),
(4, 4, 'uploads/image36'),
(5, 8, 'uploads/image56'),
(6, 19, 'uploads/image57'),
(7, 45, 'uploads/image58'),
(8, 43, 'uploads/image59'),
(9, 44, 'uploads/image60'),
(10, 46, 'uploads/image62'),
(11, 49, 'uploads/image63'),
(12, 52, 'uploads/image64'),
(13, 54, 'uploads/image65'),
(14, 56, 'uploads/image67'),
(15, 57, 'uploads/image68'),
(16, 58, 'uploads/image69'),
(17, 59, 'uploads/image70'),
(18, 62, 'uploads/image71'),
(19, 63, 'uploads/image73'),
(20, 66, 'uploads/image80'),
(21, 68, 'uploads/image81'),
(22, 73, 'uploads/image82'),
(23, 70, 'uploads/image83'),
(24, 77, 'uploads/image85'),
(25, 78, 'uploads/image86'),
(26, 84, 'uploads/image89'),
(27, 94, 'uploads/image90'),
(28, 95, 'uploads/image92'),
(29, 96, 'uploads/image93'),
(30, 105, 'uploads/image94'),
(31, 104, 'uploads/image95'),
(32, 111, 'uploads/image96'),
(33, 112, 'uploads/image97'),
(34, 113, 'uploads/image98'),
(35, 110, 'uploads/image99'),
(36, 114, 'uploads/'),
(37, 115, 'uploads/'),
(38, 117, 'uploads/'),
(39, 118, 'uploads/'),
(40, 116, 'uploads/'),
(41, 119, 'uploads/'),
(42, 109, 'uploads/'),
(43, 123, 'uploads/'),
(44, 124, 'uploads/'),
(45, 125, 'uploads/'),
(46, 127, 'uploads/'),
(47, 128, 'uploads/'),
(48, 130, 'uploads/'),
(49, 132, 'uploads/'),
(50, 133, 'uploads/'),
(51, 134, 'uploads/'),
(52, 137, 'uploads/'),
(53, 138, 'uploads/'),
(54, 136, 'uploads/'),
(55, 139, 'uploads/'),
(56, 140, 'uploads/'),
(57, 141, 'uploads/'),
(58, 142, 'uploads/'),
(59, 143, 'uploads/'),
(60, 144, 'uploads/'),
(61, 146, 'uploads/'),
(62, 147, 'uploads/'),
(63, 149, 'uploads/'),
(64, 150, 'uploads/'),
(65, 151, 'uploads/'),
(66, 152, 'uploads/'),
(67, 153, 'uploads/'),
(68, 161, 'uploads/'),
(69, 158, 'uploads/'),
(70, 166, 'uploads/'),
(71, 167, 'uploads/');

-- --------------------------------------------------------

--
-- Table structure for table `states`
--

CREATE TABLE `states` (
  `state_id` int(11) NOT NULL,
  `state_name` text NOT NULL
) ENGINE=InnoDB DEFAULT CHARSET=latin1;

--
-- Dumping data for table `states`
--

INSERT INTO `states` (`state_id`, `state_name`) VALUES
(1, 'Abu Dhabi'),
(2, 'Dubai'),
(3, 'Ajman'),
(4, 'Fujairah'),
(5, 'Ras al Khaimah'),
(6, 'Sharjah'),
(7, 'Umm al Quwain');

-- --------------------------------------------------------

--
-- Table structure for table `submenu`
--

CREATE TABLE `submenu` (
  `id` int(3) NOT NULL,
  `parentid` int(3) NOT NULL,
  `subpagename` varchar(30) NOT NULL,
  `pageurl` varchar(50) NOT NULL
) ENGINE=InnoDB DEFAULT CHARSET=latin1;

--
-- Dumping data for table `submenu`
--

INSERT INTO `submenu` (`id`, `parentid`, `subpagename`, `pageurl`) VALUES
(2, 2, 'User Management', 'Employee'),
(8, 2, 'Customers', 'Customers'),
(43, 2, 'Vendor', 'Vendors');

-- --------------------------------------------------------

--
-- Table structure for table `surveys`
--

CREATE TABLE `surveys` (
  `survey_id` int(11) NOT NULL,
  `order_id` int(11) NOT NULL,
  `date` date NOT NULL,
  `name` text DEFAULT NULL,
  `comments` text DEFAULT NULL,
  `rating` int(11) NOT NULL,
  `u_id` int(11) NOT NULL
) ENGINE=InnoDB DEFAULT CHARSET=utf8mb4;

--
-- Dumping data for table `surveys`
--

INSERT INTO `surveys` (`survey_id`, `order_id`, `date`, `name`, `comments`, `rating`, `u_id`) VALUES
(4, 12, '2020-11-03', 'waqas', 'no comments', 4, 103),
(5, 157, '2020-11-03', 'Jfjfjyy', '', 3, 104),
(6, 157, '2020-11-03', 'Gsjtaj', '', 3, 104),
(7, 157, '2020-11-03', 'Sfjtsk', '', 3, 104),
(8, 157, '2020-11-03', 'Sfjtsk', '', 3, 104),
(9, 157, '2020-11-03', 'Test', 'Very bad', 3, 104),
(10, 157, '2020-11-04', 'Trst', 'Tyynjiu', 3, 104),
(11, 157, '2020-11-04', 'Test', 'Ertrtr', 3, 104),
(12, 160, '2020-11-11', 'Tesy', 'Tegsydby', 3, 698),
(13, 161, '2020-11-12', '6777', 'Tfggg', 5, 699),
(14, 159, '2020-11-13', NULL, NULL, 2, 104),
(15, 159, '2020-11-13', NULL, NULL, 3, 104),
(16, 159, '2020-11-13', 'Test', '', 3, 104),
(17, 159, '2020-11-13', NULL, NULL, 4, 104),
(18, 159, '2020-11-13', NULL, NULL, 4, 104),
(19, 159, '2020-11-13', NULL, NULL, 4, 104),
(20, 159, '2020-11-13', 'Hndhx', '', 3, 104),
(21, 163, '2020-11-30', NULL, NULL, 4, 699),
(22, 164, '2020-12-01', NULL, NULL, 3, 104),
(23, 165, '2020-12-03', NULL, NULL, 3, 104),
(24, 166, '2020-12-26', NULL, NULL, 5, 107),
(25, 167, '2021-01-05', NULL, NULL, 5, 107),
(26, 169, '2021-02-02', NULL, NULL, 5, 107);

-- --------------------------------------------------------

--
-- Table structure for table `survey_details`
--

CREATE TABLE `survey_details` (
  `survey_details_id` int(11) NOT NULL,
  `survey_id` int(11) NOT NULL,
  `question_id` int(11) NOT NULL,
  `answer` text NOT NULL
) ENGINE=InnoDB DEFAULT CHARSET=utf8mb4;

--
-- Dumping data for table `survey_details`
--

INSERT INTO `survey_details` (`survey_details_id`, `survey_id`, `question_id`, `answer`) VALUES
(7, 4, 9, 'answer of 1'),
(8, 4, 9, 'answer of 2'),
(9, 5, 6, '???? Very satisfied'),
(10, 5, 9, '???? Very satisfied'),
(11, 6, 6, '???? Very unsatisfied'),
(12, 6, 9, '???? Very satisfied'),
(13, 7, 6, '???? Very satisfied'),
(14, 7, 9, '???? Very satisfied'),
(15, 8, 6, '???? Very satisfied'),
(16, 8, 9, '???? Very satisfied'),
(17, 9, 6, '???? Very unsatisfied'),
(18, 9, 9, '???? Very unsatisfied'),
(19, 10, 6, '???? Very satisfied'),
(20, 10, 9, '???? Very satisfied'),
(21, 11, 6, '???? Very satisfied'),
(22, 11, 9, '???? Very satisfied'),
(23, 12, 6, '???? Very satisfied'),
(24, 12, 9, '???? Natural'),
(25, 13, 6, '???? Natural'),
(26, 13, 9, '???? Natural'),
(27, 16, 10, '???? Very satisfied'),
(28, 20, 10, '???? Very satisfied');

-- --------------------------------------------------------

--
-- Table structure for table `timeslot`
--

CREATE TABLE `timeslot` (
  `id` int(11) NOT NULL,
  `from_time` int(11) NOT NULL,
  `to_time` int(11) NOT NULL,
  `date` date NOT NULL,
  `price` text NOT NULL,
  `status` varchar(15) NOT NULL DEFAULT 'Active',
  `timeslot_naration` text NOT NULL
) ENGINE=InnoDB DEFAULT CHARSET=latin1;

--
-- Dumping data for table `timeslot`
--

INSERT INTO `timeslot` (`id`, `from_time`, `to_time`, `date`, `price`, `status`, `timeslot_naration`) VALUES
(1, 8, 9, '0000-00-00', '', 'InActive', '08:00am - 09:00am'),
(2, 9, 10, '0000-00-00', '', 'InActive', '09:00am - 10:00am'),
(3, 10, 11, '0000-00-00', '', 'Active', '10:00am - 11:00am'),
(4, 11, 12, '0000-00-00', '', 'Active', '11:00am - 12:00pm'),
(5, 12, 13, '0000-00-00', '', 'InActive', '12:00pm - 01:00pm'),
(6, 13, 14, '0000-00-00', '', 'InActive', '01:00pm - 02:00pm'),
(7, 14, 15, '0000-00-00', '', 'InActive', '02:00pm - 03:00pm'),
(8, 15, 16, '0000-00-00', '', 'Active', '03:00pm - 04:00pm'),
(10, 7, 8, '0000-00-00', '', 'InActive', '07:00am - 08:00am'),
(11, 16, 17, '0000-00-00', '', 'Active', '04:00pm - 05:00pm'),
(12, 17, 18, '0000-00-00', '', 'Active', '05:00pm - 06:00pm'),
(13, 18, 19, '0000-00-00', '', 'Active', '06:00pm - 07:00pm'),
(14, 19, 20, '0000-00-00', '', 'Active', '07:00pm - 08:00pm'),
(15, 20, 21, '0000-00-00', '', 'Active', '08:00pm - 09:00pm'),
(16, 21, 22, '0000-00-00', '', 'Active', '09:00pm - 10:00pm'),
(17, 22, 23, '0000-00-00', '', 'InActive', '10:00pm - 11:00pm');

-- --------------------------------------------------------

--
-- Table structure for table `timeslotprice`
--

CREATE TABLE `timeslotprice` (
  `timeslotpriceid` int(11) NOT NULL,
  `timeslot_id` int(11) NOT NULL,
  `timeSlotDate` date NOT NULL,
  `TimeSlotPrice` text COLLATE utf8_unicode_ci NOT NULL
) ENGINE=MyISAM DEFAULT CHARSET=utf8 COLLATE=utf8_unicode_ci;

--
-- Dumping data for table `timeslotprice`
--

INSERT INTO `timeslotprice` (`timeslotpriceid`, `timeslot_id`, `timeSlotDate`, `TimeSlotPrice`) VALUES
(64, 14, '2020-09-01', '50'),
(59, 4, '2020-09-01', '50'),
(60, 8, '2020-09-01', '50'),
(61, 11, '2020-09-01', '50'),
(62, 12, '2020-09-01', '50'),
(63, 13, '2020-09-01', '50'),
(58, 3, '2020-09-01', '50'),
(65, 15, '2020-09-01', '50'),
(66, 16, '2020-09-01', '50');

-- --------------------------------------------------------

--
-- Table structure for table `type`
--

CREATE TABLE `type` (
  `id` int(11) NOT NULL,
  `name` text NOT NULL
) ENGINE=InnoDB DEFAULT CHARSET=latin1;

--
-- Dumping data for table `type`
--

INSERT INTO `type` (`id`, `name`) VALUES
(1, '5000'),
(2, '7000'),
(3, '10000'),
(4, '20000');

-- --------------------------------------------------------

--
-- Table structure for table `users`
--

CREATE TABLE `users` (
  `u_id` int(11) NOT NULL,
  `name` text NOT NULL,
  `phone_no` text NOT NULL,
  `email` text NOT NULL,
  `dp` text NOT NULL,
  `joining_date` datetime NOT NULL,
  `password` text NOT NULL,
  `ref_code` text DEFAULT NULL,
  `session` text NOT NULL,
  `user_status` enum('0','1','2','3') NOT NULL DEFAULT '0' COMMENT '0=User,1=Admin,2=Employee,3=Vendor',
  `dashboard` enum('0','1') NOT NULL DEFAULT '0' COMMENT '0=Hide,1=Show',
  `country` text NOT NULL,
  `state` int(11) NOT NULL,
  `Address` text NOT NULL,
  `licenscopy_front` text NOT NULL,
  `licenscopy_back` text NOT NULL,
  `idcopy_front` text NOT NULL,
  `idcopy_back` text NOT NULL,
  `user_privilidge` enum('0','1') NOT NULL DEFAULT '0' COMMENT '0=Active,1=Block',
  `device_token` text NOT NULL,
  `cardno` text NOT NULL,
  `expiry` text NOT NULL,
  `vcc` text NOT NULL,
  `login_time` text NOT NULL,
  `version` text NOT NULL,
  `platform` text NOT NULL,
  `social_logins` enum('normal','fb','google','apple') NOT NULL DEFAULT 'normal',
  `lati` text NOT NULL,
  `longi` text NOT NULL
) ENGINE=InnoDB DEFAULT CHARSET=latin1;

--
-- Dumping data for table `users`
--

INSERT INTO `users` (`u_id`, `name`, `phone_no`, `email`, `dp`, `joining_date`, `password`, `ref_code`, `session`, `user_status`, `dashboard`, `country`, `state`, `Address`, `licenscopy_front`, `licenscopy_back`, `idcopy_front`, `idcopy_back`, `user_privilidge`, `device_token`, `cardno`, `expiry`, `vcc`, `login_time`, `version`, `platform`, `social_logins`, `lati`, `longi`) VALUES
(18, 'admin', '', 'admin@gmail.com', '', '2021-03-12 16:35:14', '40bd001563085fc35165329ea1ff5c5ecbdbbeef', NULL, '58cb043b2ddf4b936c9026ee28ebe698', '1', '1', '', 0, '', '', '', '', '', '0', '', '', '', '', '1620022845', '', '', 'normal', '33.5493334', '73.1240973'),
(60, '', '+923325444417', '', '', '2021-05-17 10:55:37', '8e29f9afd4786842eaf1a3dcf411f6bb57a2c468', NULL, 'e1e64de71762c7635a063af75a82d25c', '3', '0', '', 0, '', '', '', '', '', '0', '', '', '', '', '', '', '', 'normal', '', ''),
(61, 'Za Qa', '+923051370433', '', 'uploads/image0.7731726922425978', '2021-05-18 12:32:11', '7c222fb2927d828af22f592134e8932480637c0d', NULL, '7412a4336bcc5fbe66f4bce1d79aeb80', '0', '0', '', 0, '', '', '', '', '', '0', 'daCirPwiS4uWfJSgmdKmJj:APA91bFEScT-fh7clr-bYICKcygI-uIqrOd_tpq0I7KVxeJVH2opKA0IeVdTthW9XqlYGLqlIE5kL3G-sk1b6tQyflNahNWWCLBzRpxREa7rm4GZhtQ69zXbBZf_UBe_D6T_SMwdFpcY', '', '', '', '', '', '', 'normal', '', ''),
(63, 'Zubair Talib', '+923412808038', '', 'uploads/image0.2003786525376061', '2021-05-23 05:17:31', '7c222fb2927d828af22f592134e8932480637c0d', NULL, 'da18b08456189b4362ead8d7dbd7c887', '0', '0', '', 0, '', '', '', '', '', '0', 'eRkuvJ26SP2NQvazJWNvbl:APA91bEPEPiWV412K9xkAD-j--3feJS6KjaZrM74KKr2TNpP2QpHwnPlocD1czayggrRWHaa9rHP6DBiLxsXs6UEoS49d78VB_skj9d7fNh77JV42mC1LhyOVSwI1LLP-fAWtLmE7DiW', '', '', '', '', '', '', 'normal', '', '');

-- --------------------------------------------------------

--
-- Table structure for table `user_rights`
--

CREATE TABLE `user_rights` (
  `id` int(11) NOT NULL,
  `u_id` int(11) NOT NULL,
  `page_id` int(11) NOT NULL
) ENGINE=InnoDB DEFAULT CHARSET=latin1;

--
-- Dumping data for table `user_rights`
--

INSERT INTO `user_rights` (`id`, `u_id`, `page_id`) VALUES
(71, 3, 1),
(72, 3, 2),
(73, 3, 3),
(85, 10, 2),
(91, 11, 23),
(92, 11, 25),
(96, 6, 2),
(97, 6, 8),
(98, 6, 23),
(99, 6, 24),
(100, 6, 25),
(104, 21, 2),
(105, 21, 8),
(106, 21, 25),
(107, 94, 2),
(108, 94, 8),
(109, 94, 23),
(110, 94, 24),
(111, 94, 25),
(112, 94, 26),
(113, 94, 27),
(114, 94, 28),
(115, 94, 29),
(116, 94, 30),
(117, 183, 2),
(118, 183, 8),
(119, 183, 23),
(120, 183, 24),
(121, 183, 25),
(122, 183, 26),
(123, 183, 27),
(124, 183, 28),
(125, 183, 29),
(126, 183, 30),
(127, 183, 31),
(128, 183, 32),
(141, 193, 23),
(142, 193, 24),
(143, 193, 25),
(144, 193, 29),
(145, 193, 30),
(146, 193, 31),
(147, 193, 32),
(148, 90, 2),
(149, 90, 8),
(150, 90, 23),
(151, 90, 24),
(152, 90, 25),
(153, 90, 26),
(154, 90, 27),
(155, 90, 28),
(156, 90, 29),
(157, 90, 30),
(158, 90, 31),
(159, 90, 32),
(160, 90, 33),
(161, 90, 34),
(176, 184, 2),
(177, 184, 8),
(178, 184, 23),
(179, 184, 24),
(180, 184, 25),
(181, 184, 26),
(182, 184, 27),
(183, 184, 28),
(184, 184, 29),
(185, 184, 30),
(186, 184, 31),
(187, 184, 32),
(188, 184, 33),
(189, 184, 34),
(190, 184, 35),
(191, 184, 36),
(192, 184, 37),
(193, 184, 38),
(194, 184, 39),
(195, 184, 40),
(196, 700, 2),
(197, 700, 8),
(198, 700, 23),
(199, 700, 24),
(200, 700, 25),
(201, 700, 26),
(202, 700, 27),
(203, 700, 28),
(204, 700, 29),
(205, 700, 30),
(206, 700, 31),
(207, 700, 32),
(208, 700, 33),
(209, 700, 34),
(210, 700, 35),
(211, 700, 36),
(212, 700, 37),
(213, 700, 38),
(214, 700, 39),
(215, 700, 40),
(216, 700, 41),
(217, 700, 42),
(218, 41, 43),
(220, 45, 8),
(221, 45, 43);

-- --------------------------------------------------------

--
-- Table structure for table `vehicles`
--

CREATE TABLE `vehicles` (
  `vehicle_id` int(11) NOT NULL,
  `u_id` int(11) NOT NULL,
  `state_id` int(11) DEFAULT NULL,
  `plate_code` text DEFAULT NULL,
  `plate_no` text DEFAULT NULL,
  `make` text NOT NULL,
  `model` text NOT NULL,
  `color` text DEFAULT NULL,
  `mulkiya` text NOT NULL,
  `date` date NOT NULL,
  `year` text NOT NULL,
  `cartype` int(1) DEFAULT NULL
) ENGINE=InnoDB DEFAULT CHARSET=latin1;

--
-- Dumping data for table `vehicles`
--

INSERT INTO `vehicles` (`vehicle_id`, `u_id`, `state_id`, `plate_code`, `plate_no`, `make`, `model`, `color`, `mulkiya`, `date`, `year`, `cartype`) VALUES
(2, 103, 2, 'P', '68279', '87', '817', 'white', 'uploads/image24', '2020-06-01', '', 0),
(3, 106, 2, 'S', '90187', '87', '821', 'brown', 'uploads/image25', '2020-06-02', '', 0),
(4, 109, 2, 'D', '92675', '87', '807', 'silver', 'uploads/image27', '2020-06-02', '', 0),
(5, 110, 2, 'K', '98909', '12', '136', 'other', 'uploads/image28', '2020-06-03', '', 0),
(6, 110, 2, 'R', '77003', '88', '839', 'blue', 'uploads/image29', '2020-06-03', '', 0),
(7, 113, 1, '12', '48501', '27', '280', 'white', 'uploads/image30', '2020-06-03', '', 0),
(8, 120, 2, 'O', '22561', '45', '448', 'black', 'uploads/image32', '2020-06-04', '', 0),
(9, 126, 2, 'S', '18633', '22', '228', 'silver', 'uploads/image33', '2020-06-05', '', 0),
(10, 128, 2, 'D', '46355', '67', '661', 'silver', 'uploads/image34', '2020-06-05', '', 0),
(11, 135, 2, 'P', '68984', '87', '811', 'white', 'uploads/image37', '2020-06-05', '', 0),
(12, 122, 2, 'K', '23195', '65', '635', 'black', 'uploads/image38', '2020-06-05', '', 0),
(13, 138, 2, 'R', '92551', '50', '472', 'black', '', '2020-07-12', '2011', 0),
(14, 105, 2, 'M', '81910', '35', '327', 'black', 'uploads/image40', '2020-06-06', '', 0),
(15, 139, 2, 'O', '18956', '87', '817', 'white', 'uploads/image42', '2020-06-06', '', 0),
(16, 143, 2, 'M', '92397', '89', '858', 'grey', 'uploads/image48', '2020-06-06', '', 0),
(17, 144, 2, 'D', '4175', '67', '672', 'orange', 'uploads/image44', '2020-06-06', '', 0),
(20, 149, 2, 'F', '85059', '35', '331', 'grey', 'uploads/image49', '2020-06-07', '', 0),
(21, 157, 2, 'S', '58876', '16', '183', 'white', 'uploads/image50', '2020-06-07', '', 0),
(24, 162, 2, 'N', '39506', '67', '678', 'white', 'uploads/image53', '2020-06-08', '', 0),
(26, 164, 2, 'M', '98506', '27', '266', 'silver', 'uploads/image55', '2020-06-09', '', 0),
(27, 104, 0, 'Wg', '455', 'undefined', '118', NULL, '', '2020-11-05', '1994', 0),
(45, 185, 1, 'F', '39859', '65', '649', 'black', '', '2020-06-12', '2007', 0),
(49, 174, 2, 'K', '12345', '7', '85', 'white', '', '2020-06-12', '2016', 0),
(50, 181, 2, '8', '67130', '65', '635', 'silver', '', '2020-06-12', '2019', 0),
(51, 109, 2, 'D', '25809', '7', '85', 'black', '', '2020-06-12', '2015', 0),
(52, 188, 2, 'I', '60662', '64', '629', 'silver', '', '2020-06-12', '2008', 0),
(53, 188, 2, 'O', '40396', '52', '498', 'blue', '', '2020-06-12', '2012', 0),
(54, 195, 2, 'S', '36075', '35', '336', 'red', '', '2020-06-13', '2014', 0),
(55, 196, 2, 'P', '26947', '87', '807', 'silver', '', '2020-06-13', '2008', 0),
(56, 198, 2, 'P', '19947', '67', '672', 'white', '', '2020-06-13', '2016', 0),
(57, 201, 2, 'N', '10502', '67', '666', 'black', '', '2020-06-13', '2016', 0),
(58, 201, 1, '10', '33810', '67', '663', 'red', '', '2020-06-13', '2015', 0),
(60, 204, 2, 'Y', '250866', '22', '225', 'black', '', '2020-06-13', '2012', 0),
(61, 204, 2, 'Y', '58565', '87', '808', 'black', '', '2020-06-13', '2010', 0),
(62, 204, 2, 'Y', '22255', '87', '808', 'black', '', '2020-06-13', '2013', 0),
(63, 205, 2, 'O', '59292', '67', '681', 'silver', '', '2020-06-14', '2014', 0),
(64, 207, 2, 'K', '73540', '45', '446', 'black', '', '2020-06-14', '2016', 0),
(66, 210, 2, 'D', '39563', '51', '484', 'red', '', '2020-06-15', '2007', 0),
(67, 211, 2, 'E', '96037', '27', '270', 'other', '', '2020-06-15', '2009', 0),
(74, 218, 2, 'E', '78834', '35', '331', 'white', '', '2020-06-17', '2017', 0),
(75, 218, 2, 'E', '78334', '35', '331', 'white', '', '2020-06-17', '2011', 0),
(76, 219, 2, 'D', '66804', '87', '808', 'grey', '', '2020-06-17', '2020', 0),
(77, 220, 1, '11', '57619', '64', '630', 'grey', '', '2020-06-18', '2012', 0),
(79, 107, 2, 'G', '2666', '9', '117', 'red', '', '2020-06-18', '2011', 0),
(80, 229, 2, 'HH', '369825', '7', '84', 'white', '', '2020-06-19', '2012', 0),
(81, 231, 2, 'M', '98885', '12', '136', 'other', '', '2020-06-20', '2012', 0),
(82, 233, 2, 'D', '93004', '61', '556', 'white', '', '2020-06-20', '2014', 0),
(83, 234, 2, 'Q', '64373', '67', '679', 'silver', '', '2020-06-21', '2008', 0),
(84, 235, 2, 'P', '53775', '22', '228', 'black', '', '2020-06-21', '2014', 0),
(85, 236, 2, 'P', '66483', '35', '327', 'silver', '', '2020-06-21', '2008', 0),
(86, 237, 2, 'J', '92117', '65', '649', 'white', '', '2020-06-21', '2008', 0),
(87, 238, 2, 'L', '12254', '65', '649', 'white', '', '2020-06-21', '2013', 0),
(88, 239, 2, 'N', '25696', '65', '642', 'white', '', '2020-06-21', '2010', 0),
(89, 239, 2, 'M', '97904', '27', '266', 'brown', '', '2020-06-21', '2013', 0),
(90, 136, 2, 'N', '83261', '67', '679', 'silver', '', '2020-06-22', '2011', 0),
(91, 241, 2, 'O', '72094', '89', '869', 'silver', '', '2020-06-22', '2012', 0),
(92, 242, 2, 'I', '30925', '27', '285', 'orange', '', '2020-06-22', '2015', 0),
(93, 243, 2, 'U', '60475', '16', '171', 'white', '', '2020-06-22', '2016', 0),
(94, 244, 2, 'H', '67993', '27', '270', 'white', '', '2020-06-22', '2009', 0),
(97, 246, 3, 'A', '76299', '35', '331', 'red', '', '2020-06-23', '2010', 0),
(98, 247, 2, 'B', '83768', '67', '659', 'grey', '', '2020-06-23', '2013', 0),
(99, 248, 2, 'Q', '69506', '75', '729', 'black', '', '2020-06-23', '2020', 0),
(100, 249, 2, 'F', '14742', '45', '440', 'silver', '', '2020-06-23', '2014', 0),
(101, 250, 2, 'F', '46492', '61', '596', 'silver', '', '2020-06-23', '2007', 0),
(102, 146, 2, 'O', '73482', '67', '681', 'silver', '', '2020-06-23', '2015', 0),
(103, 251, 2, 'E', '50669', '35', '333', 'blue', '', '2020-06-23', '2017', 0),
(104, 252, 2, 'S', '13901', '65', '645', 'silver', '', '2020-06-23', '2015', 0),
(105, 253, 2, 'I', '92221', '12', '138', 'white', '', '2020-06-24', '2013', 0),
(106, 254, 2, 'J', '90997', '35', '327', 'white', '', '2020-06-24', '2008', 0),
(107, 255, 2, 'V', '38966', '87', '808', 'grey', '', '2020-06-24', '2015', 0),
(108, 257, 2, 'N', '60574', '27', '266', 'blue', '', '2020-06-24', '2011', 0),
(109, 258, 2, 'O', '84585', '88', '836', 'grey', '', '2020-06-25', '2012', 0),
(110, 259, 2, 'Q', '29957', '87', '808', 'silver', '', '2020-06-25', '2016', 0),
(111, 260, 2, 'C', '50087', '67', '659', 'silver', '', '2020-06-25', '2008', 0),
(112, 261, 2, 'N', '20175', '87', '808', 'white', '', '2020-06-25', '2015', 0),
(113, 261, 2, 'B', '40443', '87', '808', 'white', '', '2020-06-25', '2013', 0),
(114, 262, 2, 'D', '55961', '61', '556', 'white', '', '2020-06-25', '2013', 0),
(115, 265, 2, 'M', '77325', '4', '46', 'black', '', '2020-06-26', '2017', 0),
(116, 264, 2, 'O', '89693', '67', '679', 'red', '', '2020-06-26', '2009', 0),
(117, 267, 2, 'S', '69448', '67', '659', 'other', '', '2020-06-26', '2014', 0),
(118, 267, 2, 'P', '78631', '67', '676', 'black', '', '2020-06-26', '2009', 0),
(119, 267, 2, 'O', '78613', '65', '649', 'brown', '', '2020-06-26', '2013', 0),
(120, 268, 2, 'E', '15272', '35', '341', 'silver', '', '2020-06-26', '2013', 0),
(121, 268, 2, 'M', '58950', '51', '485', 'other', '', '2020-06-26', '2013', 0),
(122, 269, 2, 'C', '96844', '67', '678', 'silver', '', '2020-06-26', '2000', 0),
(123, 270, 6, '2', '70944', '67', '677', 'black', '', '2020-06-27', '2015', 0),
(124, 271, 2, 'G', '93062', '67', '681', 'white', '', '2020-06-27', '2009', 0),
(125, 272, 2, 'R', '16068', '61', '556', 'grey', '', '2020-06-27', '2016', 0),
(126, 273, 2, 'E', '38446', '27', '267', 'black', '', '2020-06-27', '2015', 0),
(127, 143, 2, 'S', '81930', '4', '46', 'white', '', '2020-06-27', '2007', 0),
(128, 275, 2, 'P', '44192', '67', '666', 'other', '', '2020-06-28', '2015', 0),
(129, 276, 2, 'W', '62393', '45', '448', 'red', '', '2020-06-28', '2019', 0),
(130, 277, 2, 'S', '26813', '59', '526', 'silver', '', '2020-06-28', '2014', 0),
(131, 278, 2, 'M', '53371', '22', '228', 'black', '', '2020-06-28', '2015', 0),
(132, 279, 2, 'M', '25578', '67', '670', 'black', '', '2020-06-28', '2014', 0),
(133, 280, 2, 'E', '55108', '67', '659', 'other', '', '2020-06-28', '2003', 0),
(134, 280, 2, 'K', '68226', '65', '649', 'other', '', '2020-06-28', '2010', 0),
(135, 281, 2, 'O', '2985', '7', '82', 'white', '', '2020-06-28', '2015', 0),
(136, 282, 2, 'Gfhn', '8856955', '7', '85', 'grey', '', '2020-06-28', '2019', 0),
(138, 283, 2, 'O', '77129', '78', '743', 'white', '', '2020-06-28', '2012', 0),
(139, 284, 2, 'D', '2555', '11', '122', 'blue', '', '2020-06-28', '2008', 0),
(140, 284, 2, 'S', '2535', '6', '71', 'grey', '', '2020-06-28', '2010', 0),
(141, 285, 6, 'N', '91550', '38', '356', 'red', '', '2020-06-28', '2011', 0),
(142, 286, 2, 'Q', '74736', '65', '642', 'white', '', '2020-06-28', '2013', 0),
(143, 287, 2, 'M', '16119', '67', '666', 'brown', '', '2020-06-29', '2013', 0),
(144, 288, 2, 'P', '80499', '45', '445', 'silver', '', '2020-06-29', '2015', 0),
(145, 289, 6, 'White', '56798', '51', '484', 'black', '', '2020-06-29', '2001', 0),
(146, 290, 2, 'E', '6833', '45', '446', 'grey', '', '2020-06-29', '2010', 0),
(147, 291, 1, '16', '83106', '61', '589', 'black', '', '2020-06-30', '2008', 0),
(148, 292, 2, 'W', '44578', '87', '828', 'other', '', '2020-06-30', '2005', 0),
(149, 293, 2, 'p', '37396', '1', '1', 'silver', '', '2020-06-30', '2007', 0),
(150, 296, 2, 'G', '16561', '87', '808', 'white', '', '2020-06-30', '2005', 0),
(151, 297, 2, 'L', '18911', '61', '562', 'silver', '', '2020-06-30', '2009', 0),
(154, 300, 2, 'E', '66735', '7', '79', 'white', '', '2020-07-01', '2015', 0),
(155, 301, 2, 'D', '35742', '27', '266', 'silver', '', '2020-07-01', '2009', 0),
(157, 302, 2, 'I', '11327', '87', '817', 'white', '', '2020-07-01', '2007', 0),
(158, 303, 2, 'C', '71079', '27', '283', 'grey', '', '2020-07-01', '2015', 0),
(159, 305, 2, 'L', '88720', '16', '171', 'white', '', '2020-07-01', '2014', 0),
(160, 304, 2, 'V', '46043', '67', '670', 'blue', '', '2020-07-01', '2014', 0),
(161, 308, 6, '3', '91207', '35', '331', 'grey', '', '2020-07-02', '2008', 0),
(162, 310, 2, 'G', '66890', '35', '331', 'white', '', '2020-07-03', '2014', 0),
(163, 311, 3, 'H', '96617', '27', '280', 'blue', '', '2020-07-04', '2016', 0),
(164, 313, 2, 'L', '14427', '51', '476', 'white', '', '2020-07-04', '2017', 0),
(165, 314, 2, 'M', '65647', '69', '692', 'silver', '', '2020-07-04', '2015', 0),
(166, 315, 2, 'S', '62231', '67', '659', 'grey', '', '2020-07-04', '2016', 0),
(167, 316, 2, 'P', '75875', '67', '670', 'black', '', '2020-07-04', '2014', 0),
(168, 300, 2, 'L', '48267', '59', '525', 'white', '', '2020-07-04', '2015', 0),
(169, 317, 2, 'L', '70489', '45', '440', 'white', '', '2020-07-04', '2015', 0),
(170, 318, 2, 'R', '991', '88', '843', 'silver', '', '2020-07-04', '2014', 0),
(171, 319, 2, 'M', '82691', '7', '108', 'brown', '', '2020-07-05', '2013', 0),
(172, 320, 2, 'D', '93794', '67', '681', 'blue', '', '2020-07-05', '2015', 0),
(173, 321, 2, 'C', '89426', '67', '659', 'white', '', '2020-07-05', '2012', 0),
(174, 322, 2, 'U', '96908', '88', '843', 'white', '', '2020-07-05', '2013', 0),
(175, 325, 1, 'AD', '285680', '6', '69', 'other', '', '2020-07-05', '2009', 0),
(176, 328, 2, 's', '75787', '16', '178', 'grey', '', '2020-07-06', '2017', 0),
(177, 329, 2, 'A', '66101', '17', '195', 'white', '', '2020-07-06', '2010', 0),
(178, 331, 2, 'N', '14751', '44', '425', 'silver', '', '2020-07-07', '2012', 0),
(179, 332, 2, 'P', '79652', '35', '327', 'black', '', '2020-07-07', '2014', 0),
(180, 333, 2, 'H', '63430', '27', '266', 'black', '', '2020-07-07', '2013', 0),
(181, 334, 2, 'D', '60563', '7', '85', 'grey', '', '2020-07-07', '2011', 0),
(182, 335, 2, 'A', '44782', '87', '826', 'black', '', '2020-07-07', '2016', 0),
(183, 336, 2, 'J', '99839', '7', '79', 'black', '', '2020-07-08', '2008', 0),
(184, 337, 2, 'D', '32989', '67', '663', 'white', '', '2020-07-08', '2015', 0),
(185, 338, 1, '8', '90592', '87', '828', 'white', '', '2020-07-08', '2011', 0),
(186, 339, 2, 'P', '71834', '4', '63', 'silver', '', '2020-07-08', '2009', 0),
(187, 156, 2, 'D', '32989', '67', '663', 'white', '', '2020-07-08', '2013', 0),
(188, 341, 2, 'D', '76331', '67', '659', 'silver', '', '2020-07-09', '2012', 0),
(189, 342, 2, 'E', '70417', '85', '796', 'grey', '', '2020-07-09', '2007', 0),
(190, 343, 2, 'G', '79045', '78', '743', 'brown', '', '2020-07-09', '2015', 0),
(191, 344, 2, 'L', '84717', '27', '283', 'grey', '', '2020-07-09', '2012', 0),
(192, 345, 2, 'q', '67453', '65', '642', 'white', '', '2020-07-09', '2016', 0),
(193, 346, 2, 'H', '89646', '16', '169', 'red', '', '2020-07-09', '2012', 0),
(194, 348, 2, 'F', '267363', '35', '331', 'black', '', '2020-07-09', '2012', 0),
(195, 347, 2, 'F', '278824', '35', '331', 'black', '', '2020-07-09', '2012', 0),
(196, 349, 2, 'J', '30996', '65', '649', 'black', '', '2020-07-09', '2017', 0),
(197, 351, 2, 'W', '91321', '16', '171', 'grey', '', '2020-07-10', '2015', 0),
(198, 340, 2, 'T', '22806', '35', '331', 'grey', '', '2020-07-10', '2017', 0),
(199, 352, 1, '16', '26833', '45', '440', 'silver', '', '2020-07-10', '2014', 0),
(200, 353, 2, 'R', '32380', '4', '41', 'white', '', '2020-07-11', '2016', 0),
(201, 354, 2, 'T', '67283', '67', '666', 'grey', '', '2020-07-11', '2015', 0),
(203, 199, 3, 'T', '2525', '61', '555', 'black', '', '2020-07-11', '2019', 0),
(204, 354, 2, 'H', '86782', '45', '432', 'skyblue', '', '2020-07-11', '2012', 0),
(205, 354, 2, 'S', '42357', '27', '270', 'black', '', '2020-07-11', '2017', 0),
(206, 356, 2, 'W', '63009', '27', '273', 'white', '', '2020-07-12', '2012', 0),
(209, 358, 2, 'W', '63124', '27', '267', 'white', '', '2020-07-12', '2009', 0),
(210, 360, 2, 'O', '93617', '67', '677', 'white', '', '2020-07-12', '2015', 0),
(211, 362, 2, 'Q', '72762', '67', '659', 'other', '', '2020-07-13', '2015', 0),
(212, 363, 2, 'F', '45266', '67', '659', 'white', '', '2020-07-13', '2015', 0),
(213, 364, 2, 'G', '14527', '87', '829', 'white', '', '2020-07-13', '2016', 0),
(214, 365, 2, 'V', '88574', '4', '40', 'grey', '', '2020-07-13', '2016', 0),
(216, 367, 6, '3', '47941', '88', '841', 'silver', '', '2020-07-14', '2012', 0),
(218, 370, 2, 'I', '29126', '87', '807', 'blue', '', '2020-07-14', '2004', 0),
(219, 373, 2, 'F', '5555', '27', '287', 'blue', '', '2020-07-15', '2011', 0),
(220, 374, 2, 'E', '82419', '35', '331', 'grey', '', '2020-07-15', '2009', 0),
(221, 376, 2, 'N', '89955', '35', '327', 'white', '', '2020-07-15', '2014', 0),
(222, 377, 2, 'N', '66091', '7', '85', 'grey', '', '2020-07-15', '2005', 0),
(223, 378, 2, 'I', '62188', '27', '280', 'silver', '', '2020-07-15', '2015', 0),
(224, 379, 2, 'E', '93196', '67', '680', 'white', '', '2020-07-15', '2015', 0),
(225, 380, 2, 'M', '41316', '44', '430', 'black', '', '2020-07-15', '2009', 0),
(226, 381, 2, 'P', '29716', '87', '804', 'white', '', '2020-07-16', '2009', 0),
(227, 382, 2, 'T', '79543', '87', '828', 'grey', '', '2020-07-16', '2012', 0),
(228, 383, 3, 'B', '70703', '87', '807', 'white', '', '2020-07-16', '2007', 0),
(230, 386, 2, 'W', '90045', '27', '280', 'black', '', '2020-07-17', '2012', 0),
(231, 384, 2, 'S', '79665', '65', '648', 'silver', '', '2020-07-17', '2016', 0),
(232, 387, 2, 'I', '21055', '88', '839', 'blue', '', '2020-07-17', '2017', 0),
(233, 389, 2, 'I', '80864', '67', '672', 'other', '', '2020-07-17', '2016', 0),
(234, 389, 2, 'H', '14474', '67', '672', 'grey', '', '2020-07-17', '2017', 0),
(235, 390, 2, 'K', '83766', '35', '333', 'silver', '', '2020-07-18', '2000', 0),
(236, 391, 2, 'S', '94079', '4', '36', 'white', '', '2020-07-18', '2018', 0),
(237, 392, 2, 'Q', '23311', '87', '810', 'white', '', '2020-07-18', '2014', 0),
(238, 256, 2, 'O', '19673', '65', '649', 'brown', '', '2020-07-18', '2014', 0),
(239, 393, 2, 'C', '6568', '67', '657', 'silver', '', '2020-07-18', '2013', 0),
(240, 394, 2, 'T', '71235', '89', '869', 'white', '', '2020-07-19', '2014', 0),
(241, 395, 2, 'i', '80216', '35', '331', 'white', '', '2020-07-19', '2007', 0),
(242, 397, 2, 'T', '36945', '4', '40', 'white', '', '2020-07-19', '2016', 0),
(243, 398, 2, 'A', '631', '87', '814', 'white', '', '2020-07-20', '2008', 0),
(244, 398, 1, '6', '37000', '67', '672', 'white', '', '2020-07-20', '2016', 0),
(245, 399, 2, 'k', '61099', '51', '479', 'silver', '', '2020-07-20', '2010', 0),
(246, 401, 2, 'P', '92621', '27', '267', 'black', '', '2020-07-20', '2012', 0),
(247, 402, 2, 'U', '80628', '65', '642', 'silver', '', '2020-07-20', '2016', 0),
(248, 407, 2, 'I', '99827', '65', '649', 'other', '', '2020-07-21', '2008', 0),
(250, 408, 2, 'B', '65398', '67', '667', 'white', '', '2020-07-21', '2019', 0),
(251, 409, 5, 'C', '12358', '35', '331', 'other', '', '2020-07-21', '2012', 0),
(252, 410, 2, 'Hh', '4555', '35', '335', 'black', '', '2020-07-22', '', 0),
(253, 411, 2, 'Q', '42053', '59', '524', 'white', '', '2020-07-22', '2016', 0),
(254, 411, 2, 'D', '96162', '45', '446', 'brown', '', '2020-07-22', '2016', 0),
(256, 412, 2, 'M', '29531', '27', '270', 'black', '', '2020-07-22', '', 0),
(259, 413, 3, 'G', '6', '4', '41', 'black', '', '2020-07-23', '2016', 0),
(260, 103, 4, 'Y', '2515', '7', '85', 'grey', '', '2020-07-23', '2010', 0),
(263, 256, 2, 'M', '68472', '12', '138', 'grey', '', '2020-07-23', '2012', 0),
(276, 429, 2, 'G', '17014', '35', '327', 'black', '', '2020-07-25', '2008', NULL),
(278, 107, 4, 'R', '55', '51', '482', 'brown', '', '2020-07-26', '2008', NULL),
(281, 432, 2, 'T', '87761', '35', '331', 'grey', '', '2020-07-26', '2017', NULL),
(282, 434, 2, 'C', '98177', '16', '166', 'black', '', '2020-07-26', '2014', NULL),
(283, 435, 6, 'j', '14169', '35', '333', 'white', '', '2020-07-27', '2011', NULL),
(284, 436, 2, 'T', '76533', '67', '667', 'white', '', '2020-07-27', '2019', NULL),
(285, 437, 2, 'G', '47502', '27', '283', 'black', '', '2020-07-27', '2013', NULL),
(286, 438, 2, 'O', '83781', '27', '277', 'white', '', '2020-07-27', '2014', NULL),
(287, 439, 2, 'O', '41524', '67', '679', 'white', '', '2020-07-27', '2009', NULL),
(288, 440, 2, 'Q', '36314', '7', '108', 'white', '', '2020-07-27', '2011', NULL),
(289, 440, 2, 'S', '31907', '80', '768', 'black', '', '2020-07-27', '2008', NULL),
(290, 440, 2, 'Q', '46076', '27', '266', 'black', '', '2020-07-27', '2011', NULL),
(291, 441, 2, 'U', '38459', '87', '817', 'grey', '', '2020-07-27', '2018', NULL),
(292, 103, 4, 'H', '5855', '67', '661', 'grey', '', '2020-07-27', '2012', 0),
(293, 442, 2, 'V', '45315', '16', '166', 'silver', '', '2020-07-27', '2016', NULL),
(294, 442, 2, 'Q', '22609', '67', '681', 'green', '', '2020-07-27', '2016', NULL),
(295, 350, 2, 'L', '47497', '39', '395', 'white', '', '2020-07-28', '2016', NULL),
(296, 445, 2, 'HH', '8239', '45', '444', 'black', '', '2020-07-29', '2012', 0),
(297, 446, 6, 'Q', '29093', '67', '659', 'grey', '', '2020-07-29', '2013', 0),
(298, 448, 2, 'H', '77608', '38', '353', 'grey', '', '2020-07-29', '2015', 0),
(299, 449, 2, '123', '123', '35', '334', 'black', '', '2020-07-29', '2011', 0),
(300, 450, 2, 'P', '61207', '35', '333', 'black', '', '2020-07-30', '2014', 1),
(301, 452, 2, 'P', '20974', '35', '341', 'other', '', '2020-07-30', '2015', 1),
(302, 453, 2, 'M', '23784', '39', '393', 'white', '', '2020-07-30', '2008', 1),
(303, 454, 2, 'F', '66962', '67', '672', 'white', '', '2020-07-30', '2016', 1),
(304, 454, 2, 'E', '13820', '65', '649', 'white', '', '2020-07-30', '2014', 1),
(305, 455, 2, 'C', '31425', '87', '814', 'white', '', '2020-07-30', '2015', 1),
(306, 455, 2, 'C ', '50870', '89', '869', 'silver', '', '2020-07-30', '2012', 0),
(307, 456, 6, 'P', '17042', '67', '670', 'white', '', '2020-07-30', '2014', 1),
(308, 457, 2, 'V', '88910', '67', '678', 'white', '', '2020-07-30', '2012', 0),
(309, 457, 2, 'D', '52369', '75', '730', 'black', '', '2020-07-30', '2016', 0),
(310, 457, 2, 'V', '56358', '75', '730', 'black', '', '2020-07-30', '2015', 0),
(311, 458, 3, 'B', '58763', '87', '817', 'white', '', '2020-07-31', '2019', 1),
(313, 460, 2, 'T', '34102', '65', '634', 'silver', '', '2020-07-31', '2017', 1),
(314, 462, 1, '15', '57746', '39', '396', 'white', '', '2020-08-01', '2015', 1),
(315, 463, 1, '9', '90769', '27', '271', 'blue', '', '2020-08-01', '2012', 1),
(316, 464, 2, 'S', '39055', '65', '646', 'grey', '', '2020-08-01', '2016', 1),
(318, 423, 2, 'M', '93280', '35', '331', 'brown', '', '2020-08-01', '2013', 0),
(319, 466, 1, '15', '71696', '65', '634', 'black', '', '2020-08-01', '2013', 0),
(320, 467, 2, 'E', '77567', '32', '318', 'silver', '', '2020-08-02', '2011', 0),
(321, 468, 2, 'E', '39723', '87', '803', 'orange', '', '2020-08-02', '2013', 0),
(323, 112, 2, '15', '32763', '35', '333', 'brown', '', '2020-08-02', '2015', 1),
(324, 471, 2, 'G', '87481', '67', '681', 'grey', '', '2020-08-02', '2015', 1),
(325, 472, 2, 'L', '10048', '22', '224', 'red', '', '2020-08-02', '2014', 0),
(326, 472, 6, '2', '21813', '38', '369', 'red', '', '2020-08-02', '2012', 0),
(327, 473, 2, 'S', '98678', '7', '108', 'white', '', '2020-08-03', '2012', 0),
(328, 474, 2, 'J', '39441', '39', '382', 'silver', '', '2020-08-03', '2007', 0),
(329, 475, 2, 'I', '45499', '67', '672', 'white', '', '2020-08-03', '2016', 1),
(330, 476, 2, 'T', '10588', '67', '677', 'white', '', '2020-08-03', '2017', 0),
(331, 477, 2, 'h', '78739', '59', '531', 'red', '', '2020-08-03', '2014', 0),
(332, 419, 2, 'F', '46676', '51', '480', 'white', '', '2020-08-04', '2011', 0),
(333, 424, 1, 'Qrat', '5454', '38', '360', 'white', '', '2020-08-04', '2012', 0),
(334, 421, 2, 'Teet', '2124', '35', '334', 'white', '', '2020-08-04', '2012', 0),
(335, 478, 2, '12643', '28163', '7', '108', 'grey', '', '2020-08-04', '2010', 1),
(336, 482, 2, 'G', '72901', '61', '556', 'black', '', '2020-08-04', '2012', 0),
(337, 484, 2, 'P', '33978', '65', '642', 'red', '', '2020-08-04', '2014', 0),
(338, 485, 2, 'F', '25043', '87', '828', 'silver', '', '2020-08-04', '2011', 0),
(339, 486, 2, 'L', '98100', '27', '270', 'black', '', '2020-08-04', '2010', 1),
(340, 486, 2, 'L', '98200', '88', '836', 'black', '', '2020-08-04', '2015', 0),
(341, 488, 2, 'U', '78660', '51', '485', 'silver', '', '2020-08-04', '2008', 1),
(342, 489, 2, 'N', '84739', '65', '634', 'grey', '', '2020-08-05', '2013', 1),
(343, 490, 6, 'K', '53769', '45', '448', 'white', '', '2020-08-05', '2011', 1),
(344, 491, 2, 'D', '36830', '59', '526', 'silver', '', '2020-08-05', '2014', 0),
(345, 492, 2, 'L', '7537', '7', '102', 'white', '', '2020-08-05', '2013', 0),
(346, 493, 2, 'R', '23557', '67', '659', 'other', '', '2020-08-05', '2012', 0),
(347, 495, 4, '18', '56461', '51', '476', 'white', '', '2020-08-05', '2016', 0),
(348, 113, 1, '17', '97248', '27', '270', 'green', '', '2020-08-05', '2013', 0),
(349, 497, 2, 'Q', '43698', '87', '808', 'white', '', '2020-08-05', '2012', 0),
(350, 500, 2, 'I', '73791', '22', '221', 'white', '', '2020-08-05', '2007', 0),
(351, 107, 3, 'G', '6666', '22', '221', 'white', '', '2020-08-06', '2007', 0),
(352, 503, 2, 'R', '76900', '12', '138', 'white', '', '2020-08-06', '2013', 1),
(353, 503, 2, 'P', '76900', '27', '271', 'black', '', '2020-08-06', '2009', 1),
(354, 507, 2, 'S', '27433', '22', '224', 'white', '', '2020-08-06', '2007', 0),
(355, 507, 2, 'R', '51641', '27', '266', 'silver', '', '2020-08-06', '2013', 1),
(357, 508, 2, 'M', '69007', '16', '171', 'silver', '', '2020-08-06', '2016', 0),
(358, 231, 1, '8', '38454', '61', '589', 'white', '', '2020-08-07', '2008', 0),
(359, 509, 2, 'A', '70838', '39', '386', 'black', '', '2020-08-07', '2017', 0),
(360, 511, 2, 'E', '34258', '45', '435', 'black', '', '2020-08-07', '2011', 0),
(361, 511, 2, 'N', '18379', '7', '108', 'white', '', '2020-08-07', '2011', 1),
(362, 512, 2, 'L', '94003', '50', '466', 'black', '', '2020-08-08', '2008', 1),
(363, 513, 2, 'N', '22824', '35', '327', 'red', '', '2020-08-08', '2009', 0),
(364, 453, 2, 'J', '78969', '87', '823', 'white', '', '2020-08-08', '2018', 0),
(365, 516, 2, 'D', '33040', '12', '138', 'white', '', '2020-08-08', '2014', 1),
(366, 518, 2, 'Durar Duba', '402 A', '65', '637', 'red', '', '2020-08-09', '2018', 1),
(367, 519, 2, 'U', '26381', '87', '808', 'white', '', '2020-08-09', '2015', 0),
(368, 520, 2, 'P', '82429', '87', '808', 'white', '', '2020-08-09', '2011', 0),
(369, 521, 2, 'K', '31885', '87', '808', 'silver', '', '2020-08-09', '2006', 0),
(370, 523, 1, '8', '52974', '7', '79', 'white', '', '2020-08-10', '2012', 0),
(371, 430, 2, 'B', '5674', '61', '596', 'other', '', '2020-08-10', '2002', 0),
(372, 430, 2, 'F', '6733', '44', '425', 'silver', '', '2020-08-10', '1998', 0),
(374, 524, 3, 'X', '123', '4', '40', 'orange', '', '2020-08-10', '2012', 0),
(375, 527, 2, 'J', '49211', '65', '642', 'silver', '', '2020-08-11', '2016', 0),
(376, 528, 2, 'L', '52504', '67', '659', 'skyblue', '', '2020-08-11', '2010', 0),
(377, 529, 2, 'Q', '85880', '16', '171', 'brown', '', '2020-08-11', '2013', 0),
(381, 512, 2, 'N', '85330', '27', '266', 'grey', '', '2020-08-11', '2012', 0),
(382, 107, 2, 'R', '123456', '27', '266', 'white', '', '2020-08-11', '2014', 0),
(383, 534, 2, 'O', '9365', '67', '656', 'blue', '', '2020-08-12', '2009', 0),
(384, 453, 2, 'P', '689781', '87', '812', 'white', '', '2020-08-12', '2016', 0),
(385, 483, 2, 'L', '53567', '7', '88', 'grey', '', '2020-08-12', '2009', 0),
(386, 539, 6, 'M', '50513', '32', '316', 'other', '', '2020-08-13', '2013', 1),
(387, 542, 2, 'K', '58019', '44', '425', 'black', '', '2020-08-13', '2011', 1),
(388, 543, 7, 'A', '85147', '67', '679', 'white', '', '2020-08-13', '2008', 0),
(389, 544, 2, 'N', '17126', '39', '377', 'black', '', '2020-08-14', '2011', 0),
(390, 547, 2, 'L', '75625', '27', '270', 'other', '', '2020-08-14', '2005', 1),
(391, 549, 2, 'P', '29394', '65', '638', 'white', '', '2020-08-15', '2011', 0),
(392, 510, 2, 'K', '71957', '27', '266', 'white', '', '2020-08-15', '2011', 1),
(393, 551, 2, 'H', '98394', '67', '661', 'white', '', '2020-08-15', '2012', 1),
(394, 551, 1, '7', '66159', '87', '821', 'white', '', '2020-08-15', '2012', 0),
(395, 551, 2, 'V', '64718', '51', '477', 'red', '', '2020-08-15', '2019', 0),
(396, 552, 2, 'R', '96549', '67', '679', 'silver', '', '2020-08-15', '2012', 0),
(397, 553, 2, 'T', '13835', '35', '327', 'white', '', '2020-08-15', '2010', 0),
(398, 556, 2, 'W', '37240', '61', '603', 'white', '', '2020-08-16', '2008', 0),
(399, 557, 6, '1', '792', '16', '188', 'white', '', '2020-08-16', '2014', 1),
(400, 558, 2, 'K', '76432', '35', '333', 'white', '', '2020-08-17', '2009', 1),
(401, 558, 2, 'F', '20170', '27', '274', 'blue', '', '2020-08-17', '2017', 0),
(402, 560, 2, 'I', '53248', '87', '814', 'white', '', '2020-08-17', '2011', 1),
(403, 561, 2, 'M', '71659', '65', '640', 'grey', '', '2020-08-17', '2010', 0),
(404, 107, 1, 'A', '123456', '1', '1', 'white', '', '2020-08-17', '1999', 0),
(405, 565, 2, 'G', '73552', '89', '861', 'blue', '', '2020-08-17', '2008', 1),
(406, 567, 2, 'O', '70791', '67', '670', 'silver', '', '2020-08-18', '2013', 1),
(407, 568, 2, 'H', '43382', '39', '382', 'blue', '', '2020-08-18', '2008', 0),
(408, 570, 2, 'H', '91780', '39', '381', 'grey', '', '2020-08-18', '2013', 0),
(409, 103, 5, 'Y', '25252', '51', '484', 'silver', '', '2020-08-18', '2020', 0),
(410, 572, 2, 'S', '54065', '67', '666', 'white', '', '2020-08-19', '2005', 0),
(411, 577, 1, '9', '99024', '67', '659', 'white', '', '2020-08-19', '2017', 0),
(412, 578, 2, 'q', '12734', '7', '86', 'grey', '', '2020-08-19', '2019', 0),
(413, 580, 2, 'V', '15012', '59', '526', 'grey', '', '2020-08-20', '2018', 0),
(414, 582, 2, 'H', '26264', '51', '485', 'white', '', '2020-08-20', '2013', 1),
(415, 585, 2, 'T', '60628', '51', '479', 'black', '', '2020-08-21', '2009', 0),
(416, 586, 2, 'U', '88472', '67', '672', 'white', '', '2020-08-21', '2014', 1),
(417, 587, 2, 'J', '48078', '85', '792', 'other', '', '2020-08-21', '2008', 1),
(418, 577, 1, '4', '84660', '44', '425', 'white', '', '2020-08-21', '2018', 0),
(419, 469, 2, 'P', '29149', '35', '331', 'white', '', '2020-08-21', '2016', 0),
(420, 588, 2, 'R', '58683', '87', '808', 'white', '', '2020-08-21', '2015', 0),
(421, 589, 2, 'B', '56612', '87', '814', 'white', '', '2020-08-21', '1996', 0),
(422, 590, 2, 'T', '82193', '67', '659', 'white', '', '2020-08-22', '2014', 0),
(423, 591, 2, 'W', '83370', '59', '524', 'white', '', '2020-08-22', '2018', 0),
(425, 594, 2, 'R', '91278', '59', '526', 'grey', '', '2020-08-22', '2015', 0),
(426, 594, 2, 'O', '93404', '16', '171', 'black', '', '2020-08-22', '2012', 0),
(427, 594, 2, 'O', '93404', '16', '171', 'black', '', '2020-08-22', '2012', 0),
(428, 594, 2, 'O', '93404', '16', '171', 'black', '', '2020-08-22', '2012', 0),
(429, 595, 2, 'V', '51443', '88', '843', 'red', '', '2020-08-22', '2011', 0),
(430, 462, 1, '15', '65972', '65', '649', 'black', '', '2020-08-23', '2015', 0),
(432, 599, 2, 'S', '74621', '16', '171', 'silver', '', '2020-08-24', '2017', 0),
(433, 600, 2, 'C', '41196', '16', '188', 'silver', '', '2020-08-24', '2017', 1),
(434, 601, 2, 'F', '42683', '45', '435', 'white', '', '2020-08-24', '2015', 0),
(435, 602, 2, 'N', '83695', '67', '677', 'black', '', '2020-08-24', '2016', 0),
(436, 371, 4, 'A', '50999', '87', '804', 'white', '', '2020-08-25', '2007', 0),
(437, 604, 2, 'B', '45606', '35', '331', 'grey', '', '2020-08-25', '2017', 0),
(438, 604, 2, 'E', '62225', '87', '814', 'white', '', '2020-08-25', '2012', 1),
(440, 606, 2, 'D', '10161', '87', '817', 'white', '', '2020-08-25', '2014', 1),
(441, 607, 2, 'R', '68621', '4', '36', 'white', '', '2020-08-26', '2010', 0),
(442, 608, 2, 'R', '21003', '7', '88', 'black', '', '2020-08-26', '2008', 0),
(443, 610, 6, '2', '87024', '51', '476', 'black', '', '2020-08-26', '2008', 0),
(444, 611, 2, 'F', '35561', '38', '366', 'blue', '', '2020-08-26', '2013', 0),
(445, 612, 2, 'G', '16043', '87', '809', 'white', '', '2020-08-26', '2009', 1),
(446, 613, 2, 'H', '88025', '87', '828', 'white', '', '2020-08-26', '2012', 0),
(448, 615, 6, '2', '66797', '27', '274', 'blue', '', '2020-08-27', '2013', 0),
(449, 614, 1, '4', '52563', '51', '476', 'white', '', '2020-08-27', '2012', 0),
(450, 616, 2, 'I', '45149', '7', '79', 'black', '', '2020-08-27', '2007', 0),
(451, 617, 2, 'S', '58993', '35', '327', 'silver', '', '2020-08-27', '2015', 0),
(452, 619, 2, 'P', '92415', '87', '828', 'orange', '', '2020-08-28', '2015', 0),
(453, 620, 2, 'I', '85475', '67', '672', 'silver', '', '2020-08-28', '2010', 1),
(454, 622, 2, 'I', '38705', '51', '476', 'white', '', '2020-08-28', '2014', 0),
(455, 621, 2, 'o', '40258', '92', '951', 'grey', '', '2020-08-28', '2019', 0),
(456, 623, 2, 'H', '55236', '12', '136', 'white', '', '2020-08-28', '2011', 1),
(457, 624, 2, 'T', '92817', '7', '104', 'other', '', '2020-08-28', '2011', 1),
(458, 625, 2, 'I', '50730', '35', '333', 'black', '', '2020-08-28', '2007', 1),
(459, 629, 2, 'L', '66367', '88', '837', 'blue', '', '2020-08-29', '2010', 0),
(460, 630, 2, 'N', '5203', '87', '814', 'white', '', '2020-08-29', '2004', 1),
(461, 631, 2, 'V', '46988', '51', '479', 'skyblue', '', '2020-08-30', '2010', 0),
(462, 632, 6, 'N', '65086', '67', '659', 'silver', '', '2020-08-30', '2010', 0),
(463, 633, 2, 'L', '81001', '7', '85', 'white', '', '2020-08-31', '2011', 0),
(464, 634, 2, 'P', '10054', '35', '331', 'white', '', '2020-08-31', '2012', 0),
(465, 635, 2, 'H', '17511', '51', '484', 'white', '', '2020-08-31', '1998', 0),
(466, 636, 2, 'l', '60530', '67', '659', 'white', '', '2020-09-01', '2008', 0),
(467, 637, 2, 'H', '90982', '87', '814', 'blue', '', '2020-09-01', '2000', 1),
(468, 516, 2, 'A', '66263', '7', '108', 'grey', '', '2020-09-01', '2006', 0),
(469, 516, 2, 'A', '66263', '7', '108', 'grey', '', '2020-09-01', '2006', 0),
(470, 638, 2, 'F', '23878', '65', '645', 'blue', '', '2020-09-01', '2019', 0),
(471, 641, 2, 'J', '78818', '67', '666', 'white', '', '2020-09-02', '2014', 0),
(472, 643, 1, '12', '69791', '27', '283', 'red', '', '2020-09-02', '2013', 0),
(473, 645, 6, '/', '88274', '39', '379', 'brown', '', '2020-09-02', '2008', 0),
(474, 647, 1, '14', '81483', '67', '677', 'white', '', '2020-09-03', '2016', 0),
(475, 647, 1, '9', '71553', '16', '187', 'white', '', '2020-09-03', '2006', 1),
(477, 648, 2, 'V', '79250', '59', '526', 'grey', '', '2020-09-03', '2018', 0),
(478, 648, 2, 'R', '48001', '44', '430', 'black', '', '2020-09-03', '2014', 1),
(479, 648, 2, '10', '62770', '87', '808', 'black', '', '2020-09-03', '2006', 0),
(480, 646, 2, 'Q', '50454', '72', '703', 'other', '', '2020-09-04', '2016', 1),
(481, 650, 2, 'S', '46820', '39', '394', 'grey', '', '2020-09-04', '2015', 1),
(482, 651, 2, 'T', '37486', '67', '681', 'white', '', '2020-09-04', '2016', 1),
(483, 655, 1, '16', '13023', '16', '180', 'brown', '', '2020-09-05', '2015', 1),
(484, 657, 2, 'A', '9898', '87', '818', 'black', '', '2020-09-05', '2007', 1),
(485, 661, 2, 'J', '39526', '35', '328', 'red', '', '2020-09-06', '2012', 0),
(486, 662, 6, 'R', '90474', '87', '828', 'silver', '', '2020-09-06', '2006', 0),
(487, 663, 2, 'Q', '68659', '87', '816', 'other', '', '2020-09-06', '2015', 1),
(488, 665, 2, 'P', '4931', '65', '649', 'white', '', '2020-09-07', '2017', 1),
(489, 666, 2, 'T', '47498', '61', '589', 'silver', '', '2020-09-07', '2009', 1),
(490, 667, 2, 'V', '46988', '51', '479', 'skyblue', '', '2020-09-07', '2010', 0),
(491, 669, 5, 'A', '87555', '87', '814', 'grey', '', '2020-09-07', '2016', 1),
(492, 669, 5, 'A', '68896', '65', '649', 'white', '', '2020-09-07', '2012', 1),
(493, 671, 2, 'G', '54560', '88', '843', 'brown', '', '2020-09-08', '2014', 0),
(494, 674, 2, 'F', '92851', '16', '171', 'other', '', '2020-09-08', '2013', 0),
(495, 676, 2, 'U', '16483', '27', '280', 'silver', '', '2020-09-08', '2012', 0),
(497, 296, 2, 'O', '36818', '67', '659', 'white', '', '2020-09-09', '2011', 0),
(499, 681, 6, '2', '85684', '67', '659', 'white', '', '2020-09-10', '2014', 0),
(500, 682, 2, 'T', '83919', '50', '468', 'white', '', '2020-09-10', '2012', 0),
(501, 683, 4, 'C', '35227', '87', '810', 'grey', '', '2020-09-11', '2013', 1),
(502, 684, 2, 'H', '59087', '88', '841', 'grey', '', '2020-09-11', '2012', 0),
(503, 687, 2, 'F', '34185', '27', '267', 'orange', '', '2020-09-11', '2014', 1),
(504, 620, 2, 'S', '15647', '67', '667', 'grey', '', '2020-09-12', '2015', 0),
(505, 690, 2, 'Q', '43550', '38', '373', 'white', '', '2020-09-13', '2015', 0),
(506, 211, 2, 'D', '58454', '67', '661', 'blue', '', '2020-09-14', '2017', 0),
(507, 211, 2, 'D', '58454', '67', '661', 'blue', '', '2020-09-14', '2017', 0),
(508, 340, 2, 'R', '64521', '87', '807', 'white', '', '2020-09-14', '2016', 0),
(509, 695, 2, 'L', '49080', '87', '807', 'white', '', '2020-09-15', '2009', 0),
(510, 695, 2, 'Q', '43698', '87', '808', 'white', '', '2020-09-15', '2012', 0),
(511, 104, NULL, 'Test', '123', 'undefined', '440', NULL, '', '2020-11-05', '2012', 0),
(514, 104, NULL, 'Aggs', '6565', '38', '354', NULL, '', '2020-11-11', '2012', 0),
(517, 698, NULL, 'Test', '4676', '39', '383', NULL, '', '2020-11-11', '2012', 0),
(518, 699, NULL, '123', '3692', '27', '269', NULL, '', '2020-11-12', '2012', 0),
(519, 104, NULL, '362', 'Uutt', '35', '333', NULL, '', '2020-11-13', '2010', 1),
(520, 107, NULL, '', '', '38', '355', NULL, '', '2020-12-05', '2012', 0),
(522, 702, 4, '500', '192.168.1.', '35', '334', 'blue', '', '2021-02-09', '2015', 1),
(523, 704, 3, '7484)4', '192.168.1.', '32', '318', 'skyblue', '', '2021-02-09', '2013', 0);

-- --------------------------------------------------------

--
-- Table structure for table `vendor_cat`
--

CREATE TABLE `vendor_cat` (
  `id` int(11) NOT NULL,
  `u_id` int(11) NOT NULL,
  `vendor_type` int(11) NOT NULL
) ENGINE=InnoDB DEFAULT CHARSET=latin1;

--
-- Dumping data for table `vendor_cat`
--

INSERT INTO `vendor_cat` (`id`, `u_id`, `vendor_type`) VALUES
(4, 696, 1),
(5, 44, 7),
(6, 44, 8),
(7, 5, 2),
(8, 5, 2),
(9, 5, 7),
(10, 5, 8),
(11, 5, 7),
(12, 5, 8),
(13, 11, 7),
(14, 11, 8),
(15, 11, 7),
(16, 11, 8),
(17, 11, 7),
(18, 11, 8),
(19, 11, 7),
(20, 11, 8),
(21, 11, 7),
(22, 11, 8),
(23, 12, 7),
(24, 12, 8),
(25, 13, 7),
(26, 13, 8),
(27, 13, 7),
(28, 14, 8),
(29, 14, 8),
(30, 14, 7),
(31, 14, 8),
(32, 25, 7),
(33, 25, 8),
(34, 26, 7),
(35, 26, 8),
(36, 27, 7),
(37, 27, 8),
(38, 27, 7),
(39, 27, 8),
(40, 39, 7),
(41, 39, 8),
(42, 41, 7),
(43, 41, 8),
(44, 43, 7),
(45, 43, 8),
(46, 45, 7),
(47, 45, 8),
(48, 47, 7),
(49, 47, 8),
(50, 50, 7),
(51, 51, 7),
(52, 53, 13),
(53, 53, 14),
(54, 53, 15),
(55, 62, 7),
(56, 62, 8),
(57, 62, 7),
(58, 62, 8);

-- --------------------------------------------------------

--
-- Table structure for table `vendor_type`
--

CREATE TABLE `vendor_type` (
  `id` int(11) NOT NULL,
  `name` text NOT NULL
) ENGINE=InnoDB DEFAULT CHARSET=latin1;

--
-- Dumping data for table `vendor_type`
--

INSERT INTO `vendor_type` (`id`, `name`) VALUES
(1, 'Uniform'),
(2, 'Brand Cap'),
(3, 'Hydraulic Jack'),
(4, 'Car Creeper'),
(5, 'Undercar Mat'),
(6, 'High Power LED Torch');

--
-- Indexes for dumped tables
--

--
-- Indexes for table `brand_details`
--
ALTER TABLE `brand_details`
  ADD PRIMARY KEY (`brand_id`);

--
-- Indexes for table `cards`
--
ALTER TABLE `cards`
  ADD PRIMARY KEY (`id`);

--
-- Indexes for table `car_made`
--
ALTER TABLE `car_made`
  ADD PRIMARY KEY (`made_id`);

--
-- Indexes for table `car_model`
--
ALTER TABLE `car_model`
  ADD PRIMARY KEY (`model_id`);

--
-- Indexes for table `car_type`
--
ALTER TABLE `car_type`
  ADD PRIMARY KEY (`id`);

--
-- Indexes for table `category`
--
ALTER TABLE `category`
  ADD PRIMARY KEY (`id`);

--
-- Indexes for table `complain_query`
--
ALTER TABLE `complain_query`
  ADD PRIMARY KEY (`complain_id`);

--
-- Indexes for table `driver_locations`
--
ALTER TABLE `driver_locations`
  ADD PRIMARY KEY (`driver_location_id`);

--
-- Indexes for table `feedbackquestion`
--
ALTER TABLE `feedbackquestion`
  ADD PRIMARY KEY (`id`);

--
-- Indexes for table `general`
--
ALTER TABLE `general`
  ADD PRIMARY KEY (`id`);

--
-- Indexes for table `itemprices`
--
ALTER TABLE `itemprices`
  ADD PRIMARY KEY (`itempriceid`);

--
-- Indexes for table `jobs_msgs`
--
ALTER TABLE `jobs_msgs`
  ADD PRIMARY KEY (`msg_id`);

--
-- Indexes for table `location`
--
ALTER TABLE `location`
  ADD PRIMARY KEY (`location_id`);

--
-- Indexes for table `main_menu`
--
ALTER TABLE `main_menu`
  ADD PRIMARY KEY (`id`);

--
-- Indexes for table `notifications`
--
ALTER TABLE `notifications`
  ADD PRIMARY KEY (`noti_id`);

--
-- Indexes for table `orders`
--
ALTER TABLE `orders`
  ADD PRIMARY KEY (`order_id`);

--
-- Indexes for table `order_details`
--
ALTER TABLE `order_details`
  ADD PRIMARY KEY (`order_detail_id`);

--
-- Indexes for table `order_process_status`
--
ALTER TABLE `order_process_status`
  ADD PRIMARY KEY (`process_id`);

--
-- Indexes for table `promocode`
--
ALTER TABLE `promocode`
  ADD PRIMARY KEY (`id`);

--
-- Indexes for table `referralcode`
--
ALTER TABLE `referralcode`
  ADD PRIMARY KEY (`id`);

--
-- Indexes for table `snaps`
--
ALTER TABLE `snaps`
  ADD PRIMARY KEY (`snap_id`);

--
-- Indexes for table `states`
--
ALTER TABLE `states`
  ADD PRIMARY KEY (`state_id`);

--
-- Indexes for table `submenu`
--
ALTER TABLE `submenu`
  ADD PRIMARY KEY (`id`);

--
-- Indexes for table `surveys`
--
ALTER TABLE `surveys`
  ADD PRIMARY KEY (`survey_id`);

--
-- Indexes for table `survey_details`
--
ALTER TABLE `survey_details`
  ADD PRIMARY KEY (`survey_details_id`);

--
-- Indexes for table `timeslot`
--
ALTER TABLE `timeslot`
  ADD PRIMARY KEY (`id`);

--
-- Indexes for table `timeslotprice`
--
ALTER TABLE `timeslotprice`
  ADD PRIMARY KEY (`timeslotpriceid`);

--
-- Indexes for table `type`
--
ALTER TABLE `type`
  ADD PRIMARY KEY (`id`);

--
-- Indexes for table `users`
--
ALTER TABLE `users`
  ADD PRIMARY KEY (`u_id`);

--
-- Indexes for table `user_rights`
--
ALTER TABLE `user_rights`
  ADD PRIMARY KEY (`id`);

--
-- Indexes for table `vehicles`
--
ALTER TABLE `vehicles`
  ADD PRIMARY KEY (`vehicle_id`);

--
-- Indexes for table `vendor_cat`
--
ALTER TABLE `vendor_cat`
  ADD PRIMARY KEY (`id`);

--
-- Indexes for table `vendor_type`
--
ALTER TABLE `vendor_type`
  ADD PRIMARY KEY (`id`);

--
-- AUTO_INCREMENT for dumped tables
--

--
-- AUTO_INCREMENT for table `brand_details`
--
ALTER TABLE `brand_details`
  MODIFY `brand_id` int(11) NOT NULL AUTO_INCREMENT, AUTO_INCREMENT=1043;

--
-- AUTO_INCREMENT for table `cards`
--
ALTER TABLE `cards`
  MODIFY `id` int(11) NOT NULL AUTO_INCREMENT, AUTO_INCREMENT=3;

--
-- AUTO_INCREMENT for table `car_made`
--
ALTER TABLE `car_made`
  MODIFY `made_id` int(11) NOT NULL AUTO_INCREMENT, AUTO_INCREMENT=93;

--
-- AUTO_INCREMENT for table `car_model`
--
ALTER TABLE `car_model`
  MODIFY `model_id` int(11) NOT NULL AUTO_INCREMENT, AUTO_INCREMENT=953;

--
-- AUTO_INCREMENT for table `car_type`
--
ALTER TABLE `car_type`
  MODIFY `id` int(11) NOT NULL AUTO_INCREMENT, AUTO_INCREMENT=3;

--
-- AUTO_INCREMENT for table `category`
--
ALTER TABLE `category`
  MODIFY `id` int(11) NOT NULL AUTO_INCREMENT, AUTO_INCREMENT=16;

--
-- AUTO_INCREMENT for table `complain_query`
--
ALTER TABLE `complain_query`
  MODIFY `complain_id` int(11) NOT NULL AUTO_INCREMENT, AUTO_INCREMENT=32;

--
-- AUTO_INCREMENT for table `driver_locations`
--
ALTER TABLE `driver_locations`
  MODIFY `driver_location_id` int(11) NOT NULL AUTO_INCREMENT, AUTO_INCREMENT=538;

--
-- AUTO_INCREMENT for table `feedbackquestion`
--
ALTER TABLE `feedbackquestion`
  MODIFY `id` int(11) NOT NULL AUTO_INCREMENT, AUTO_INCREMENT=11;

--
-- AUTO_INCREMENT for table `general`
--
ALTER TABLE `general`
  MODIFY `id` int(11) NOT NULL AUTO_INCREMENT, AUTO_INCREMENT=2;

--
-- AUTO_INCREMENT for table `itemprices`
--
ALTER TABLE `itemprices`
  MODIFY `itempriceid` int(11) NOT NULL AUTO_INCREMENT, AUTO_INCREMENT=964;

--
-- AUTO_INCREMENT for table `jobs_msgs`
--
ALTER TABLE `jobs_msgs`
  MODIFY `msg_id` int(11) NOT NULL AUTO_INCREMENT, AUTO_INCREMENT=200;

--
-- AUTO_INCREMENT for table `location`
--
ALTER TABLE `location`
  MODIFY `location_id` int(11) NOT NULL AUTO_INCREMENT, AUTO_INCREMENT=351;

--
-- AUTO_INCREMENT for table `main_menu`
--
ALTER TABLE `main_menu`
  MODIFY `id` int(2) NOT NULL AUTO_INCREMENT, AUTO_INCREMENT=3;

--
-- AUTO_INCREMENT for table `notifications`
--
ALTER TABLE `notifications`
  MODIFY `noti_id` int(11) NOT NULL AUTO_INCREMENT, AUTO_INCREMENT=8;

--
-- AUTO_INCREMENT for table `orders`
--
ALTER TABLE `orders`
  MODIFY `order_id` int(11) NOT NULL AUTO_INCREMENT, AUTO_INCREMENT=580;

--
-- AUTO_INCREMENT for table `order_details`
--
ALTER TABLE `order_details`
  MODIFY `order_detail_id` int(11) NOT NULL AUTO_INCREMENT, AUTO_INCREMENT=418;

--
-- AUTO_INCREMENT for table `order_process_status`
--
ALTER TABLE `order_process_status`
  MODIFY `process_id` int(11) NOT NULL AUTO_INCREMENT, AUTO_INCREMENT=465;

--
-- AUTO_INCREMENT for table `promocode`
--
ALTER TABLE `promocode`
  MODIFY `id` int(11) NOT NULL AUTO_INCREMENT, AUTO_INCREMENT=108;

--
-- AUTO_INCREMENT for table `referralcode`
--
ALTER TABLE `referralcode`
  MODIFY `id` int(11) NOT NULL AUTO_INCREMENT, AUTO_INCREMENT=12;

--
-- AUTO_INCREMENT for table `snaps`
--
ALTER TABLE `snaps`
  MODIFY `snap_id` int(11) NOT NULL AUTO_INCREMENT, AUTO_INCREMENT=72;

--
-- AUTO_INCREMENT for table `states`
--
ALTER TABLE `states`
  MODIFY `state_id` int(11) NOT NULL AUTO_INCREMENT, AUTO_INCREMENT=8;

--
-- AUTO_INCREMENT for table `submenu`
--
ALTER TABLE `submenu`
  MODIFY `id` int(3) NOT NULL AUTO_INCREMENT, AUTO_INCREMENT=44;

--
-- AUTO_INCREMENT for table `surveys`
--
ALTER TABLE `surveys`
  MODIFY `survey_id` int(11) NOT NULL AUTO_INCREMENT, AUTO_INCREMENT=27;

--
-- AUTO_INCREMENT for table `survey_details`
--
ALTER TABLE `survey_details`
  MODIFY `survey_details_id` int(11) NOT NULL AUTO_INCREMENT, AUTO_INCREMENT=29;

--
-- AUTO_INCREMENT for table `timeslot`
--
ALTER TABLE `timeslot`
  MODIFY `id` int(11) NOT NULL AUTO_INCREMENT, AUTO_INCREMENT=18;

--
-- AUTO_INCREMENT for table `timeslotprice`
--
ALTER TABLE `timeslotprice`
  MODIFY `timeslotpriceid` int(11) NOT NULL AUTO_INCREMENT, AUTO_INCREMENT=67;

--
-- AUTO_INCREMENT for table `type`
--
ALTER TABLE `type`
  MODIFY `id` int(11) NOT NULL AUTO_INCREMENT, AUTO_INCREMENT=5;

--
-- AUTO_INCREMENT for table `users`
--
ALTER TABLE `users`
  MODIFY `u_id` int(11) NOT NULL AUTO_INCREMENT, AUTO_INCREMENT=64;

--
-- AUTO_INCREMENT for table `user_rights`
--
ALTER TABLE `user_rights`
  MODIFY `id` int(11) NOT NULL AUTO_INCREMENT, AUTO_INCREMENT=222;

--
-- AUTO_INCREMENT for table `vehicles`
--
ALTER TABLE `vehicles`
  MODIFY `vehicle_id` int(11) NOT NULL AUTO_INCREMENT, AUTO_INCREMENT=524;

--
-- AUTO_INCREMENT for table `vendor_cat`
--
ALTER TABLE `vendor_cat`
  MODIFY `id` int(11) NOT NULL AUTO_INCREMENT, AUTO_INCREMENT=59;

--
-- AUTO_INCREMENT for table `vendor_type`
--
ALTER TABLE `vendor_type`
  MODIFY `id` int(11) NOT NULL AUTO_INCREMENT, AUTO_INCREMENT=7;
COMMIT;

/*!40101 SET CHARACTER_SET_CLIENT=@OLD_CHARACTER_SET_CLIENT */;
/*!40101 SET CHARACTER_SET_RESULTS=@OLD_CHARACTER_SET_RESULTS */;
/*!40101 SET COLLATION_CONNECTION=@OLD_COLLATION_CONNECTION */;
